date,year,zone,state,state_hindi,fci_rice,fci_wheat,fci_total,state_rice,state_wheat,state_total,central_rice,central_wheat,central_total
2012-04-01,2012,South Zone,Andhra Pradesh,आन्ध्र प्रदेश,48.63,0.95,49.58,4.14,0.0,4.14,52.77,0.95,53.72
2012-04-01,2012,North-East Zone,Arunachal Pradesh,अरुणाचल प्रदेश,0.03,0.01,0.04,0.0,0.0,0.0,0.03,0.01,0.04
2012-04-01,2012,North-East Zone,Assam,असम,1.35,0.31,1.66,0.0,0.0,0.0,1.35,0.31,1.66
2012-04-01,2012,East Zone,Bihar,बिहार,2.52,0.83,3.35,11.25,0.86,12.11,13.77,1.69,15.46
2012-04-01,2012,West Zone,Chhattisgarh,छत्तीसगढ,8.91,0.52,9.43,18.79,0.0,18.79,27.7,0.52,28.22
2012-04-01,2012,North Zone,Delhi,दिल्ली,0.27,1.85,2.12,0.0,0.0,0.0,0.27,1.85,2.12
2012-04-01,2012,West Zone,Gujarat,गुजरात,1.43,4.25,5.68,0.0,0.07,0.07,1.43,4.32,5.75
2012-04-01,2012,North Zone,Haryana,हरियाणा,14.74,8.18,22.92,3.74,42.31,46.05,18.48,50.49,68.97
2012-04-01,2012,North Zone,Himachal Pradesh,हिमाचल प्रदेश,0.04,0.09,0.13,0.0,0.0,0.0,0.04,0.09,0.13
2012-04-01,2012,North Zone,Jammu & Kashmir,जम्मू और कश्मीर,0.42,0.31,0.73,0.0,0.0,0.0,0.42,0.31,0.73
2012-04-01,2012,East Zone,Jharkhand,झारखण्ड,1.11,0.11,1.22,0.0,0.0,0.0,1.11,0.11,1.22
2012-04-01,2012,South Zone,Karnataka,कर्नाटक,7.21,1.31,8.52,2.99,0.0,2.99,10.2,1.31,11.51
2012-04-01,2012,South Zone,Kerala,केरल,3.41,0.67,4.08,1.47,0.0,1.47,4.88,0.67,5.55
2012-04-01,2012,West Zone,Madhya Pradesh,मध्य प्रदेश,0.47,2.87,3.34,6.93,16.37,23.3,7.4,19.24,26.64
2012-04-01,2012,West Zone,Maharashtra,महाराष्ट्र,7.4,8.06,15.46,2.36,0.0,2.36,9.76,8.06,17.82
2012-04-01,2012,North-East Zone,Manipur,मणिपुर,0.11,0.02,0.13,0.0,0.0,0.0,0.11,0.02,0.13
2012-04-01,2012,North-East Zone,Meghalaya,मेघालय,0.14,0.01,0.15,0.0,0.0,0.0,0.14,0.01,0.15
2012-04-01,2012,North-East Zone,Mizoram,मिजोरम,0.1,0.0,0.1,0.0,0.0,0.0,0.1,0.0,0.1
2012-04-01,2012,North-East Zone,Nagaland,नागालैंड,0.2,0.0,0.2,0.0,0.0,0.0,0.2,0.0,0.2
2012-04-01,2012,East Zone,Odisha,ओडिशा,2.52,1.45,3.97,16.52,0.0,16.52,19.04,1.45,20.49
2012-04-01,2012,North Zone,Punjab,पंजाब,66.78,3.76,70.54,39.63,61.25,100.88,106.41,65.01,171.42
2012-04-01,2012,North Zone,Rajasthan,राजस्थान,0.37,18.99,19.36,0.0,0.0,0.0,0.37,18.99,19.36
2012-04-01,2012,South Zone,Tamil Nadu,तमिलनाडु,8.16,1.02,9.18,11.83,0.0,11.83,19.99,1.02,21.01
2012-04-01,2012,South Zone,Telangana,तेलंगाना,0.0,0.0,0.0,0.0,0.0,0.0,0.0,0.0,0.0
2012-04-01,2012,North-East Zone,Tripura,त्रिपुरा,0.2,0.05,0.25,0.0,0.0,0.0,0.2,0.05,0.25
2012-04-01,2012,North Zone,Uttar Pradesh,उत्तर प्रदेश,21.67,15.2,36.87,3.83,0.0,3.83,25.5,15.2,40.7
2012-04-01,2012,North Zone,Uttarakhand,उत्तराखण्ड,1.28,0.46,1.74,0.76,0.0,0.76,2.04,0.46,2.5
2012-04-01,2012,East Zone,West Bengal,पश्चिम बंगाल,3.09,3.75,6.84,3.61,0.0,3.61,6.7,3.75,10.45
2013-04-01,2013,South Zone,Andhra Pradesh,आन्ध्र प्रदेश,35.08,1.85,36.93,10.02,0.0,10.02,45.1,1.85,46.95
2013-04-01,2013,North-East Zone,Arunachal Pradesh,अरुणाचल प्रदेश,0.13,0.01,0.14,0.0,0.0,0.0,0.13,0.01,0.14
2013-04-01,2013,North-East Zone,Assam,असम,1.48,0.34,1.82,0.0,0.0,0.0,1.48,0.34,1.82
2013-04-01,2013,East Zone,Bihar,बिहार,1.57,1.54,3.11,15.13,2.17,17.3,16.7,3.71,20.41
2013-04-01,2013,West Zone,Chhattisgarh,छत्तीसगढ,4.15,0.51,4.66,37.94,0.0,37.94,42.09,0.51,42.6
2013-04-01,2013,North Zone,Delhi,दिल्ली,0.38,1.26,1.64,0.0,0.0,0.0,0.38,1.26,1.64
2013-04-01,2013,West Zone,Gujarat,गुजरात,0.8,6.2,7.0,0.0,0.0,0.0,0.8,6.2,7.0
2013-04-01,2013,North Zone,Haryana,हरियाणा,14.93,11.47,26.4,9.81,52.05,61.86,24.74,63.52,88.26
2013-04-01,2013,North Zone,Himachal Pradesh,हिमाचल प्रदेश,0.04,0.17,0.21,0.0,0.0,0.0,0.04,0.17,0.21
2013-04-01,2013,North Zone,Jammu & Kashmir,जम्मू और कश्मीर,0.46,0.18,0.64,0.0,0.0,0.0,0.46,0.18,0.64
2013-04-01,2013,East Zone,Jharkhand,झारखण्ड,0.76,0.04,0.8,1.58,0.0,1.58,2.34,0.04,2.38
2013-04-01,2013,South Zone,Karnataka,कर्नाटक,5.27,2.59,7.86,0.77,0.0,0.77,6.04,2.59,8.63
2013-04-01,2013,South Zone,Kerala,केरल,1.78,0.99,2.77,0.56,0.0,0.56,2.34,0.99,3.33
2013-04-01,2013,West Zone,Madhya Pradesh,मध्य प्रदेश,0.19,2.92,3.11,10.32,14.37,24.69,10.51,17.29,27.8
2013-04-01,2013,West Zone,Maharashtra,महाराष्ट्र,5.27,12.36,17.63,2.54,0.0,2.54,7.81,12.36,20.17
2013-04-01,2013,North-East Zone,Manipur,मणिपुर,0.23,0.03,0.26,0.0,0.0,0.0,0.23,0.03,0.26
2013-04-01,2013,North-East Zone,Meghalaya,मेघालय,0.2,0.03,0.23,0.0,0.0,0.0,0.2,0.03,0.23
2013-04-01,2013,North-East Zone,Mizoram,मिजोरम,0.1,0.02,0.12,0.0,0.0,0.0,0.1,0.02,0.12
2013-04-01,2013,North-East Zone,Nagaland,नागालैंड,0.34,0.0,0.34,0.0,0.0,0.0,0.34,0.0,0.34
2013-04-01,2013,East Zone,Odisha,ओडिशा,2.5,2.02,4.52,24.35,0.0,24.35,26.85,2.02,28.87
2013-04-01,2013,North Zone,Punjab,पंजाब,78.73,8.77,87.5,37.36,85.17,122.53,116.09,93.94,210.03
2013-04-01,2013,North Zone,Rajasthan,राजस्थान,0.23,16.17,16.4,0.0,0.0,0.0,0.23,16.17,16.4
2013-04-01,2013,South Zone,Tamil Nadu,तमिलनाडु,6.78,1.94,8.72,9.46,0.0,9.46,16.24,1.94,18.18
2013-04-01,2013,South Zone,Telangana,तेलंगाना,0.0,0.0,0.0,0.0,0.0,0.0,0.0,0.0,0.0
2013-04-01,2013,North-East Zone,Tripura,त्रिपुरा,0.38,0.01,0.39,0.0,0.0,0.0,0.38,0.01,0.39
2013-04-01,2013,North Zone,Uttar Pradesh,उत्तर प्रदेश,18.26,10.82,29.08,3.03,0.0,3.03,21.29,10.82,32.11
2013-04-01,2013,North Zone,Uttarakhand,उत्तराखण्ड,1.41,0.34,1.75,0.76,0.0,0.76,2.17,0.34,2.51
2013-04-01,2013,East Zone,West Bengal,पश्चिम बंगाल,2.36,2.96,5.32,3.13,0.0,3.13,5.49,2.96,8.45
2014-04-01,2014,South Zone,Andhra Pradesh,आन्ध्र प्रदेश,17.82,1.03,18.85,11.83,0.0,11.83,29.65,1.03,30.68
2014-04-01,2014,North-East Zone,Arunachal Pradesh,अरुणाचल प्रदेश,0.13,0.01,0.14,0.0,0.0,0.0,0.13,0.01,0.14
2014-04-01,2014,North-East Zone,Assam,असम,1.44,0.3,1.74,0.0,0.0,0.0,1.44,0.3,1.74
2014-04-01,2014,East Zone,Bihar,बिहार,1.9,2.72,4.62,0.0,0.0,0.0,1.9,2.72,4.62
2014-04-01,2014,West Zone,Chhattisgarh,छत्तीसगढ,5.29,0.28,5.57,5.73,0.0,5.73,11.02,0.28,11.3
2014-04-01,2014,North Zone,Delhi,दिल्ली,0.18,1.29,1.47,0.0,0.0,0.0,0.18,1.29,1.47
2014-04-01,2014,West Zone,Gujarat,गुजरात,1.05,4.49,5.54,0.0,0.0,0.0,1.05,4.49,5.54
2014-04-01,2014,North Zone,Haryana,हरियाणा,13.86,9.53,23.39,0.0,19.87,19.87,13.86,29.4,43.26
2014-04-01,2014,North Zone,Himachal Pradesh,हिमाचल प्रदेश,0.08,0.21,0.29,0.0,0.0,0.0,0.08,0.21,0.29
2014-04-01,2014,North Zone,Jammu & Kashmir,जम्मू और कश्मीर,0.87,0.34,1.21,0.0,0.0,0.0,0.87,0.34,1.21
2014-04-01,2014,East Zone,Jharkhand,झारखण्ड,1.06,0.0,1.06,0.0,0.0,0.0,1.06,0.0,1.06
2014-04-01,2014,South Zone,Karnataka,कर्नाटक,4.24,1.23,5.47,0.0,0.0,0.0,4.24,1.23,5.47
2014-04-01,2014,South Zone,Kerala,केरल,2.4,0.93,3.33,1.17,0.0,1.17,3.57,0.93,4.5
2014-04-01,2014,West Zone,Madhya Pradesh,मध्य प्रदेश,0.17,0.99,1.16,0.41,20.29,20.7,0.58,21.28,21.86
2014-04-01,2014,West Zone,Maharashtra,महाराष्ट्र,6.7,6.46,13.16,0.0,0.0,0.0,6.7,6.46,13.16
2014-04-01,2014,North-East Zone,Manipur,मणिपुर,0.13,0.01,0.14,0.0,0.0,0.0,0.13,0.01,0.14
2014-04-01,2014,North-East Zone,Meghalaya,मेघालय,0.12,0.01,0.13,0.0,0.0,0.0,0.12,0.01,0.13
2014-04-01,2014,North-East Zone,Mizoram,मिजोरम,0.1,0.01,0.11,0.0,0.0,0.0,0.1,0.01,0.11
2014-04-01,2014,North-East Zone,Nagaland,नागालैंड,0.24,0.0,0.24,0.0,0.0,0.0,0.24,0.0,0.24
2014-04-01,2014,East Zone,Odisha,ओडिशा,1.89,1.24,3.13,4.9,0.0,4.9,6.79,1.24,8.03
2014-04-01,2014,North Zone,Punjab,पंजाब,86.41,15.41,101.82,0.0,54.67,54.67,86.41,70.08,156.49
2014-04-01,2014,North Zone,Rajasthan,राजस्थान,0.14,12.86,13.0,0.0,0.0,0.0,0.14,12.86,13.0
2014-04-01,2014,South Zone,Tamil Nadu,तमिलनाडु,4.55,3.49,8.04,4.79,0.0,4.79,9.34,3.49,12.83
2014-04-01,2014,South Zone,Telangana,तेलंगाना,0.0,0.0,0.0,0.0,0.0,0.0,0.0,0.0,0.0
2014-04-01,2014,North-East Zone,Tripura,त्रिपुरा,0.15,0.01,0.16,0.0,0.0,0.0,0.15,0.01,0.16
2014-04-01,2014,North Zone,Uttar Pradesh,उत्तर प्रदेश,13.72,13.3,27.02,0.0,0.0,0.0,13.72,13.3,27.02
2014-04-01,2014,North Zone,Uttarakhand,उत्तराखण्ड,1.21,0.37,1.58,0.77,0.0,0.77,1.98,0.37,2.35
2014-04-01,2014,East Zone,West Bengal,पश्चिम बंगाल,0.66,2.2,2.86,3.55,0.0,3.55,4.21,2.2,6.41
2015-04-01,2015,South Zone,Andhra Pradesh,आन्ध्र प्रदेश,11.12,0.54,11.66,2.76,0.0,2.76,13.88,0.54,14.42
2015-04-01,2015,North-East Zone,Arunachal Pradesh,अरुणाचल प्रदेश,0.12,0.0,0.12,0.0,0.0,0.0,0.12,0.0,0.12
2015-04-01,2015,North-East Zone,Assam,असम,1.8,0.61,2.41,0.0,0.0,0.0,1.8,0.61,2.41
2015-04-01,2015,East Zone,Bihar,बिहार,1.92,1.95,3.87,0.0,0.0,0.0,1.92,1.95,3.87
2015-04-01,2015,West Zone,Chhattisgarh,छत्तीसगढ,5.42,0.28,5.7,7.75,0.0,7.75,13.17,0.28,13.45
2015-04-01,2015,North Zone,Delhi,दिल्ली,0.19,2.0,2.19,0.0,0.0,0.0,0.19,2.0,2.19
2015-04-01,2015,West Zone,Gujarat,गुजरात,1.73,4.58,6.31,0.0,0.03,0.03,1.73,4.61,6.34
2015-04-01,2015,North Zone,Haryana,हरियाणा,5.79,18.97,24.76,0.0,6.1,6.1,5.79,25.07,30.86
2015-04-01,2015,North Zone,Himachal Pradesh,हिमाचल प्रदेश,0.11,0.17,0.28,0.0,0.0,0.0,0.11,0.17,0.28
2015-04-01,2015,North Zone,Jammu & Kashmir,जम्मू और कश्मीर,0.7,0.69,1.39,0.0,0.0,0.0,0.7,0.69,1.39
2015-04-01,2015,East Zone,Jharkhand,झारखण्ड,1.21,0.04,1.25,0.0,0.0,0.0,1.21,0.04,1.25
2015-04-01,2015,South Zone,Karnataka,कर्नाटक,3.31,1.33,4.64,0.0,0.0,0.0,3.31,1.33,4.64
2015-04-01,2015,South Zone,Kerala,केरल,3.02,1.28,4.3,0.9,0.0,0.9,3.92,1.28,5.2
2015-04-01,2015,West Zone,Madhya Pradesh,मध्य प्रदेश,0.1,0.72,0.82,3.95,20.19,24.14,4.05,20.91,24.96
2015-04-01,2015,West Zone,Maharashtra,महाराष्ट्र,6.64,8.48,15.12,0.0,0.0,0.0,6.64,8.48,15.12
2015-04-01,2015,North-East Zone,Manipur,मणिपुर,0.28,0.0,0.28,0.0,0.0,0.0,0.28,0.0,0.28
2015-04-01,2015,North-East Zone,Meghalaya,मेघालय,0.27,0.02,0.29,0.0,0.0,0.0,0.27,0.02,0.29
2015-04-01,2015,North-East Zone,Mizoram,मिजोरम,0.21,0.0,0.21,0.0,0.0,0.0,0.21,0.0,0.21
2015-04-01,2015,North-East Zone,Nagaland,नागालैंड,0.31,0.05,0.36,0.0,0.0,0.0,0.31,0.05,0.36
2015-04-01,2015,East Zone,Odisha,ओडिशा,2.35,1.81,4.16,0.0,0.0,0.0,2.35,1.81,4.16
2015-04-01,2015,North Zone,Punjab,पंजाब,55.18,15.99,71.17,0.0,49.86,49.86,55.18,65.85,121.03
2015-04-01,2015,North Zone,Rajasthan,राजस्थान,0.24,12.81,13.05,0.0,0.0,0.0,0.24,12.81,13.05
2015-04-01,2015,South Zone,Tamil Nadu,तमिलनाडु,6.45,1.36,7.81,4.48,0.0,4.48,10.93,1.36,12.29
2015-04-01,2015,South Zone,Telangana,तेलंगाना,2.41,0.48,2.89,8.36,0.0,8.36,10.77,0.48,11.25
2015-04-01,2015,North-East Zone,Tripura,त्रिपुरा,0.24,0.0,0.24,0.0,0.0,0.0,0.24,0.0,0.24
2015-04-01,2015,North Zone,Uttar Pradesh,उत्तर प्रदेश,19.19,13.43,32.62,0.0,0.0,0.0,19.19,13.43,32.62
2015-04-01,2015,North Zone,Uttarakhand,उत्तराखण्ड,1.01,0.46,1.47,0.9,0.0,0.9,1.91,0.46,2.37
2015-04-01,2015,East Zone,West Bengal,पश्चिम बंगाल,0.65,4.72,5.37,5.28,0.0,5.28,5.93,4.72,10.65
2016-04-01,2016,South Zone,Andhra Pradesh,आन्ध्र प्रदेश,3.25,0.18,3.43,18.49,0.0,18.49,21.74,0.18,21.92
2016-04-01,2016,North-East Zone,Arunachal Pradesh,अरुणाचल प्रदेश,0.19,0.0,0.19,0.0,0.0,0.0,0.19,0.0,0.19
2016-04-01,2016,North-East Zone,Assam,असम,2.7,0.23,2.93,0.0,0.0,0.0,2.7,0.23,2.93
2016-04-01,2016,East Zone,Bihar,बिहार,1.4,2.0,3.4,4.68,0.0,4.68,6.08,2.0,8.08
2016-04-01,2016,West Zone,Chhattisgarh,छत्तीसगढ,5.89,0.3,6.19,11.5,0.0,11.5,17.39,0.3,17.69
2016-04-01,2016,North Zone,Delhi,दिल्ली,0.15,1.61,1.76,0.0,0.0,0.0,0.15,1.61,1.76
2016-04-01,2016,West Zone,Gujarat,गुजरात,0.72,4.15,4.87,0.0,0.0,0.0,0.72,4.15,4.87
2016-04-01,2016,North Zone,Haryana,हरियाणा,12.0,16.96,28.96,0.0,3.99,3.99,12.0,20.95,32.95
2016-04-01,2016,North Zone,Himachal Pradesh,हिमाचल प्रदेश,0.1,0.2,0.3,0.0,0.0,0.0,0.1,0.2,0.3
2016-04-01,2016,North Zone,Jammu & Kashmir,जम्मू और कश्मीर,1.27,0.55,1.82,0.0,0.0,0.0,1.27,0.55,1.82
2016-04-01,2016,East Zone,Jharkhand,झारखण्ड,1.55,0.28,1.83,0.0,0.0,0.0,1.55,0.28,1.83
2016-04-01,2016,South Zone,Karnataka,कर्नाटक,5.31,0.93,6.24,0.0,0.0,0.0,5.31,0.93,6.24
2016-04-01,2016,South Zone,Kerala,केरल,3.33,0.87,4.2,0.28,0.0,0.28,3.61,0.87,4.48
2016-04-01,2016,West Zone,Madhya Pradesh,मध्य प्रदेश,0.06,0.44,0.5,3.34,19.53,22.87,3.4,19.97,23.37
2016-04-01,2016,West Zone,Maharashtra,महाराष्ट्र,7.38,8.82,16.2,0.0,0.0,0.0,7.38,8.82,16.2
2016-04-01,2016,North-East Zone,Manipur,मणिपुर,0.32,0.02,0.34,0.0,0.0,0.0,0.32,0.02,0.34
2016-04-01,2016,North-East Zone,Meghalaya,मेघालय,0.19,0.02,0.21,0.0,0.0,0.0,0.19,0.02,0.21
2016-04-01,2016,North-East Zone,Mizoram,मिजोरम,0.18,0.01,0.19,0.0,0.0,0.0,0.18,0.01,0.19
2016-04-01,2016,North-East Zone,Nagaland,नागालैंड,0.28,0.05,0.33,0.0,0.0,0.0,0.28,0.05,0.33
2016-04-01,2016,East Zone,Odisha,ओडिशा,2.48,1.23,3.71,3.4,0.0,3.4,5.88,1.23,7.11
2016-04-01,2016,North Zone,Punjab,पंजाब,74.03,13.98,88.01,0.0,36.39,36.39,74.03,50.37,124.4
2016-04-01,2016,North Zone,Rajasthan,राजस्थान,0.11,12.72,12.83,0.0,0.0,0.0,0.11,12.72,12.83
2016-04-01,2016,South Zone,Tamil Nadu,तमिलनाडु,8.57,0.67,9.24,0.0,0.0,0.0,8.57,0.67,9.24
2016-04-01,2016,South Zone,Telangana,तेलंगाना,2.58,0.21,2.79,7.61,0.0,7.61,10.19,0.21,10.4
2016-04-01,2016,North-East Zone,Tripura,त्रिपुरा,0.23,0.0,0.23,0.0,0.0,0.0,0.23,0.0,0.23
2016-04-01,2016,North Zone,Uttar Pradesh,उत्तर प्रदेश,27.26,10.59,37.85,0.0,0.0,0.0,27.26,10.59,37.85
2016-04-01,2016,North Zone,Uttarakhand,उत्तराखण्ड,0.97,0.47,1.44,0.95,0.0,0.95,1.92,0.47,2.39
2016-04-01,2016,East Zone,West Bengal,पश्चिम बंगाल,1.17,3.69,4.86,4.55,0.0,4.55,5.72,3.69,9.41
2017-04-01,2017,South Zone,Andhra Pradesh,आन्ध्र प्रदेश,3.86,0.1,3.96,18.26,0.0,18.26,22.12,0.1,22.22
2017-04-01,2017,North-East Zone,Arunachal Pradesh,अरुणाचल प्रदेश,0.07,0.0,0.07,0.0,0.0,0.0,0.07,0.0,0.07
2017-04-01,2017,North-East Zone,Assam,असम,1.9,0.04,1.94,0.0,0.0,0.0,1.9,0.04,1.94
2017-04-01,2017,East Zone,Bihar,बिहार,1.21,1.01,2.22,5.69,0.0,5.69,6.9,1.01,7.91
2017-04-01,2017,West Zone,Chhattisgarh,छत्तीसगढ,5.41,0.25,5.66,10.77,0.0,10.77,16.18,0.25,16.43
2017-04-01,2017,North Zone,Delhi,दिल्ली,0.31,1.71,2.02,0.0,0.0,0.0,0.31,1.71,2.02
2017-04-01,2017,West Zone,Gujarat,गुजरात,1.58,2.4,3.98,0.0,0.01,0.01,1.58,2.41,3.99
2017-04-01,2017,North Zone,Haryana,हरियाणा,18.23,10.15,28.38,0.0,2.22,2.22,18.23,12.37,30.6
2017-04-01,2017,North Zone,Himachal Pradesh,हिमाचल प्रदेश,0.19,0.2,0.39,0.0,0.0,0.0,0.19,0.2,0.39
2017-04-01,2017,North Zone,Jammu & Kashmir,जम्मू और कश्मीर,1.4,0.41,1.81,0.0,0.0,0.0,1.4,0.41,1.81
2017-04-01,2017,East Zone,Jharkhand,झारखण्ड,1.0,0.28,1.28,0.0,0.0,0.0,1.0,0.28,1.28
2017-04-01,2017,South Zone,Karnataka,कर्नाटक,3.25,0.82,4.07,0.0,0.0,0.0,3.25,0.82,4.07
2017-04-01,2017,South Zone,Kerala,केरल,2.33,0.74,3.07,0.29,0.0,0.29,2.62,0.74,3.36
2017-04-01,2017,West Zone,Madhya Pradesh,मध्य प्रदेश,0.04,0.03,0.07,1.94,20.05,21.99,1.98,20.08,22.06
2017-04-01,2017,West Zone,Maharashtra,महाराष्ट्र,8.75,5.17,13.92,0.0,0.0,0.0,8.75,5.17,13.92
2017-04-01,2017,North-East Zone,Manipur,मणिपुर,0.12,0.04,0.16,0.0,0.0,0.0,0.12,0.04,0.16
2017-04-01,2017,North-East Zone,Meghalaya,मेघालय,0.14,0.0,0.14,0.0,0.0,0.0,0.14,0.0,0.14
2017-04-01,2017,North-East Zone,Mizoram,मिजोरम,0.11,0.01,0.12,0.0,0.0,0.0,0.11,0.01,0.12
2017-04-01,2017,North-East Zone,Nagaland,नागालैंड,0.21,0.01,0.22,0.0,0.0,0.0,0.21,0.01,0.22
2017-04-01,2017,East Zone,Odisha,ओडिशा,2.36,1.0,3.36,3.35,0.0,3.35,5.71,1.0,6.71
2017-04-01,2017,North Zone,Punjab,पंजाब,91.99,7.95,99.94,0.0,4.37,4.37,91.99,12.32,104.31
2017-04-01,2017,North Zone,Rajasthan,राजस्थान,0.14,9.08,9.22,0.0,0.0,0.0,0.14,9.08,9.22
2017-04-01,2017,South Zone,Tamil Nadu,तमिलनाडु,7.12,0.49,7.61,1.65,0.0,1.65,8.77,0.49,9.26
2017-04-01,2017,South Zone,Telangana,तेलंगाना,0.51,0.15,0.66,5.33,0.0,5.33,5.84,0.15,5.99
2017-04-01,2017,North-East Zone,Tripura,त्रिपुरा,0.22,0.0,0.22,0.0,0.0,0.0,0.22,0.0,0.22
2017-04-01,2017,North Zone,Uttar Pradesh,उत्तर प्रदेश,21.67,5.87,27.54,0.0,0.0,0.0,21.67,5.87,27.54
2017-04-01,2017,North Zone,Uttarakhand,उत्तराखण्ड,1.09,0.33,1.42,0.97,0.0,0.97,2.06,0.33,2.39
2017-04-01,2017,East Zone,West Bengal,पश्चिम बंगाल,0.52,2.28,2.8,1.7,0.0,1.7,2.22,2.28,4.5
2018-04-01,2018,South Zone,Andhra Pradesh,आन्ध्र प्रदेश,4.31,0.29,4.6,15.12,0.0,15.12,19.43,0.29,19.72
2018-04-01,2018,North-East Zone,Arunachal Pradesh,अरुणाचल प्रदेश,0.14,0.0,0.14,0.0,0.0,0.0,0.14,0.0,0.14
2018-04-01,2018,North-East Zone,Assam,असम,2.57,0.09,2.66,0.0,0.0,0.0,2.57,0.09,2.66
2018-04-01,2018,East Zone,Bihar,बिहार,2.21,4.22,6.43,0.07,0.0,0.07,2.28,4.22,6.5
2018-04-01,2018,West Zone,Chhattisgarh,छत्तीसगढ,4.89,0.54,5.43,11.52,0.0,11.52,16.41,0.54,16.95
2018-04-01,2018,North Zone,Delhi,दिल्ली,0.22,2.19,2.41,0.0,0.0,0.0,0.22,2.19,2.41
2018-04-01,2018,West Zone,Gujarat,गुजरात,1.71,2.84,4.55,0.0,0.06,0.06,1.71,2.9,4.61
2018-04-01,2018,North Zone,Haryana,हरियाणा,22.4,15.73,38.13,0.0,7.84,7.84,22.4,23.57,45.97
2018-04-01,2018,North Zone,Himachal Pradesh,हिमाचल प्रदेश,0.16,0.21,0.37,0.0,0.0,0.0,0.16,0.21,0.37
2018-04-01,2018,North Zone,Jammu & Kashmir,जम्मू और कश्मीर,1.39,0.71,2.1,0.0,0.0,0.0,1.39,0.71,2.1
2018-04-01,2018,East Zone,Jharkhand,झारखण्ड,2.35,0.2,2.55,0.0,0.0,0.0,2.35,0.2,2.55
2018-04-01,2018,South Zone,Karnataka,कर्नाटक,6.14,0.48,6.62,0.0,0.0,0.0,6.14,0.48,6.62
2018-04-01,2018,South Zone,Kerala,केरल,3.04,0.91,3.95,0.11,0.0,0.11,3.15,0.91,4.06
2018-04-01,2018,West Zone,Madhya Pradesh,मध्य प्रदेश,0.01,2.01,2.02,3.29,28.7,31.99,3.3,30.71,34.01
2018-04-01,2018,West Zone,Maharashtra,महाराष्ट्र,6.1,9.07,15.17,0.0,0.0,0.0,6.1,9.07,15.17
2018-04-01,2018,North-East Zone,Manipur,मणिपुर,0.19,0.03,0.22,0.0,0.0,0.0,0.19,0.03,0.22
2018-04-01,2018,North-East Zone,Meghalaya,मेघालय,0.17,0.0,0.17,0.0,0.0,0.0,0.17,0.0,0.17
2018-04-01,2018,North-East Zone,Mizoram,मिजोरम,0.09,0.0,0.09,0.0,0.0,0.0,0.09,0.0,0.09
2018-04-01,2018,North-East Zone,Nagaland,नागालैंड,0.39,0.0,0.39,0.0,0.0,0.0,0.39,0.0,0.39
2018-04-01,2018,East Zone,Odisha,ओडिशा,2.05,1.06,3.11,2.93,0.0,2.93,4.98,1.06,6.04
2018-04-01,2018,North Zone,Punjab,पंजाब,100.98,10.24,111.22,0.0,15.94,15.94,100.98,26.18,127.16
2018-04-01,2018,North Zone,Rajasthan,राजस्थान,0.15,8.52,8.67,0.0,0.0,0.0,0.15,8.52,8.67
2018-04-01,2018,South Zone,Tamil Nadu,तमिलनाडु,8.58,0.65,9.23,1.61,0.0,1.61,10.19,0.65,10.84
2018-04-01,2018,South Zone,Telangana,तेलंगाना,4.3,0.29,4.59,7.57,0.0,7.57,11.87,0.29,12.16
2018-04-01,2018,North-East Zone,Tripura,त्रिपुरा,0.23,0.02,0.25,0.0,0.0,0.0,0.23,0.02,0.25
2018-04-01,2018,North Zone,Uttar Pradesh,उत्तर प्रदेश,23.83,7.79,31.62,0.0,0.0,0.0,23.83,7.79,31.62
2018-04-01,2018,North Zone,Uttarakhand,उत्तराखण्ड,0.54,0.4,0.94,0.02,0.0,0.02,0.56,0.4,0.96
2018-04-01,2018,East Zone,West Bengal,पश्चिम बंगाल,0.36,6.65,7.01,2.67,0.0,2.67,3.03,6.65,9.68
2019-01-01,2019,South Zone,Andhra Pradesh,आन्ध्र प्रदेश,5.79,0.19,5.98,9.28,0.0,9.28,15.07,0.19,15.26
2019-01-01,2019,North-East Zone,Arunachal Pradesh,अरुणाचल प्रदेश,0.17,0.01,0.18,0.0,0.0,0.0,0.17,0.01,0.18
2019-01-01,2019,North-East Zone,Assam,असम,1.57,0.06,1.63,0.0,0.0,0.0,1.57,0.06,1.63
2019-01-01,2019,East Zone,Bihar,बिहार,1.83,3.36,5.19,0.01,0.0,0.01,1.84,3.36,5.2
2019-01-01,2019,West Zone,Chhattisgarh,छत्तीसगढ,2.23,0.46,2.69,6.61,0.0,6.61,8.84,0.46,9.3
2019-01-01,2019,North Zone,Delhi,दिल्ली,0.13,2.43,2.56,0.0,0.0,0.0,0.13,2.43,2.56
2019-01-01,2019,West Zone,Gujarat,गुजरात,0.4,4.9,5.3,0.0,0.0,0.0,0.4,4.9,5.3
2019-01-01,2019,North Zone,Haryana,हरियाणा,14.44,27.69,42.13,0.0,27.52,27.52,14.44,55.21,69.65
2019-01-01,2019,North Zone,Himachal Pradesh,हिमाचल प्रदेश,0.1,0.33,0.43,0.0,0.0,0.0,0.1,0.33,0.43
2019-01-01,2019,North Zone,Jammu & Kashmir,जम्मू और कश्मीर,1.29,0.63,1.92,0.0,0.0,0.0,1.29,0.63,1.92
2019-01-01,2019,East Zone,Jharkhand,झारखण्ड,1.63,0.66,2.29,0.0,0.0,0.0,1.63,0.66,2.29
2019-01-01,2019,South Zone,Karnataka,कर्नाटक,5.75,0.49,6.24,0.0,0.0,0.0,5.75,0.49,6.24
2019-01-01,2019,South Zone,Kerala,केरल,2.73,0.88,3.61,0.28,0.0,0.28,3.01,0.88,3.89
2019-01-01,2019,West Zone,Madhya Pradesh,मध्य प्रदेश,0.08,2.62,2.7,4.3,51.62,55.92,4.38,54.24,58.62
2019-01-01,2019,West Zone,Maharashtra,महाराष्ट्र,4.93,11.96,16.89,0.0,0.0,0.0,4.93,11.96,16.89
2019-01-01,2019,North-East Zone,Manipur,मणिपुर,0.3,0.0,0.3,0.0,0.0,0.0,0.3,0.0,0.3
2019-01-01,2019,North-East Zone,Meghalaya,मेघालय,0.2,0.01,0.21,0.0,0.0,0.0,0.2,0.01,0.21
2019-01-01,2019,North-East Zone,Mizoram,मिजोरम,0.17,0.0,0.17,0.0,0.0,0.0,0.17,0.0,0.17
2019-01-01,2019,North-East Zone,Nagaland,नागालैंड,0.22,0.0,0.22,0.0,0.0,0.0,0.22,0.0,0.22
2019-01-01,2019,East Zone,Odisha,ओडिशा,1.05,1.98,3.03,2.06,0.0,2.06,3.11,1.98,5.09
2019-01-01,2019,North Zone,Punjab,पंजाब,62.12,19.02,81.14,0.0,69.4,69.4,62.12,88.42,150.54
2019-01-01,2019,North Zone,Rajasthan,राजस्थान,0.13,13.42,13.55,0.0,0.0,0.0,0.13,13.42,13.55
2019-01-01,2019,South Zone,Tamil Nadu,तमिलनाडु,9.48,1.09,10.57,1.99,0.0,1.99,11.47,1.09,12.56
2019-01-01,2019,South Zone,Telangana,तेलंगाना,12.67,0.31,12.98,6.89,0.0,6.89,19.56,0.31,19.87
2019-01-01,2019,North-East Zone,Tripura,त्रिपुरा,0.12,0.0,0.12,0.0,0.0,0.0,0.12,0.0,0.12
2019-01-01,2019,North Zone,Uttar Pradesh,उत्तर प्रदेश,13.87,22.79,36.66,0.0,0.0,0.0,13.87,22.79,36.66
2019-01-01,2019,North Zone,Uttarakhand,उत्तराखण्ड,0.55,0.42,0.97,0.63,0.01,0.64,1.18,0.43,1.61
2019-01-01,2019,East Zone,West Bengal,पश्चिम बंगाल,0.73,4.85,5.58,1.83,0.0,1.83,2.56,4.85,7.41
2019-02-01,2019,South Zone,Andhra Pradesh,आन्ध्र प्रदेश,8.53,0.18,8.71,10.73,0.0,10.73,19.26,0.18,19.44
2019-02-01,2019,North-East Zone,Arunachal Pradesh,अरुणाचल प्रदेश,0.17,0.0,0.17,0.0,0.0,0.0,0.17,0.0,0.17
2019-02-01,2019,North-East Zone,Assam,असम,2.15,0.19,2.34,0.0,0.0,0.0,2.15,0.19,2.34
2019-02-01,2019,East Zone,Bihar,बिहार,2.59,3.75,6.34,0.12,0.0,0.12,2.71,3.75,6.46
2019-02-01,2019,West Zone,Chhattisgarh,छत्तीसगढ,3.36,0.42,3.78,8.85,0.0,8.85,12.21,0.42,12.63
2019-02-01,2019,North Zone,Delhi,दिल्ली,0.21,2.45,2.66,0.0,0.0,0.0,0.21,2.45,2.66
2019-02-01,2019,West Zone,Gujarat,गुजरात,0.49,4.81,5.3,0.0,0.0,0.0,0.49,4.81,5.3
2019-02-01,2019,North Zone,Haryana,हरियाणा,18.94,24.14,43.08,0.0,22.39,22.39,18.94,46.53,65.47
2019-02-01,2019,North Zone,Himachal Pradesh,हिमाचल प्रदेश,0.12,0.33,0.45,0.0,0.0,0.0,0.12,0.33,0.45
2019-02-01,2019,North Zone,Jammu & Kashmir,जम्मू और कश्मीर,1.32,0.6,1.92,0.0,0.0,0.0,1.32,0.6,1.92
2019-02-01,2019,East Zone,Jharkhand,झारखण्ड,2.67,0.59,3.26,0.0,0.0,0.0,2.67,0.59,3.26
2019-02-01,2019,South Zone,Karnataka,कर्नाटक,6.54,0.46,7.0,0.0,0.0,0.0,6.54,0.46,7.0
2019-02-01,2019,South Zone,Kerala,केरल,2.73,1.05,3.78,0.08,0.0,0.08,2.81,1.05,3.86
2019-02-01,2019,West Zone,Madhya Pradesh,मध्य प्रदेश,0.11,2.37,2.48,3.51,41.71,45.22,3.62,44.08,47.7
2019-02-01,2019,West Zone,Maharashtra,महाराष्ट्र,5.66,11.89,17.55,0.0,0.0,0.0,5.66,11.89,17.55
2019-02-01,2019,North-East Zone,Manipur,मणिपुर,0.27,0.0,0.27,0.0,0.0,0.0,0.27,0.0,0.27
2019-02-01,2019,North-East Zone,Meghalaya,मेघालय,0.19,0.0,0.19,0.0,0.0,0.0,0.19,0.0,0.19
2019-02-01,2019,North-East Zone,Mizoram,मिजोरम,0.17,0.0,0.17,0.0,0.0,0.0,0.17,0.0,0.17
2019-02-01,2019,North-East Zone,Nagaland,नागालैंड,0.25,0.0,0.25,0.0,0.0,0.0,0.25,0.0,0.25
2019-02-01,2019,East Zone,Odisha,ओडिशा,1.43,1.92,3.35,3.76,0.0,3.76,5.19,1.92,7.11
2019-02-01,2019,North Zone,Punjab,पंजाब,76.42,15.42,91.84,0.0,63.57,63.57,76.42,78.99,155.41
2019-02-01,2019,North Zone,Rajasthan,राजस्थान,0.19,12.18,12.37,0.0,0.0,0.0,0.19,12.18,12.37
2019-02-01,2019,South Zone,Tamil Nadu,तमिलनाडु,10.09,1.21,11.3,1.36,0.0,1.36,11.45,1.21,12.66
2019-02-01,2019,South Zone,Telangana,तेलंगाना,11.72,0.27,11.99,11.78,0.0,11.78,23.5,0.27,23.77
2019-02-01,2019,North-East Zone,Tripura,त्रिपुरा,0.26,0.02,0.28,0.0,0.0,0.0,0.26,0.02,0.28
2019-02-01,2019,North Zone,Uttar Pradesh,उत्तर प्रदेश,21.44,18.61,40.05,0.0,0.0,0.0,21.44,18.61,40.05
2019-02-01,2019,North Zone,Uttarakhand,उत्तराखण्ड,0.96,0.35,1.31,0.77,0.0,0.77,1.73,0.35,2.08
2019-02-01,2019,East Zone,West Bengal,पश्चिम बंगाल,0.85,5.76,6.61,2.45,0.0,2.45,3.3,5.76,9.06
2019-03-01,2019,South Zone,Andhra Pradesh,आन्ध्र प्रदेश,10.39,0.17,10.56,13.03,0.0,13.03,23.42,0.17,23.59
2019-03-01,2019,North-East Zone,Arunachal Pradesh,अरुणाचल प्रदेश,0.16,0.0,0.16,0.0,0.0,0.0,0.16,0.0,0.16
2019-03-01,2019,North-East Zone,Assam,असम,2.64,0.11,2.75,0.0,0.0,0.0,2.64,0.11,2.75
2019-03-01,2019,East Zone,Bihar,बिहार,2.68,3.66,6.34,2.19,0.01,2.2,4.87,3.67,8.54
2019-03-01,2019,West Zone,Chhattisgarh,छत्तीसगढ,4.1,0.39,4.49,10.75,0.0,10.75,14.85,0.39,15.24
2019-03-01,2019,North Zone,Delhi,दिल्ली,0.23,2.43,2.66,0.0,0.0,0.0,0.23,2.43,2.66
2019-03-01,2019,West Zone,Gujarat,गुजरात,0.52,4.91,5.43,0.0,0.0,0.0,0.52,4.91,5.43
2019-03-01,2019,North Zone,Haryana,हरियाणा,21.3,20.24,41.54,0.0,18.57,18.57,21.3,38.81,60.11
2019-03-01,2019,North Zone,Himachal Pradesh,हिमाचल प्रदेश,0.12,0.31,0.43,0.0,0.0,0.0,0.12,0.31,0.43
2019-03-01,2019,North Zone,Jammu & Kashmir,जम्मू और कश्मीर,1.04,0.58,1.62,0.0,0.0,0.0,1.04,0.58,1.62
2019-03-01,2019,East Zone,Jharkhand,झारखण्ड,2.75,0.58,3.33,0.0,0.0,0.0,2.75,0.58,3.33
2019-03-01,2019,South Zone,Karnataka,कर्नाटक,6.45,0.45,6.9,0.0,0.0,0.0,6.45,0.45,6.9
2019-03-01,2019,South Zone,Kerala,केरल,3.07,0.99,4.06,0.1,0.0,0.1,3.17,0.99,4.16
2019-03-01,2019,West Zone,Madhya Pradesh,मध्य प्रदेश,0.13,1.3,1.43,2.76,32.12,34.88,2.89,33.42,36.31
2019-03-01,2019,West Zone,Maharashtra,महाराष्ट्र,6.0,11.73,17.73,0.0,0.0,0.0,6.0,11.73,17.73
2019-03-01,2019,North-East Zone,Manipur,मणिपुर,0.27,0.0,0.27,0.0,0.0,0.0,0.27,0.0,0.27
2019-03-01,2019,North-East Zone,Meghalaya,मेघालय,0.18,0.0,0.18,0.0,0.0,0.0,0.18,0.0,0.18
2019-03-01,2019,North-East Zone,Mizoram,मिजोरम,0.16,0.0,0.16,0.0,0.0,0.0,0.16,0.0,0.16
2019-03-01,2019,North-East Zone,Nagaland,नागालैंड,0.31,0.0,0.31,0.0,0.0,0.0,0.31,0.0,0.31
2019-03-01,2019,East Zone,Odisha,ओडिशा,2.14,1.82,3.96,3.34,0.0,3.34,5.48,1.82,7.3
2019-03-01,2019,North Zone,Punjab,पंजाब,89.56,12.8,102.36,0.0,54.01,54.01,89.56,66.81,156.37
2019-03-01,2019,North Zone,Rajasthan,राजस्थान,0.17,10.68,10.85,0.0,0.0,0.0,0.17,10.68,10.85
2019-03-01,2019,South Zone,Tamil Nadu,तमिलनाडु,10.15,1.06,11.21,1.29,0.0,1.29,11.44,1.06,12.5
2019-03-01,2019,South Zone,Telangana,तेलंगाना,11.25,0.37,11.62,14.07,0.0,14.07,25.32,0.37,25.69
2019-03-01,2019,North-East Zone,Tripura,त्रिपुरा,0.21,0.02,0.23,0.0,0.0,0.0,0.21,0.02,0.23
2019-03-01,2019,North Zone,Uttar Pradesh,उत्तर प्रदेश,25.3,14.02,39.32,0.0,0.0,0.0,25.3,14.02,39.32
2019-03-01,2019,North Zone,Uttarakhand,उत्तराखण्ड,1.13,0.32,1.45,0.89,0.0,0.89,2.02,0.32,2.34
2019-03-01,2019,East Zone,West Bengal,पश्चिम बंगाल,1.15,5.15,6.3,7.9,0.0,7.9,9.05,5.15,14.2
2019-04-01,2019,South Zone,Andhra Pradesh,आन्ध्र प्रदेश,10.62,0.2,10.82,15.75,0.0,15.75,26.37,0.2,26.57
2019-04-01,2019,North-East Zone,Arunachal Pradesh,अरुणाचल प्रदेश,0.17,0.0,0.17,0.0,0.0,0.0,0.17,0.0,0.17
2019-04-01,2019,North-East Zone,Assam,असम,2.79,0.06,2.85,0.0,0.0,0.0,2.79,0.06,2.85
2019-04-01,2019,East Zone,Bihar,बिहार,3.15,4.17,7.32,4.16,0.0,4.16,7.31,4.17,11.48
2019-04-01,2019,West Zone,Chhattisgarh,छत्तीसगढ,5.18,0.38,5.56,11.37,0.0,11.37,16.55,0.38,16.93
2019-04-01,2019,North Zone,Delhi,दिल्ली,0.21,2.36,2.57,0.0,0.0,0.0,0.21,2.36,2.57
2019-04-01,2019,West Zone,Gujarat,गुजरात,0.9,4.61,5.51,0.0,0.01,0.01,0.9,4.62,5.52
2019-04-01,2019,North Zone,Haryana,हरियाणा,24.04,15.92,39.96,0.0,15.33,15.33,24.04,31.25,55.29
2019-04-01,2019,North Zone,Himachal Pradesh,हिमाचल प्रदेश,0.14,0.32,0.46,0.0,0.0,0.0,0.14,0.32,0.46
2019-04-01,2019,North Zone,Jammu & Kashmir,जम्मू और कश्मीर,0.97,0.42,1.39,0.0,0.0,0.0,0.97,0.42,1.39
2019-04-01,2019,East Zone,Jharkhand,झारखण्ड,2.91,0.47,3.38,0.0,0.0,0.0,2.91,0.47,3.38
2019-04-01,2019,South Zone,Karnataka,कर्नाटक,6.54,0.42,6.96,0.0,0.0,0.0,6.54,0.42,6.96
2019-04-01,2019,South Zone,Kerala,केरल,3.27,0.85,4.12,0.19,0.0,0.19,3.46,0.85,4.31
2019-04-01,2019,West Zone,Madhya Pradesh,मध्य प्रदेश,0.13,0.87,1.0,2.41,26.37,28.78,2.54,27.24,29.78
2019-04-01,2019,West Zone,Maharashtra,महाराष्ट्र,6.15,11.63,17.78,0.0,0.0,0.0,6.15,11.63,17.78
2019-04-01,2019,North-East Zone,Manipur,मणिपुर,0.25,0.0,0.25,0.0,0.0,0.0,0.25,0.0,0.25
2019-04-01,2019,North-East Zone,Meghalaya,मेघालय,0.17,0.01,0.18,0.0,0.0,0.0,0.17,0.01,0.18
2019-04-01,2019,North-East Zone,Mizoram,मिजोरम,0.2,0.0,0.2,0.0,0.0,0.0,0.2,0.0,0.2
2019-04-01,2019,North-East Zone,Nagaland,नागालैंड,0.38,0.0,0.38,0.0,0.0,0.0,0.38,0.0,0.38
2019-04-01,2019,East Zone,Odisha,ओडिशा,2.45,1.49,3.94,6.97,0.0,6.97,9.42,1.49,10.91
2019-04-01,2019,North Zone,Punjab,पंजाब,108.94,9.93,118.87,0.0,46.86,46.86,108.94,56.79,165.73
2019-04-01,2019,North Zone,Rajasthan,राजस्थान,0.16,8.34,8.5,0.0,0.0,0.0,0.16,8.34,8.5
2019-04-01,2019,South Zone,Tamil Nadu,तमिलनाडु,10.63,1.14,11.77,1.92,0.0,1.92,12.55,1.14,13.69
2019-04-01,2019,South Zone,Telangana,तेलंगाना,11.37,0.36,11.73,12.72,0.0,12.72,24.09,0.36,24.45
2019-04-01,2019,North-East Zone,Tripura,त्रिपुरा,0.25,0.01,0.26,0.0,0.0,0.0,0.25,0.01,0.26
2019-04-01,2019,North Zone,Uttar Pradesh,उत्तर प्रदेश,25.89,8.73,34.62,0.0,0.0,0.0,25.89,8.73,34.62
2019-04-01,2019,North Zone,Uttarakhand,उत्तराखण्ड,1.1,0.2,1.3,0.94,0.0,0.94,2.04,0.2,2.24
2019-04-01,2019,East Zone,West Bengal,पश्चिम बंगाल,1.24,5.87,7.11,3.25,0.0,3.25,4.49,5.87,10.36
2019-05-01,2019,South Zone,Andhra Pradesh,आन्ध्र प्रदेश,10.2,0.15,10.35,15.12,0.0,15.12,25.32,0.15,25.47
2019-05-01,2019,North-East Zone,Arunachal Pradesh,अरुणाचल प्रदेश,0.15,0.0,0.15,0.0,0.0,0.0,0.15,0.0,0.15
2019-05-01,2019,North-East Zone,Assam,असम,2.87,0.13,3.0,0.0,0.0,0.0,2.87,0.13,3.0
2019-05-01,2019,East Zone,Bihar,बिहार,3.32,4.73,8.05,3.11,0.0,3.11,6.43,4.73,11.16
2019-05-01,2019,West Zone,Chhattisgarh,छत्तीसगढ,6.96,0.38,7.34,11.6,0.0,11.6,18.56,0.38,18.94
2019-05-01,2019,North Zone,Delhi,दिल्ली,0.19,2.26,2.45,0.0,0.0,0.0,0.19,2.26,2.45
2019-05-01,2019,West Zone,Gujarat,गुजरात,0.82,5.33,6.15,0.0,0.04,0.04,0.82,5.37,6.19
2019-05-01,2019,North Zone,Haryana,हरियाणा,25.31,23.46,48.77,0.0,42.58,42.58,25.31,66.04,91.35
2019-05-01,2019,North Zone,Himachal Pradesh,हिमाचल प्रदेश,0.14,0.3,0.44,0.0,0.0,0.0,0.14,0.3,0.44
2019-05-01,2019,North Zone,Jammu & Kashmir,जम्मू और कश्मीर,1.06,0.49,1.55,0.0,0.0,0.0,1.06,0.49,1.55
2019-05-01,2019,East Zone,Jharkhand,झारखण्ड,2.54,0.4,2.94,0.0,0.0,0.0,2.54,0.4,2.94
2019-05-01,2019,South Zone,Karnataka,कर्नाटक,7.21,0.41,7.62,0.0,0.0,0.0,7.21,0.41,7.62
2019-05-01,2019,South Zone,Kerala,केरल,3.32,0.85,4.17,0.33,0.0,0.33,3.65,0.85,4.5
2019-05-01,2019,West Zone,Madhya Pradesh,मध्य प्रदेश,0.13,0.81,0.94,3.54,48.81,52.35,3.67,49.62,53.29
2019-05-01,2019,West Zone,Maharashtra,महाराष्ट्र,6.49,11.16,17.65,0.0,0.0,0.0,6.49,11.16,17.65
2019-05-01,2019,North-East Zone,Manipur,मणिपुर,0.28,0.0,0.28,0.0,0.0,0.0,0.28,0.0,0.28
2019-05-01,2019,North-East Zone,Meghalaya,मेघालय,0.19,0.0,0.19,0.0,0.0,0.0,0.19,0.0,0.19
2019-05-01,2019,North-East Zone,Mizoram,मिजोरम,0.18,0.0,0.18,0.0,0.0,0.0,0.18,0.0,0.18
2019-05-01,2019,North-East Zone,Nagaland,नागालैंड,0.38,0.0,0.38,0.0,0.0,0.0,0.38,0.0,0.38
2019-05-01,2019,East Zone,Odisha,ओडिशा,2.73,1.24,3.97,5.89,0.0,5.89,8.62,1.24,9.86
2019-05-01,2019,North Zone,Punjab,पंजाब,106.87,10.86,117.73,0.0,61.84,61.84,106.87,72.7,179.57
2019-05-01,2019,North Zone,Rajasthan,राजस्थान,0.16,9.73,9.89,0.0,0.0,0.0,0.16,9.73,9.89
2019-05-01,2019,South Zone,Tamil Nadu,तमिलनाडु,11.22,0.96,12.18,2.01,0.0,2.01,13.23,0.96,14.19
2019-05-01,2019,South Zone,Telangana,तेलंगाना,11.84,0.35,12.19,11.77,0.0,11.77,23.61,0.35,23.96
2019-05-01,2019,North-East Zone,Tripura,त्रिपुरा,0.26,0.02,0.28,0.0,0.0,0.0,0.26,0.02,0.28
2019-05-01,2019,North Zone,Uttar Pradesh,उत्तर प्रदेश,23.06,9.09,32.15,0.0,0.0,0.0,23.06,9.09,32.15
2019-05-01,2019,North Zone,Uttarakhand,उत्तराखण्ड,1.07,0.12,1.19,0.91,0.07,0.98,1.98,0.19,2.17
2019-05-01,2019,East Zone,West Bengal,पश्चिम बंगाल,1.2,6.9,8.1,3.47,0.0,3.47,4.67,6.9,11.57
2019-06-01,2019,South Zone,Andhra Pradesh,आन्ध्र प्रदेश,11.32,0.13,11.45,1.49,0.0,1.49,12.81,0.13,12.94
2019-06-01,2019,North-East Zone,Arunachal Pradesh,अरुणाचल प्रदेश,0.17,0.0,0.17,0.0,0.0,0.0,0.17,0.0,0.17
2019-06-01,2019,North-East Zone,Assam,असम,2.55,0.18,2.73,0.0,0.0,0.0,2.55,0.18,2.73
2019-06-01,2019,East Zone,Bihar,बिहार,2.57,4.95,7.52,3.07,0.03,3.1,5.64,4.98,10.62
2019-06-01,2019,West Zone,Chhattisgarh,छत्तीसगढ,7.91,0.3,8.21,10.19,0.0,10.19,18.1,0.3,18.4
2019-06-01,2019,North Zone,Delhi,दिल्ली,0.16,2.21,2.37,0.0,0.0,0.0,0.16,2.21,2.37
2019-06-01,2019,West Zone,Gujarat,गुजरात,0.56,5.62,6.18,0.0,0.0,0.0,0.56,5.62,6.18
2019-06-01,2019,North Zone,Haryana,हरियाणा,25.32,35.88,61.2,0.0,80.05,80.05,25.32,115.93,141.25
2019-06-01,2019,North Zone,Himachal Pradesh,हिमाचल प्रदेश,0.12,0.32,0.44,0.0,0.0,0.0,0.12,0.32,0.44
2019-06-01,2019,North Zone,Jammu & Kashmir,जम्मू और कश्मीर,0.93,0.55,1.48,0.0,0.0,0.0,0.93,0.55,1.48
2019-06-01,2019,East Zone,Jharkhand,झारखण्ड,2.29,0.38,2.67,0.0,0.0,0.0,2.29,0.38,2.67
2019-06-01,2019,South Zone,Karnataka,कर्नाटक,6.87,0.44,7.31,0.0,0.0,0.0,6.87,0.44,7.31
2019-06-01,2019,South Zone,Kerala,केरल,3.59,0.82,4.41,0.22,0.0,0.22,3.81,0.82,4.63
2019-06-01,2019,West Zone,Madhya Pradesh,मध्य प्रदेश,0.13,2.09,2.22,4.8,86.34,91.14,4.93,88.43,93.36
2019-06-01,2019,West Zone,Maharashtra,महाराष्ट्र,6.38,11.11,17.49,0.0,0.0,0.0,6.38,11.11,17.49
2019-06-01,2019,North-East Zone,Manipur,मणिपुर,0.29,0.0,0.29,0.0,0.0,0.0,0.29,0.0,0.29
2019-06-01,2019,North-East Zone,Meghalaya,मेघालय,0.13,0.0,0.13,0.0,0.0,0.0,0.13,0.0,0.13
2019-06-01,2019,North-East Zone,Mizoram,मिजोरम,0.16,0.0,0.16,0.0,0.0,0.0,0.16,0.0,0.16
2019-06-01,2019,North-East Zone,Nagaland,नागालैंड,0.31,0.0,0.31,0.0,0.0,0.0,0.31,0.0,0.31
2019-06-01,2019,East Zone,Odisha,ओडिशा,2.49,1.51,4.0,8.33,0.0,8.33,10.82,1.51,12.33
2019-06-01,2019,North Zone,Punjab,पंजाब,106.85,19.42,126.27,0.0,149.32,149.32,106.85,168.74,275.59
2019-06-01,2019,North Zone,Rajasthan,राजस्थान,0.13,16.2,16.33,0.0,0.0,0.0,0.13,16.2,16.33
2019-06-01,2019,South Zone,Tamil Nadu,तमिलनाडु,11.11,0.95,12.06,1.92,0.0,1.92,13.03,0.95,13.98
2019-06-01,2019,South Zone,Telangana,तेलंगाना,13.47,0.28,13.75,10.33,0.0,10.33,23.8,0.28,24.08
2019-06-01,2019,North-East Zone,Tripura,त्रिपुरा,0.2,0.06,0.26,0.0,0.0,0.0,0.2,0.06,0.26
2019-06-01,2019,North Zone,Uttar Pradesh,उत्तर प्रदेश,20.54,26.35,46.89,0.0,0.0,0.0,20.54,26.35,46.89
2019-06-01,2019,North Zone,Uttarakhand,उत्तराखण्ड,1.02,0.11,1.13,0.83,0.22,1.05,1.85,0.33,2.18
2019-06-01,2019,East Zone,West Bengal,पश्चिम बंगाल,1.27,6.89,8.16,3.24,0.0,3.24,4.51,6.89,11.4
2019-07-01,2019,South Zone,Andhra Pradesh,आन्ध्र प्रदेश,12.03,0.1,12.13,14.11,0.0,14.11,26.14,0.1,26.24
2019-07-01,2019,North-East Zone,Arunachal Pradesh,अरुणाचल प्रदेश,0.21,0.0,0.21,0.0,0.0,0.0,0.21,0.0,0.21
2019-07-01,2019,North-East Zone,Assam,असम,2.69,0.16,2.85,0.0,0.0,0.0,2.69,0.16,2.85
2019-07-01,2019,East Zone,Bihar,बिहार,2.75,5.05,7.8,2.77,0.03,2.8,5.52,5.08,10.6
2019-07-01,2019,West Zone,Chhattisgarh,छत्तीसगढ,7.86,0.29,8.15,8.98,0.0,8.98,16.84,0.29,17.13
2019-07-01,2019,North Zone,Delhi,दिल्ली,0.16,2.21,2.37,0.0,0.0,0.0,0.16,2.21,2.37
2019-07-01,2019,West Zone,Gujarat,गुजरात,0.45,5.81,6.26,0.0,0.05,0.05,0.45,5.86,6.31
2019-07-01,2019,North Zone,Haryana,हरियाणा,24.48,35.9,60.38,0.0,77.79,77.79,24.48,113.69,138.17
2019-07-01,2019,North Zone,Himachal Pradesh,हिमाचल प्रदेश,0.14,0.35,0.49,0.0,0.0,0.0,0.14,0.35,0.49
2019-07-01,2019,North Zone,Jammu & Kashmir,जम्मू और कश्मीर,1.21,0.54,1.75,0.0,0.0,0.0,1.21,0.54,1.75
2019-07-01,2019,East Zone,Jharkhand,झारखण्ड,2.57,0.5,3.07,0.0,0.0,0.0,2.57,0.5,3.07
2019-07-01,2019,South Zone,Karnataka,कर्नाटक,6.68,0.41,7.09,0.0,0.0,0.0,6.68,0.41,7.09
2019-07-01,2019,South Zone,Kerala,केरल,3.4,0.86,4.26,0.41,0.0,0.41,3.81,0.86,4.67
2019-07-01,2019,West Zone,Madhya Pradesh,मध्य प्रदेश,0.17,2.18,2.35,5.77,89.45,95.22,5.94,91.63,97.57
2019-07-01,2019,West Zone,Maharashtra,महाराष्ट्र,6.38,11.11,17.49,0.0,0.0,0.0,6.38,11.11,17.49
2019-07-01,2019,North-East Zone,Manipur,मणिपुर,0.32,0.0,0.32,0.0,0.0,0.0,0.32,0.0,0.32
2019-07-01,2019,North-East Zone,Meghalaya,मेघालय,0.15,0.01,0.16,0.0,0.0,0.0,0.15,0.01,0.16
2019-07-01,2019,North-East Zone,Mizoram,मिजोरम,0.16,0.0,0.16,0.0,0.0,0.0,0.16,0.0,0.16
2019-07-01,2019,North-East Zone,Nagaland,नागालैंड,0.26,0.0,0.26,0.0,0.0,0.0,0.26,0.0,0.26
2019-07-01,2019,East Zone,Odisha,ओडिशा,2.47,1.33,3.8,6.48,0.0,6.48,8.95,1.33,10.28
2019-07-01,2019,North Zone,Punjab,पंजाब,105.42,19.7,125.12,0.0,143.95,143.95,105.42,163.65,269.07
2019-07-01,2019,North Zone,Rajasthan,राजस्थान,0.13,18.09,18.22,0.0,0.0,0.0,0.13,18.09,18.22
2019-07-01,2019,South Zone,Tamil Nadu,तमिलनाडु,11.29,0.86,12.15,1.88,0.0,1.88,13.17,0.86,14.03
2019-07-01,2019,South Zone,Telangana,तेलंगाना,15.2,0.23,15.43,9.03,0.0,9.03,24.23,0.23,24.46
2019-07-01,2019,North-East Zone,Tripura,त्रिपुरा,0.26,0.05,0.31,0.0,0.0,0.0,0.26,0.05,0.31
2019-07-01,2019,North Zone,Uttar Pradesh,उत्तर प्रदेश,18.71,29.47,48.18,0.0,0.0,0.0,18.71,29.47,48.18
2019-07-01,2019,North Zone,Uttarakhand,उत्तराखण्ड,1.1,0.22,1.32,0.71,0.14,0.85,1.81,0.36,2.17
2019-07-01,2019,East Zone,West Bengal,पश्चिम बंगाल,1.09,6.74,7.83,3.19,0.0,3.19,4.28,6.74,11.02
2019-08-01,2019,South Zone,Andhra Pradesh,आन्ध्र प्रदेश,12.02,0.09,12.11,12.24,0.0,12.24,24.26,0.09,24.35
2019-08-01,2019,North-East Zone,Arunachal Pradesh,अरुणाचल प्रदेश,0.2,0.0,0.2,0.0,0.0,0.0,0.2,0.0,0.2
2019-08-01,2019,North-East Zone,Assam,असम,2.66,0.16,2.82,0.0,0.0,0.0,2.66,0.16,2.82
2019-08-01,2019,East Zone,Bihar,बिहार,2.68,4.78,7.46,1.97,0.02,1.99,4.65,4.8,9.45
2019-08-01,2019,West Zone,Chhattisgarh,छत्तीसगढ,8.28,0.22,8.5,7.75,0.0,7.75,16.03,0.22,16.25
2019-08-01,2019,North Zone,Delhi,दिल्ली,0.17,2.21,2.38,0.0,0.0,0.0,0.17,2.21,2.38
2019-08-01,2019,West Zone,Gujarat,गुजरात,0.42,5.81,6.23,0.0,0.04,0.04,0.42,5.85,6.27
2019-08-01,2019,North Zone,Haryana,हरियाणा,22.48,35.63,58.11,0.0,73.52,73.52,22.48,109.15,131.63
2019-08-01,2019,North Zone,Himachal Pradesh,हिमाचल प्रदेश,0.15,0.39,0.54,0.0,0.0,0.0,0.15,0.39,0.54
2019-08-01,2019,North Zone,Jammu & Kashmir,जम्मू और कश्मीर,1.31,0.53,1.84,0.0,0.0,0.0,1.31,0.53,1.84
2019-08-01,2019,East Zone,Jharkhand,झारखण्ड,3.2,0.5,3.7,0.0,0.0,0.0,3.2,0.5,3.7
2019-08-01,2019,South Zone,Karnataka,कर्नाटक,6.89,0.4,7.29,0.0,0.0,0.0,6.89,0.4,7.29
2019-08-01,2019,South Zone,Kerala,केरल,3.43,0.9,4.33,0.54,0.0,0.54,3.97,0.9,4.87
2019-08-01,2019,West Zone,Madhya Pradesh,मध्य प्रदेश,0.22,2.12,2.34,6.03,86.38,92.41,6.25,88.5,94.75
2019-08-01,2019,West Zone,Maharashtra,महाराष्ट्र,6.32,11.33,17.65,0.0,0.0,0.0,6.32,11.33,17.65
2019-08-01,2019,North-East Zone,Manipur,मणिपुर,0.27,0.0,0.27,0.0,0.0,0.0,0.27,0.0,0.27
2019-08-01,2019,North-East Zone,Meghalaya,मेघालय,0.18,0.01,0.19,0.0,0.0,0.0,0.18,0.01,0.19
2019-08-01,2019,North-East Zone,Mizoram,मिजोरम,0.16,0.0,0.16,0.0,0.0,0.0,0.16,0.0,0.16
2019-08-01,2019,North-East Zone,Nagaland,नागालैंड,0.28,0.0,0.28,0.0,0.0,0.0,0.28,0.0,0.28
2019-08-01,2019,East Zone,Odisha,ओडिशा,2.72,1.5,4.22,8.52,0.0,8.52,11.24,1.5,12.74
2019-08-01,2019,North Zone,Punjab,पंजाब,100.2,18.96,119.16,0.0,134.73,134.73,100.2,153.69,253.89
2019-08-01,2019,North Zone,Rajasthan,राजस्थान,0.13,17.3,17.43,0.0,0.0,0.0,0.13,17.3,17.43
2019-08-01,2019,South Zone,Tamil Nadu,तमिलनाडु,11.18,0.66,11.84,2.02,0.0,2.02,13.2,0.66,13.86
2019-08-01,2019,South Zone,Telangana,तेलंगाना,16.69,0.17,16.86,7.66,0.0,7.66,24.35,0.17,24.52
2019-08-01,2019,North-East Zone,Tripura,त्रिपुरा,0.17,0.05,0.22,0.0,0.0,0.0,0.17,0.05,0.22
2019-08-01,2019,North Zone,Uttar Pradesh,उत्तर प्रदेश,16.78,27.35,44.13,0.0,0.0,0.0,16.78,27.35,44.13
2019-08-01,2019,North Zone,Uttarakhand,उत्तराखण्ड,1.05,0.32,1.37,0.57,0.05,0.62,1.62,0.37,1.99
2019-08-01,2019,East Zone,West Bengal,पश्चिम बंगाल,0.86,6.56,7.42,3.35,0.0,3.35,4.21,6.56,10.77
2019-09-01,2019,South Zone,Andhra Pradesh,आन्ध्र प्रदेश,12.06,0.11,12.17,10.28,0.0,10.28,22.34,0.11,22.45
2019-09-01,2019,North-East Zone,Arunachal Pradesh,अरुणाचल प्रदेश,0.18,0.0,0.18,0.0,0.0,0.0,0.18,0.0,0.18
2019-09-01,2019,North-East Zone,Assam,असम,2.65,0.19,2.84,0.0,0.0,0.0,2.65,0.19,2.84
2019-09-01,2019,East Zone,Bihar,बिहार,2.76,4.55,7.31,0.83,0.01,0.84,3.59,4.56,8.15
2019-09-01,2019,West Zone,Chhattisgarh,छत्तीसगढ,8.37,0.22,8.59,6.53,0.0,6.53,14.9,0.22,15.12
2019-09-01,2019,North Zone,Delhi,दिल्ली,0.17,2.05,2.22,0.0,0.0,0.0,0.17,2.05,2.22
2019-09-01,2019,West Zone,Gujarat,गुजरात,0.36,5.43,5.79,0.0,0.01,0.01,0.36,5.44,5.8
2019-09-01,2019,North Zone,Haryana,हरियाणा,20.82,35.52,56.34,0.0,68.88,68.88,20.82,104.4,125.22
2019-09-01,2019,North Zone,Himachal Pradesh,हिमाचल प्रदेश,0.14,0.38,0.52,0.0,0.0,0.0,0.14,0.38,0.52
2019-09-01,2019,North Zone,Jammu & Kashmir,जम्मू और कश्मीर,1.31,0.53,1.84,0.0,0.0,0.0,1.31,0.53,1.84
2019-09-01,2019,East Zone,Jharkhand,झारखण्ड,3.35,0.47,3.82,0.0,0.0,0.0,3.35,0.47,3.82
2019-09-01,2019,South Zone,Karnataka,कर्नाटक,6.55,0.21,6.76,0.0,0.0,0.0,6.55,0.21,6.76
2019-09-01,2019,South Zone,Kerala,केरल,3.22,0.86,4.08,0.59,0.0,0.59,3.81,0.86,4.67
2019-09-01,2019,West Zone,Madhya Pradesh,मध्य प्रदेश,0.29,2.08,2.37,6.37,83.17,89.54,6.66,85.25,91.91
2019-09-01,2019,West Zone,Maharashtra,महाराष्ट्र,5.78,11.49,17.27,0.0,0.0,0.0,5.78,11.49,17.27
2019-09-01,2019,North-East Zone,Manipur,मणिपुर,0.27,0.0,0.27,0.0,0.0,0.0,0.27,0.0,0.27
2019-09-01,2019,North-East Zone,Meghalaya,मेघालय,0.13,0.0,0.13,0.0,0.0,0.0,0.13,0.0,0.13
2019-09-01,2019,North-East Zone,Mizoram,मिजोरम,0.16,0.0,0.16,0.0,0.0,0.0,0.16,0.0,0.16
2019-09-01,2019,North-East Zone,Nagaland,नागालैंड,0.33,0.0,0.33,0.0,0.0,0.0,0.33,0.0,0.33
2019-09-01,2019,East Zone,Odisha,ओडिशा,2.89,1.39,4.28,8.03,0.0,8.03,10.92,1.39,12.31
2019-09-01,2019,North Zone,Punjab,पंजाब,95.09,18.3,113.39,0.0,126.43,126.43,95.09,144.73,239.82
2019-09-01,2019,North Zone,Rajasthan,राजस्थान,0.13,16.2,16.33,0.0,0.0,0.0,0.13,16.2,16.33
2019-09-01,2019,South Zone,Tamil Nadu,तमिलनाडु,10.99,0.62,11.61,2.51,0.0,2.51,13.5,0.62,14.12
2019-09-01,2019,South Zone,Telangana,तेलंगाना,17.86,0.13,17.99,6.39,0.0,6.39,24.25,0.13,24.38
2019-09-01,2019,North-East Zone,Tripura,त्रिपुरा,0.27,0.04,0.31,0.0,0.0,0.0,0.27,0.04,0.31
2019-09-01,2019,North Zone,Uttar Pradesh,उत्तर प्रदेश,15.05,25.48,40.53,0.0,0.0,0.0,15.05,25.48,40.53
2019-09-01,2019,North Zone,Uttarakhand,उत्तराखण्ड,0.97,0.49,1.46,0.4,0.0,0.4,1.37,0.49,1.86
2019-09-01,2019,East Zone,West Bengal,पश्चिम बंगाल,0.61,6.66,7.27,3.39,0.0,3.39,4.0,6.66,10.66
2019-10-01,2019,South Zone,Andhra Pradesh,आन्ध्र प्रदेश,10.92,0.08,11.0,8.92,0.0,8.92,19.84,0.08,19.92
2019-10-01,2019,North-East Zone,Arunachal Pradesh,अरुणाचल प्रदेश,0.18,0.0,0.18,0.0,0.0,0.0,0.18,0.0,0.18
2019-10-01,2019,North-East Zone,Assam,असम,2.88,0.18,3.06,0.0,0.0,0.0,2.88,0.18,3.06
2019-10-01,2019,East Zone,Bihar,बिहार,2.9,4.02,6.92,0.14,0.0,0.14,3.04,4.02,7.06
2019-10-01,2019,West Zone,Chhattisgarh,छत्तीसगढ,8.26,0.22,8.48,5.31,0.0,5.31,13.57,0.22,13.79
2019-10-01,2019,North Zone,Delhi,दिल्ली,0.19,1.96,2.15,0.0,0.0,0.0,0.19,1.96,2.15
2019-10-01,2019,West Zone,Gujarat,गुजरात,0.54,5.51,6.05,0.0,0.0,0.0,0.54,5.51,6.05
2019-10-01,2019,North Zone,Haryana,हरियाणा,18.98,35.39,54.37,0.0,63.26,63.26,18.98,98.65,117.63
2019-10-01,2019,North Zone,Himachal Pradesh,हिमाचल प्रदेश,0.17,0.37,0.54,0.0,0.0,0.0,0.17,0.37,0.54
2019-10-01,2019,North Zone,Jammu & Kashmir,जम्मू और कश्मीर,1.31,0.53,1.84,0.0,0.0,0.0,1.31,0.53,1.84
2019-10-01,2019,East Zone,Jharkhand,झारखण्ड,3.2,0.43,3.63,0.0,0.0,0.0,3.2,0.43,3.63
2019-10-01,2019,South Zone,Karnataka,कर्नाटक,6.46,0.31,6.77,0.46,0.0,0.46,6.92,0.31,7.23
2019-10-01,2019,South Zone,Kerala,केरल,3.19,0.86,4.05,0.72,0.0,0.72,3.91,0.86,4.77
2019-10-01,2019,West Zone,Madhya Pradesh,मध्य प्रदेश,0.45,2.07,2.52,7.21,79.92,87.13,7.66,81.99,89.65
2019-10-01,2019,West Zone,Maharashtra,महाराष्ट्र,5.63,11.58,17.21,0.0,0.0,0.0,5.63,11.58,17.21
2019-10-01,2019,North-East Zone,Manipur,मणिपुर,0.21,0.0,0.21,0.0,0.0,0.0,0.21,0.0,0.21
2019-10-01,2019,North-East Zone,Meghalaya,मेघालय,0.17,0.0,0.17,0.0,0.0,0.0,0.17,0.0,0.17
2019-10-01,2019,North-East Zone,Mizoram,मिजोरम,0.18,0.0,0.18,0.0,0.0,0.0,0.18,0.0,0.18
2019-10-01,2019,North-East Zone,Nagaland,नागालैंड,0.34,0.0,0.34,0.0,0.0,0.0,0.34,0.0,0.34
2019-10-01,2019,East Zone,Odisha,ओडिशा,2.73,1.66,4.39,8.49,0.0,8.49,11.22,1.66,12.88
2019-10-01,2019,North Zone,Punjab,पंजाब,88.85,17.39,106.24,0.0,117.65,117.65,88.85,135.04,223.89
2019-10-01,2019,North Zone,Rajasthan,राजस्थान,0.18,15.33,15.51,0.0,0.0,0.0,0.18,15.33,15.51
2019-10-01,2019,South Zone,Tamil Nadu,तमिलनाडु,11.21,0.49,11.7,1.91,0.0,1.91,13.12,0.49,13.61
2019-10-01,2019,South Zone,Telangana,तेलंगाना,19.3,0.12,19.42,4.98,0.0,4.98,24.28,0.12,24.4
2019-10-01,2019,North-East Zone,Tripura,त्रिपुरा,0.28,0.03,0.31,0.0,0.0,0.0,0.28,0.03,0.31
2019-10-01,2019,North Zone,Uttar Pradesh,उत्तर प्रदेश,13.52,23.9,37.42,0.0,0.0,0.0,13.52,23.9,37.42
2019-10-01,2019,North Zone,Uttarakhand,उत्तराखण्ड,0.94,0.47,1.41,0.19,0.0,0.19,1.13,0.47,1.6
2019-10-01,2019,East Zone,West Bengal,पश्चिम बंगाल,0.56,6.86,7.42,3.52,0.0,3.52,4.08,6.86,10.94
2019-11-01,2019,South Zone,Andhra Pradesh,आन्ध्र प्रदेश,9.9,0.06,9.96,7.91,0.0,7.91,17.81,0.06,17.87
2019-11-01,2019,North-East Zone,Arunachal Pradesh,अरुणाचल प्रदेश,0.17,0.0,0.17,0.0,0.0,0.0,0.17,0.0,0.17
2019-11-01,2019,North-East Zone,Assam,असम,2.97,0.17,3.14,0.0,0.0,0.0,2.97,0.17,3.14
2019-11-01,2019,East Zone,Bihar,बिहार,2.9,3.45,6.35,0.01,0.0,0.01,2.91,3.45,6.36
2019-11-01,2019,West Zone,Chhattisgarh,छत्तीसगढ,7.81,0.24,8.05,4.14,0.0,4.14,11.95,0.24,12.19
2019-11-01,2019,North Zone,Delhi,दिल्ली,0.21,2.03,2.24,0.0,0.0,0.0,0.21,2.03,2.24
2019-11-01,2019,West Zone,Gujarat,गुजरात,0.71,5.77,6.48,0.0,0.0,0.0,0.71,5.77,6.48
2019-11-01,2019,North Zone,Haryana,हरियाणा,16.62,34.74,51.36,0.0,58.77,58.77,16.62,93.51,110.13
2019-11-01,2019,North Zone,Himachal Pradesh,हिमाचल प्रदेश,0.19,0.4,0.59,0.0,0.0,0.0,0.19,0.4,0.59
2019-11-01,2019,North Zone,Jammu & Kashmir,जम्मू और कश्मीर,1.31,0.53,1.84,0.0,0.0,0.0,1.31,0.53,1.84
2019-11-01,2019,East Zone,Jharkhand,झारखण्ड,3.13,0.38,3.51,0.0,0.0,0.0,3.13,0.38,3.51
2019-11-01,2019,South Zone,Karnataka,कर्नाटक,6.79,0.4,7.19,0.56,0.0,0.56,7.35,0.4,7.75
2019-11-01,2019,South Zone,Kerala,केरल,3.48,0.9,4.38,0.84,0.0,0.84,4.32,0.9,5.22
2019-11-01,2019,West Zone,Madhya Pradesh,मध्य प्रदेश,0.51,2.05,2.56,7.42,77.13,84.55,7.93,79.18,87.11
2019-11-01,2019,West Zone,Maharashtra,महाराष्ट्र,5.39,11.82,17.21,0.0,0.0,0.0,5.39,11.82,17.21
2019-11-01,2019,North-East Zone,Manipur,मणिपुर,0.19,0.0,0.19,0.0,0.0,0.0,0.19,0.0,0.19
2019-11-01,2019,North-East Zone,Meghalaya,मेघालय,0.16,0.01,0.17,0.0,0.0,0.0,0.16,0.01,0.17
2019-11-01,2019,North-East Zone,Mizoram,मिजोरम,0.19,0.0,0.19,0.0,0.0,0.0,0.19,0.0,0.19
2019-11-01,2019,North-East Zone,Nagaland,नागालैंड,0.37,0.0,0.37,0.0,0.0,0.0,0.37,0.0,0.37
2019-11-01,2019,East Zone,Odisha,ओडिशा,2.41,1.41,3.82,6.18,0.0,6.18,8.59,1.41,10.0
2019-11-01,2019,North Zone,Punjab,पंजाब,82.44,16.49,98.93,0.0,110.66,110.66,82.44,127.15,209.59
2019-11-01,2019,North Zone,Rajasthan,राजस्थान,0.23,14.65,14.88,0.0,0.0,0.0,0.23,14.65,14.88
2019-11-01,2019,South Zone,Tamil Nadu,तमिलनाडु,11.42,0.57,11.99,1.21,0.0,1.21,12.63,0.57,13.2
2019-11-01,2019,South Zone,Telangana,तेलंगाना,19.68,0.09,19.77,3.55,0.0,3.55,23.23,0.09,23.32
2019-11-01,2019,North-East Zone,Tripura,त्रिपुरा,0.22,0.03,0.25,0.0,0.0,0.0,0.22,0.03,0.25
2019-11-01,2019,North Zone,Uttar Pradesh,उत्तर प्रदेश,11.1,21.23,32.33,0.0,0.0,0.0,11.1,21.23,32.33
2019-11-01,2019,North Zone,Uttarakhand,उत्तराखण्ड,0.91,0.42,1.33,0.02,0.0,0.02,0.93,0.42,1.35
2019-11-01,2019,East Zone,West Bengal,पश्चिम बंगाल,0.55,6.99,7.54,3.48,0.0,3.48,4.03,6.99,11.02
2019-12-01,2019,South Zone,Andhra Pradesh,आन्ध्र प्रदेश,8.39,0.07,8.46,5.63,0.0,5.63,14.02,0.07,14.09
2019-12-01,2019,North-East Zone,Arunachal Pradesh,अरुणाचल प्रदेश,0.16,0.0,0.16,0.0,0.0,0.0,0.16,0.0,0.16
2019-12-01,2019,North-East Zone,Assam,असम,2.8,0.14,2.94,0.0,0.0,0.0,2.8,0.14,2.94
2019-12-01,2019,East Zone,Bihar,बिहार,2.72,3.1,5.82,0.0,0.0,0.0,2.72,3.1,5.82
2019-12-01,2019,West Zone,Chhattisgarh,छत्तीसगढ,7.08,0.19,7.27,2.92,0.0,2.92,10.0,0.19,10.19
2019-12-01,2019,North Zone,Delhi,दिल्ली,0.21,2.16,2.37,0.0,0.0,0.0,0.21,2.16,2.37
2019-12-01,2019,West Zone,Gujarat,गुजरात,0.55,5.74,6.29,0.0,0.0,0.0,0.55,5.74,6.29
2019-12-01,2019,North Zone,Haryana,हरियाणा,17.76,32.29,50.05,0.0,55.5,55.5,17.76,87.79,105.55
2019-12-01,2019,North Zone,Himachal Pradesh,हिमाचल प्रदेश,0.17,0.43,0.6,0.0,0.0,0.0,0.17,0.43,0.6
2019-12-01,2019,North Zone,Jammu & Kashmir,जम्मू और कश्मीर,1.28,0.66,1.94,0.0,0.0,0.0,1.28,0.66,1.94
2019-12-01,2019,East Zone,Jharkhand,झारखण्ड,2.65,0.31,2.96,0.0,0.0,0.0,2.65,0.31,2.96
2019-12-01,2019,South Zone,Karnataka,कर्नाटक,6.12,0.42,6.54,0.0,0.0,0.0,6.12,0.42,6.54
2019-12-01,2019,South Zone,Kerala,केरल,3.59,0.94,4.53,0.21,0.0,0.21,3.8,0.94,4.74
2019-12-01,2019,West Zone,Madhya Pradesh,मध्य प्रदेश,0.48,2.01,2.49,7.49,73.46,80.95,7.97,75.47,83.44
2019-12-01,2019,West Zone,Maharashtra,महाराष्ट्र,4.92,11.31,16.23,0.0,0.0,0.0,4.92,11.31,16.23
2019-12-01,2019,North-East Zone,Manipur,मणिपुर,0.16,0.0,0.16,0.0,0.0,0.0,0.16,0.0,0.16
2019-12-01,2019,North-East Zone,Meghalaya,मेघालय,0.16,0.0,0.16,0.0,0.0,0.0,0.16,0.0,0.16
2019-12-01,2019,North-East Zone,Mizoram,मिजोरम,0.23,0.0,0.23,0.0,0.0,0.0,0.23,0.0,0.23
2019-12-01,2019,North-East Zone,Nagaland,नागालैंड,0.32,0.0,0.32,0.0,0.0,0.0,0.32,0.0,0.32
2019-12-01,2019,East Zone,Odisha,ओडिशा,1.16,1.57,2.73,5.64,0.0,5.64,6.8,1.57,8.37
2019-12-01,2019,North Zone,Punjab,पंजाब,75.94,15.08,91.02,0.0,103.34,103.34,75.94,118.42,194.36
2019-12-01,2019,North Zone,Rajasthan,राजस्थान,0.17,13.59,13.76,0.0,0.0,0.0,0.17,13.59,13.76
2019-12-01,2019,South Zone,Tamil Nadu,तमिलनाडु,11.33,0.5,11.83,1.21,0.0,1.21,12.54,0.5,13.04
2019-12-01,2019,South Zone,Telangana,तेलंगाना,19.7,0.08,19.78,2.97,0.0,2.97,22.67,0.08,22.75
2019-12-01,2019,North-East Zone,Tripura,त्रिपुरा,0.27,0.03,0.3,0.0,0.0,0.0,0.27,0.03,0.3
2019-12-01,2019,North Zone,Uttar Pradesh,उत्तर प्रदेश,11.33,18.67,30.0,0.0,0.0,0.0,11.33,18.67,30.0
2019-12-01,2019,North Zone,Uttarakhand,उत्तराखण्ड,0.75,0.4,1.15,0.16,0.0,0.16,0.91,0.4,1.31
2019-12-01,2019,East Zone,West Bengal,पश्चिम बंगाल,0.3,7.16,7.46,2.06,0.0,2.06,2.36,7.16,9.52
2020-01-01,2020,South Zone,Andhra Pradesh,आन्ध्र प्रदेश,5.93,0.12,6.05,5.8,0.0,5.8,11.73,0.12,11.85
2020-01-01,2020,North-East Zone,Arunachal Pradesh,अरुणाचल प्रदेश,0.13,0.0,0.13,0.0,0.0,0.0,0.13,0.0,0.13
2020-01-01,2020,North-East Zone,Assam,असम,2.91,0.13,3.04,0.0,0.0,0.0,2.91,0.13,3.04
2020-01-01,2020,East Zone,Bihar,बिहार,3.67,3.31,6.98,0.0,0.0,0.0,3.67,3.31,6.98
2020-01-01,2020,West Zone,Chhattisgarh,छत्तीसगढ,6.82,0.18,7.0,3.74,0.0,3.74,10.56,0.18,10.74
2020-01-01,2020,North Zone,Delhi,दिल्ली,0.2,2.4,2.6,0.0,0.0,0.0,0.2,2.4,2.6
2020-01-01,2020,West Zone,Gujarat,गुजरात,0.74,5.91,6.65,0.0,0.0,0.0,0.74,5.91,6.65
2020-01-01,2020,North Zone,Haryana,हरियाणा,23.27,29.39,52.66,0.0,52.04,52.04,23.27,81.43,104.7
2020-01-01,2020,North Zone,Himachal Pradesh,हिमाचल प्रदेश,0.21,0.46,0.67,0.0,0.0,0.0,0.21,0.46,0.67
2020-01-01,2020,North Zone,Jammu & Kashmir,जम्मू और कश्मीर,1.35,0.64,1.99,0.0,0.0,0.0,1.35,0.64,1.99
2020-01-01,2020,East Zone,Jharkhand,झारखण्ड,2.58,0.25,2.83,0.0,0.0,0.0,2.58,0.25,2.83
2020-01-01,2020,South Zone,Karnataka,कर्नाटक,7.44,0.45,7.89,0.0,0.0,0.0,7.44,0.45,7.89
2020-01-01,2020,South Zone,Kerala,केरल,3.39,0.87,4.26,0.42,0.0,0.42,3.81,0.87,4.68
2020-01-01,2020,West Zone,Madhya Pradesh,मध्य प्रदेश,0.51,1.74,2.25,7.27,68.11,75.38,7.78,69.85,77.63
2020-01-01,2020,West Zone,Maharashtra,महाराष्ट्र,4.92,11.78,16.7,0.0,0.0,0.0,4.92,11.78,16.7
2020-01-01,2020,North-East Zone,Manipur,मणिपुर,0.2,0.0,0.2,0.0,0.0,0.0,0.2,0.0,0.2
2020-01-01,2020,North-East Zone,Meghalaya,मेघालय,0.15,0.01,0.16,0.0,0.0,0.0,0.15,0.01,0.16
2020-01-01,2020,North-East Zone,Mizoram,मिजोरम,0.16,0.0,0.16,0.0,0.0,0.0,0.16,0.0,0.16
2020-01-01,2020,North-East Zone,Nagaland,नागालैंड,0.28,0.0,0.28,0.0,0.0,0.0,0.28,0.0,0.28
2020-01-01,2020,East Zone,Odisha,ओडिशा,1.66,1.74,3.4,5.46,0.0,5.46,7.12,1.74,8.86
2020-01-01,2020,North Zone,Punjab,पंजाब,86.37,13.63,100.0,0.0,95.38,95.38,86.37,109.01,195.38
2020-01-01,2020,North Zone,Rajasthan,राजस्थान,0.22,13.02,13.24,0.0,0.0,0.0,0.22,13.02,13.24
2020-01-01,2020,South Zone,Tamil Nadu,तमिलनाडु,11.56,0.45,12.01,1.23,0.0,1.23,12.79,0.45,13.24
2020-01-01,2020,South Zone,Telangana,तेलंगाना,18.93,0.1,19.03,5.02,0.0,5.02,23.95,0.1,24.05
2020-01-01,2020,North-East Zone,Tripura,त्रिपुरा,0.26,0.03,0.29,0.0,0.0,0.0,0.26,0.03,0.29
2020-01-01,2020,North Zone,Uttar Pradesh,उत्तर प्रदेश,17.38,16.21,33.59,0.0,0.0,0.0,17.38,16.21,33.59
2020-01-01,2020,North Zone,Uttarakhand,उत्तराखण्ड,1.07,0.46,1.53,0.53,0.0,0.53,1.6,0.46,2.06
2020-01-01,2020,East Zone,West Bengal,पश्चिम बंगाल,0.23,6.44,6.67,0.92,0.0,0.92,1.15,6.44,7.59
2020-02-01,2020,South Zone,Andhra Pradesh,आन्ध्र प्रदेश,6.92,0.13,7.05,8.5,0.0,8.5,15.42,0.13,15.55
2020-02-01,2020,North-East Zone,Arunachal Pradesh,अरुणाचल प्रदेश,0.17,0.0,0.17,0.0,0.0,0.0,0.17,0.0,0.17
2020-02-01,2020,North-East Zone,Assam,असम,3.09,0.2,3.29,0.0,0.0,0.0,3.09,0.2,3.29
2020-02-01,2020,East Zone,Bihar,बिहार,3.86,3.55,7.41,0.02,0.0,0.02,3.88,3.55,7.43
2020-02-01,2020,West Zone,Chhattisgarh,छत्तीसगढ,8.03,0.14,8.17,7.35,0.0,7.35,15.38,0.14,15.52
2020-02-01,2020,North Zone,Delhi,दिल्ली,0.15,2.62,2.77,0.0,0.0,0.0,0.15,2.62,2.77
2020-02-01,2020,West Zone,Gujarat,गुजरात,0.68,5.83,6.51,0.0,0.0,0.0,0.68,5.83,6.51
2020-02-01,2020,North Zone,Haryana,हरियाणा,28.34,26.72,55.06,0.0,47.66,47.66,28.34,74.38,102.72
2020-02-01,2020,North Zone,Himachal Pradesh,हिमाचल प्रदेश,0.21,0.46,0.67,0.0,0.0,0.0,0.21,0.46,0.67
2020-02-01,2020,North Zone,Jammu & Kashmir,जम्मू और कश्मीर,1.3,0.61,1.91,0.0,0.0,0.0,1.3,0.61,1.91
2020-02-01,2020,East Zone,Jharkhand,झारखण्ड,3.04,0.22,3.26,0.0,0.0,0.0,3.04,0.22,3.26
2020-02-01,2020,South Zone,Karnataka,कर्नाटक,6.96,0.46,7.42,0.0,0.0,0.0,6.96,0.46,7.42
2020-02-01,2020,South Zone,Kerala,केरल,3.61,0.93,4.54,0.17,0.0,0.17,3.78,0.93,4.71
2020-02-01,2020,West Zone,Madhya Pradesh,मध्य प्रदेश,0.44,1.66,2.1,6.73,61.16,67.89,7.17,62.82,69.99
2020-02-01,2020,West Zone,Maharashtra,महाराष्ट्र,5.0,11.71,16.71,0.0,0.0,0.0,5.0,11.71,16.71
2020-02-01,2020,North-East Zone,Manipur,मणिपुर,0.24,0.0,0.24,0.0,0.0,0.0,0.24,0.0,0.24
2020-02-01,2020,North-East Zone,Meghalaya,मेघालय,0.16,0.01,0.17,0.0,0.0,0.0,0.16,0.01,0.17
2020-02-01,2020,North-East Zone,Mizoram,मिजोरम,0.18,0.0,0.18,0.0,0.0,0.0,0.18,0.0,0.18
2020-02-01,2020,North-East Zone,Nagaland,नागालैंड,0.3,0.0,0.3,0.0,0.0,0.0,0.3,0.0,0.3
2020-02-01,2020,East Zone,Odisha,ओडिशा,2.7,1.66,4.36,4.69,0.0,4.69,7.39,1.66,9.05
2020-02-01,2020,North Zone,Punjab,पंजाब,101.24,12.81,114.05,0.0,88.33,88.33,101.24,101.14,202.38
2020-02-01,2020,North Zone,Rajasthan,राजस्थान,0.21,12.34,12.55,0.0,0.0,0.0,0.21,12.34,12.55
2020-02-01,2020,South Zone,Tamil Nadu,तमिलनाडु,11.59,0.69,12.28,0.73,0.0,0.73,12.32,0.69,13.01
2020-02-01,2020,South Zone,Telangana,तेलंगाना,18.7,0.05,18.75,7.04,0.0,7.04,25.74,0.05,25.79
2020-02-01,2020,North-East Zone,Tripura,त्रिपुरा,0.24,0.04,0.28,0.0,0.0,0.0,0.24,0.04,0.28
2020-02-01,2020,North Zone,Uttar Pradesh,उत्तर प्रदेश,24.27,13.48,37.75,0.0,0.0,0.0,24.27,13.48,37.75
2020-02-01,2020,North Zone,Uttarakhand,उत्तराखण्ड,1.16,0.46,1.62,0.58,0.0,0.58,1.74,0.46,2.2
2020-02-01,2020,East Zone,West Bengal,पश्चिम बंगाल,0.22,6.77,6.99,1.74,0.0,1.74,1.96,6.77,8.73
2020-03-01,2020,South Zone,Andhra Pradesh,आन्ध्र प्रदेश,8.54,0.09,8.63,12.58,0.0,12.58,21.12,0.09,21.21
2020-03-01,2020,North-East Zone,Arunachal Pradesh,अरुणाचल प्रदेश,0.19,0.0,0.19,0.0,0.0,0.0,0.19,0.0,0.19
2020-03-01,2020,North-East Zone,Assam,असम,2.87,0.29,3.16,0.0,0.0,0.0,2.87,0.29,3.16
2020-03-01,2020,East Zone,Bihar,बिहार,3.74,3.94,7.68,1.53,0.0,1.53,5.27,3.94,9.21
2020-03-01,2020,West Zone,Chhattisgarh,छत्तीसगढ,8.08,0.19,8.27,11.24,0.0,11.24,19.32,0.19,19.51
2020-03-01,2020,North Zone,Delhi,दिल्ली,0.14,2.64,2.78,0.0,0.0,0.0,0.14,2.64,2.78
2020-03-01,2020,West Zone,Gujarat,गुजरात,0.57,5.85,6.42,0.0,0.0,0.0,0.57,5.85,6.42
2020-03-01,2020,North Zone,Haryana,हरियाणा,31.61,23.63,55.24,0.0,41.72,41.72,31.61,65.35,96.96
2020-03-01,2020,North Zone,Himachal Pradesh,हिमाचल प्रदेश,0.24,0.49,0.73,0.0,0.0,0.0,0.24,0.49,0.73
2020-03-01,2020,North Zone,Jammu & Kashmir,जम्मू और कश्मीर,1.57,0.61,2.18,0.0,0.0,0.0,1.57,0.61,2.18
2020-03-01,2020,East Zone,Jharkhand,झारखण्ड,3.38,0.18,3.56,0.0,0.0,0.0,3.38,0.18,3.56
2020-03-01,2020,South Zone,Karnataka,कर्नाटक,7.32,0.44,7.76,0.0,0.0,0.0,7.32,0.44,7.76
2020-03-01,2020,South Zone,Kerala,केरल,3.54,0.96,4.5,0.2,0.0,0.2,3.74,0.96,4.7
2020-03-01,2020,West Zone,Madhya Pradesh,मध्य प्रदेश,0.52,1.53,2.05,6.28,53.89,60.17,6.8,55.42,62.22
2020-03-01,2020,West Zone,Maharashtra,महाराष्ट्र,5.78,12.15,17.93,0.0,0.0,0.0,5.78,12.15,17.93
2020-03-01,2020,North-East Zone,Manipur,मणिपुर,0.3,0.0,0.3,0.0,0.0,0.0,0.3,0.0,0.3
2020-03-01,2020,North-East Zone,Meghalaya,मेघालय,0.17,0.02,0.19,0.0,0.0,0.0,0.17,0.02,0.19
2020-03-01,2020,North-East Zone,Mizoram,मिजोरम,0.15,0.0,0.15,0.0,0.0,0.0,0.15,0.0,0.15
2020-03-01,2020,North-East Zone,Nagaland,नागालैंड,0.37,0.0,0.37,0.0,0.0,0.0,0.37,0.0,0.37
2020-03-01,2020,East Zone,Odisha,ओडिशा,3.2,1.68,4.88,5.59,0.0,5.59,8.79,1.68,10.47
2020-03-01,2020,North Zone,Punjab,पंजाब,110.86,11.69,122.55,0.0,79.97,79.97,110.86,91.66,202.52
2020-03-01,2020,North Zone,Rajasthan,राजस्थान,0.14,11.19,11.33,0.0,0.0,0.0,0.14,11.19,11.33
2020-03-01,2020,South Zone,Tamil Nadu,तमिलनाडु,12.85,0.64,13.49,1.3,0.0,1.3,14.15,0.64,14.79
2020-03-01,2020,South Zone,Telangana,तेलंगाना,19.49,0.06,19.55,8.21,0.0,8.21,27.7,0.06,27.76
2020-03-01,2020,North-East Zone,Tripura,त्रिपुरा,0.24,0.01,0.25,0.0,0.0,0.0,0.24,0.01,0.25
2020-03-01,2020,North Zone,Uttar Pradesh,उत्तर प्रदेश,27.75,10.47,38.22,0.0,0.0,0.0,27.75,10.47,38.22
2020-03-01,2020,North Zone,Uttarakhand,उत्तराखण्ड,1.23,0.45,1.68,0.62,0.0,0.62,1.85,0.45,2.3
2020-03-01,2020,East Zone,West Bengal,पश्चिम बंगाल,0.17,7.46,7.63,2.85,0.0,2.85,3.02,7.46,10.48
2020-04-01,2020,South Zone,Andhra Pradesh,आन्ध्र प्रदेश,9.17,0.11,9.28,16.58,0.0,16.58,25.75,0.11,25.86
2020-04-01,2020,North-East Zone,Arunachal Pradesh,अरुणाचल प्रदेश,0.22,0.0,0.22,0.0,0.0,0.0,0.22,0.0,0.22
2020-04-01,2020,North-East Zone,Assam,असम,3.03,0.28,3.31,0.0,0.0,0.0,3.03,0.28,3.31
2020-04-01,2020,East Zone,Bihar,बिहार,4.39,4.43,8.82,4.11,0.0,4.11,8.5,4.43,12.93
2020-04-01,2020,West Zone,Chhattisgarh,छत्तीसगढ,8.79,0.19,8.98,11.57,0.0,11.57,20.36,0.19,20.55
2020-04-01,2020,North Zone,Delhi,दिल्ली,0.29,2.49,2.78,0.0,0.0,0.0,0.29,2.49,2.78
2020-04-01,2020,West Zone,Gujarat,गुजरात,0.82,5.49,6.31,0.0,0.0,0.0,0.82,5.49,6.31
2020-04-01,2020,North Zone,Haryana,हरियाणा,33.68,20.95,54.63,0.0,36.9,36.9,33.68,57.85,91.53
2020-04-01,2020,North Zone,Himachal Pradesh,हिमाचल प्रदेश,0.24,0.44,0.68,0.0,0.0,0.0,0.24,0.44,0.68
2020-04-01,2020,North Zone,Jammu & Kashmir,जम्मू और कश्मीर,1.37,0.62,1.99,0.0,0.0,0.0,1.37,0.62,1.99
2020-04-01,2020,East Zone,Jharkhand,झारखण्ड,2.89,0.15,3.04,0.0,0.0,0.0,2.89,0.15,3.04
2020-04-01,2020,South Zone,Karnataka,कर्नाटक,7.17,0.52,7.69,0.0,0.0,0.0,7.17,0.52,7.69
2020-04-01,2020,South Zone,Kerala,केरल,3.53,0.91,4.44,0.18,0.0,0.18,3.71,0.91,4.62
2020-04-01,2020,West Zone,Madhya Pradesh,मध्य प्रदेश,0.46,1.4,1.86,5.64,49.58,55.22,6.1,50.98,57.08
2020-04-01,2020,West Zone,Maharashtra,महाराष्ट्र,6.45,11.52,17.97,0.0,0.0,0.0,6.45,11.52,17.97
2020-04-01,2020,North-East Zone,Manipur,मणिपुर,0.33,0.0,0.33,0.0,0.0,0.0,0.33,0.0,0.33
2020-04-01,2020,North-East Zone,Meghalaya,मेघालय,0.13,0.01,0.14,0.0,0.0,0.0,0.13,0.01,0.14
2020-04-01,2020,North-East Zone,Mizoram,मिजोरम,0.14,0.01,0.15,0.0,0.0,0.0,0.14,0.01,0.15
2020-04-01,2020,North-East Zone,Nagaland,नागालैंड,0.43,0.0,0.43,0.0,0.0,0.0,0.43,0.0,0.43
2020-04-01,2020,East Zone,Odisha,ओडिशा,3.41,1.75,5.16,5.49,0.0,5.49,8.9,1.75,10.65
2020-04-01,2020,North Zone,Punjab,पंजाब,113.28,10.25,123.53,0.0,70.67,70.67,113.28,80.92,194.2
2020-04-01,2020,North Zone,Rajasthan,राजस्थान,0.17,9.33,9.5,0.0,0.0,0.0,0.17,9.33,9.5
2020-04-01,2020,South Zone,Tamil Nadu,तमिलनाडु,12.56,0.64,13.2,1.92,0.0,1.92,14.48,0.64,15.12
2020-04-01,2020,South Zone,Telangana,तेलंगाना,19.42,0.1,19.52,7.54,0.0,7.54,26.96,0.1,27.06
2020-04-01,2020,North-East Zone,Tripura,त्रिपुरा,0.23,0.05,0.28,0.0,0.0,0.0,0.23,0.05,0.28
2020-04-01,2020,North Zone,Uttar Pradesh,उत्तर प्रदेश,28.3,7.46,35.76,0.0,0.0,0.0,28.3,7.46,35.76
2020-04-01,2020,North Zone,Uttarakhand,उत्तराखण्ड,1.27,0.32,1.59,0.6,0.0,0.6,1.87,0.32,2.19
2020-04-01,2020,East Zone,West Bengal,पश्चिम बंगाल,0.24,7.51,7.75,3.01,0.0,3.01,3.25,7.51,10.76
2020-05-01,2020,South Zone,Andhra Pradesh,आन्ध्र प्रदेश,5.84,0.14,5.98,17.64,0.0,17.64,23.48,0.14,23.62
2020-05-01,2020,North-East Zone,Arunachal Pradesh,अरुणाचल प्रदेश,0.21,0.0,0.21,0.0,0.0,0.0,0.21,0.0,0.21
2020-05-01,2020,North-East Zone,Assam,असम,3.32,0.18,3.5,0.0,0.0,0.0,3.32,0.18,3.5
2020-05-01,2020,East Zone,Bihar,बिहार,5.41,4.01,9.42,2.75,0.0,2.75,8.16,4.01,12.17
2020-05-01,2020,West Zone,Chhattisgarh,छत्तीसगढ,7.11,0.14,7.25,10.63,0.0,10.63,17.74,0.14,17.88
2020-05-01,2020,North Zone,Delhi,दिल्ली,0.52,2.06,2.58,0.0,0.0,0.0,0.52,2.06,2.58
2020-05-01,2020,West Zone,Gujarat,गुजरात,1.38,4.93,6.31,0.0,0.02,0.02,1.38,4.95,6.33
2020-05-01,2020,North Zone,Haryana,हरियाणा,26.98,20.31,47.29,0.0,41.15,41.15,26.98,61.46,88.44
2020-05-01,2020,North Zone,Himachal Pradesh,हिमाचल प्रदेश,0.23,0.52,0.75,0.0,0.0,0.0,0.23,0.52,0.75
2020-05-01,2020,North Zone,Jammu & Kashmir,जम्मू और कश्मीर,1.35,0.56,1.91,0.0,0.0,0.0,1.35,0.56,1.91
2020-05-01,2020,East Zone,Jharkhand,झारखण्ड,2.57,0.34,2.91,0.0,0.0,0.0,2.57,0.34,2.91
2020-05-01,2020,South Zone,Karnataka,कर्नाटक,6.02,0.33,6.35,0.0,0.0,0.0,6.02,0.33,6.35
2020-05-01,2020,South Zone,Kerala,केरल,3.41,0.97,4.38,0.35,0.0,0.35,3.76,0.97,4.73
2020-05-01,2020,West Zone,Madhya Pradesh,मध्य प्रदेश,0.43,1.33,1.76,2.58,75.57,78.15,3.01,76.9,79.91
2020-05-01,2020,West Zone,Maharashtra,महाराष्ट्र,5.85,10.75,16.6,0.0,0.0,0.0,5.85,10.75,16.6
2020-05-01,2020,North-East Zone,Manipur,मणिपुर,0.37,0.0,0.37,0.0,0.0,0.0,0.37,0.0,0.37
2020-05-01,2020,North-East Zone,Meghalaya,मेघालय,0.2,0.01,0.21,0.0,0.0,0.0,0.2,0.01,0.21
2020-05-01,2020,North-East Zone,Mizoram,मिजोरम,0.16,0.01,0.17,0.0,0.0,0.0,0.16,0.01,0.17
2020-05-01,2020,North-East Zone,Nagaland,नागालैंड,0.33,0.0,0.33,0.0,0.0,0.0,0.33,0.0,0.33
2020-05-01,2020,East Zone,Odisha,ओडिशा,2.08,1.52,3.6,3.98,0.0,3.98,6.06,1.52,7.58
2020-05-01,2020,North Zone,Punjab,पंजाब,102.6,12.68,115.28,0.0,97.44,97.44,102.6,110.12,212.72
2020-05-01,2020,North Zone,Rajasthan,राजस्थान,0.18,6.61,6.79,0.0,0.0,0.0,0.18,6.61,6.79
2020-05-01,2020,South Zone,Tamil Nadu,तमिलनाडु,11.54,0.72,12.26,2.49,0.0,2.49,14.03,0.72,14.75
2020-05-01,2020,South Zone,Telangana,तेलंगाना,13.6,0.12,13.72,7.49,0.0,7.49,21.09,0.12,21.21
2020-05-01,2020,North-East Zone,Tripura,त्रिपुरा,0.22,0.06,0.28,0.0,0.0,0.0,0.22,0.06,0.28
2020-05-01,2020,North Zone,Uttar Pradesh,उत्तर प्रदेश,19.41,9.43,28.84,0.0,0.0,0.0,19.41,9.43,28.84
2020-05-01,2020,North Zone,Uttarakhand,उत्तराखण्ड,0.93,0.42,1.35,0.6,0.1,0.7,1.53,0.52,2.05
2020-05-01,2020,East Zone,West Bengal,पश्चिम बंगाल,1.42,5.88,7.3,1.88,0.0,1.88,3.3,5.88,9.18
2020-06-01,2020,South Zone,Andhra Pradesh,आन्ध्र प्रदेश,7.01,0.14,7.15,18.75,0.0,18.75,25.76,0.14,25.9
2020-06-01,2020,North-East Zone,Arunachal Pradesh,अरुणाचल प्रदेश,0.2,0.0,0.2,0.0,0.0,0.0,0.2,0.0,0.2
2020-06-01,2020,North-East Zone,Assam,असम,2.1,0.11,2.21,0.0,0.0,0.0,2.1,0.11,2.21
2020-06-01,2020,East Zone,Bihar,बिहार,4.56,3.54,8.1,2.51,0.04,2.55,7.07,3.58,10.65
2020-06-01,2020,West Zone,Chhattisgarh,छत्तीसगढ,6.37,0.18,6.55,9.45,0.0,9.45,15.82,0.18,16.0
2020-06-01,2020,North Zone,Delhi,दिल्ली,0.35,1.88,2.23,0.0,0.0,0.0,0.35,1.88,2.23
2020-06-01,2020,West Zone,Gujarat,गुजरात,1.11,5.07,6.18,0.0,0.29,0.29,1.11,5.36,6.47
2020-06-01,2020,North Zone,Haryana,हरियाणा,24.61,39.67,64.28,0.0,72.95,72.95,24.61,112.62,137.23
2020-06-01,2020,North Zone,Himachal Pradesh,हिमाचल प्रदेश,0.19,0.48,0.67,0.0,0.0,0.0,0.19,0.48,0.67
2020-06-01,2020,North Zone,Jammu & Kashmir,जम्मू और कश्मीर,1.46,0.69,2.15,0.0,0.0,0.0,1.46,0.69,2.15
2020-06-01,2020,East Zone,Jharkhand,झारखण्ड,2.76,0.33,3.09,0.0,0.0,0.0,2.76,0.33,3.09
2020-06-01,2020,South Zone,Karnataka,कर्नाटक,6.31,0.25,6.56,0.0,0.0,0.0,6.31,0.25,6.56
2020-06-01,2020,South Zone,Kerala,केरल,3.01,1.04,4.05,0.6,0.0,0.6,3.61,1.04,4.65
2020-06-01,2020,West Zone,Madhya Pradesh,मध्य प्रदेश,0.4,3.08,3.48,2.65,161.54,164.19,3.05,164.62,167.67
2020-06-01,2020,West Zone,Maharashtra,महाराष्ट्र,5.47,11.42,16.89,0.0,0.0,0.0,5.47,11.42,16.89
2020-06-01,2020,North-East Zone,Manipur,मणिपुर,0.34,0.0,0.34,0.0,0.0,0.0,0.34,0.0,0.34
2020-06-01,2020,North-East Zone,Meghalaya,मेघालय,0.21,0.01,0.22,0.0,0.0,0.0,0.21,0.01,0.22
2020-06-01,2020,North-East Zone,Mizoram,मिजोरम,0.19,0.0,0.19,0.0,0.0,0.0,0.19,0.0,0.19
2020-06-01,2020,North-East Zone,Nagaland,नागालैंड,0.29,0.0,0.29,0.0,0.0,0.0,0.29,0.0,0.29
2020-06-01,2020,East Zone,Odisha,ओडिशा,1.58,1.67,3.25,5.9,0.0,5.9,7.48,1.67,9.15
2020-06-01,2020,North Zone,Punjab,पंजाब,108.47,21.35,129.82,0.0,160.3,160.3,108.47,181.65,290.12
2020-06-01,2020,North Zone,Rajasthan,राजस्थान,0.15,14.66,14.81,0.0,0.0,0.0,0.15,14.66,14.81
2020-06-01,2020,South Zone,Tamil Nadu,तमिलनाडु,11.42,0.7,12.12,2.35,0.0,2.35,13.77,0.7,14.47
2020-06-01,2020,South Zone,Telangana,तेलंगाना,9.07,0.16,9.23,6.8,0.0,6.8,15.87,0.16,16.03
2020-06-01,2020,North-East Zone,Tripura,त्रिपुरा,0.19,0.02,0.21,0.0,0.0,0.0,0.19,0.02,0.21
2020-06-01,2020,North Zone,Uttar Pradesh,उत्तर प्रदेश,15.6,22.43,38.03,0.0,0.0,0.0,15.6,22.43,38.03
2020-06-01,2020,North Zone,Uttarakhand,उत्तराखण्ड,0.91,0.49,1.4,0.45,0.19,0.64,1.36,0.68,2.04
2020-06-01,2020,East Zone,West Bengal,पश्चिम बंगाल,0.97,5.09,6.06,1.8,0.0,1.8,2.77,5.09,7.86
2020-07-01,2020,South Zone,Andhra Pradesh,आन्ध्र प्रदेश,9.12,0.12,9.24,18.51,0.0,18.51,27.63,0.12,27.75
2020-07-01,2020,North-East Zone,Arunachal Pradesh,अरुणाचल प्रदेश,0.19,0.0,0.19,0.0,0.0,0.0,0.19,0.0,0.19
2020-07-01,2020,North-East Zone,Assam,असम,2.82,0.12,2.94,0.0,0.0,0.0,2.82,0.12,2.94
2020-07-01,2020,East Zone,Bihar,बिहार,4.88,3.36,8.24,3.35,0.01,3.36,8.23,3.37,11.6
2020-07-01,2020,West Zone,Chhattisgarh,छत्तीसगढ,7.51,0.2,7.71,8.19,0.0,8.19,15.7,0.2,15.9
2020-07-01,2020,North Zone,Delhi,दिल्ली,0.28,2.12,2.4,0.0,0.0,0.0,0.28,2.12,2.4
2020-07-01,2020,West Zone,Gujarat,गुजरात,0.87,5.31,6.18,0.04,0.65,0.69,0.91,5.96,6.87
2020-07-01,2020,North Zone,Haryana,हरियाणा,22.6,41.85,64.45,0.0,74.28,74.28,22.6,116.13,138.73
2020-07-01,2020,North Zone,Himachal Pradesh,हिमाचल प्रदेश,0.22,0.49,0.71,0.0,0.0,0.0,0.22,0.49,0.71
2020-07-01,2020,North Zone,Jammu & Kashmir,जम्मू और कश्मीर,1.36,0.69,2.05,0.0,0.0,0.0,1.36,0.69,2.05
2020-07-01,2020,East Zone,Jharkhand,झारखण्ड,3.07,0.25,3.32,0.0,0.0,0.0,3.07,0.25,3.32
2020-07-01,2020,South Zone,Karnataka,कर्नाटक,8.01,0.28,8.29,0.0,0.0,0.0,8.01,0.28,8.29
2020-07-01,2020,South Zone,Kerala,केरल,3.62,1.03,4.65,0.7,0.0,0.7,4.32,1.03,5.35
2020-07-01,2020,West Zone,Madhya Pradesh,मध्य प्रदेश,0.35,3.16,3.51,3.39,159.34,162.73,3.74,162.5,166.24
2020-07-01,2020,West Zone,Maharashtra,महाराष्ट्र,4.95,11.7,16.65,0.0,0.0,0.0,4.95,11.7,16.65
2020-07-01,2020,North-East Zone,Manipur,मणिपुर,0.27,0.0,0.27,0.0,0.0,0.0,0.27,0.0,0.27
2020-07-01,2020,North-East Zone,Meghalaya,मेघालय,0.19,0.01,0.2,0.0,0.0,0.0,0.19,0.01,0.2
2020-07-01,2020,North-East Zone,Mizoram,मिजोरम,0.17,0.0,0.17,0.0,0.0,0.0,0.17,0.0,0.17
2020-07-01,2020,North-East Zone,Nagaland,नागालैंड,0.43,0.0,0.43,0.0,0.0,0.0,0.43,0.0,0.43
2020-07-01,2020,East Zone,Odisha,ओडिशा,2.1,1.73,3.83,6.36,0.0,6.36,8.46,1.73,10.19
2020-07-01,2020,North Zone,Punjab,पंजाब,106.21,24.73,130.94,0.0,151.88,151.88,106.21,176.61,282.82
2020-07-01,2020,North Zone,Rajasthan,राजस्थान,0.23,20.89,21.12,0.0,0.0,0.0,0.23,20.89,21.12
2020-07-01,2020,South Zone,Tamil Nadu,तमिलनाडु,11.91,0.73,12.64,2.25,0.0,2.25,14.16,0.73,14.89
2020-07-01,2020,South Zone,Telangana,तेलंगाना,7.73,0.1,7.83,7.81,0.0,7.81,15.54,0.1,15.64
2020-07-01,2020,North-East Zone,Tripura,त्रिपुरा,0.17,0.03,0.2,0.0,0.0,0.0,0.17,0.03,0.2
2020-07-01,2020,North Zone,Uttar Pradesh,उत्तर प्रदेश,12.89,30.95,43.84,0.0,0.0,0.0,12.89,30.95,43.84
2020-07-01,2020,North Zone,Uttarakhand,उत्तराखण्ड,0.98,0.54,1.52,0.66,0.24,0.9,1.64,0.78,2.42
2020-07-01,2020,East Zone,West Bengal,पश्चिम बंगाल,0.62,6.26,6.88,2.42,0.0,2.42,3.04,6.26,9.3
2020-08-01,2020,South Zone,Andhra Pradesh,आन्ध्र प्रदेश,8.77,0.12,8.89,17.73,0.0,17.73,26.5,0.12,26.62
2020-08-01,2020,North-East Zone,Arunachal Pradesh,अरुणाचल प्रदेश,0.18,0.0,0.18,0.0,0.0,0.0,0.18,0.0,0.18
2020-08-01,2020,North-East Zone,Assam,असम,2.63,0.11,2.74,0.0,0.0,0.0,2.63,0.11,2.74
2020-08-01,2020,East Zone,Bihar,बिहार,4.78,3.75,8.53,3.72,0.04,3.76,8.5,3.79,12.29
2020-08-01,2020,West Zone,Chhattisgarh,छत्तीसगढ,8.38,0.16,8.54,7.43,0.0,7.43,15.81,0.16,15.97
2020-08-01,2020,North Zone,Delhi,दिल्ली,0.39,2.23,2.62,0.0,0.0,0.0,0.39,2.23,2.62
2020-08-01,2020,West Zone,Gujarat,गुजरात,0.62,5.42,6.04,0.08,0.77,0.85,0.7,6.19,6.89
2020-08-01,2020,North Zone,Haryana,हरियाणा,18.82,41.09,59.91,0.0,68.73,68.73,18.82,109.82,128.64
2020-08-01,2020,North Zone,Himachal Pradesh,हिमाचल प्रदेश,0.22,0.4,0.62,0.0,0.0,0.0,0.22,0.4,0.62
2020-08-01,2020,North Zone,Jammu & Kashmir,जम्मू और कश्मीर,1.5,0.66,2.16,0.0,0.0,0.0,1.5,0.66,2.16
2020-08-01,2020,East Zone,Jharkhand,झारखण्ड,3.0,0.24,3.24,0.0,0.0,0.0,3.0,0.24,3.24
2020-08-01,2020,South Zone,Karnataka,कर्नाटक,7.21,0.38,7.59,0.05,0.0,0.05,7.26,0.38,7.64
2020-08-01,2020,South Zone,Kerala,केरल,3.43,0.68,4.11,0.6,0.0,0.6,4.03,0.68,4.71
2020-08-01,2020,West Zone,Madhya Pradesh,मध्य प्रदेश,0.28,3.17,3.45,3.74,149.91,153.65,4.02,153.08,157.1
2020-08-01,2020,West Zone,Maharashtra,महाराष्ट्र,5.85,10.62,16.47,0.0,0.0,0.0,5.85,10.62,16.47
2020-08-01,2020,North-East Zone,Manipur,मणिपुर,0.36,0.0,0.36,0.0,0.0,0.0,0.36,0.0,0.36
2020-08-01,2020,North-East Zone,Meghalaya,मेघालय,0.17,0.01,0.18,0.0,0.0,0.0,0.17,0.01,0.18
2020-08-01,2020,North-East Zone,Mizoram,मिजोरम,0.22,0.0,0.22,0.0,0.0,0.0,0.22,0.0,0.22
2020-08-01,2020,North-East Zone,Nagaland,नागालैंड,0.43,0.0,0.43,0.0,0.0,0.0,0.43,0.0,0.43
2020-08-01,2020,East Zone,Odisha,ओडिशा,2.45,1.62,4.07,6.27,0.0,6.27,8.72,1.62,10.34
2020-08-01,2020,North Zone,Punjab,पंजाब,93.45,24.96,118.41,0.0,140.65,140.65,93.45,165.61,259.06
2020-08-01,2020,North Zone,Rajasthan,राजस्थान,0.32,18.42,18.74,0.0,0.0,0.0,0.32,18.42,18.74
2020-08-01,2020,South Zone,Tamil Nadu,तमिलनाडु,11.48,0.71,12.19,3.86,0.0,3.86,15.34,0.71,16.05
2020-08-01,2020,South Zone,Telangana,तेलंगाना,7.28,0.07,7.35,6.71,0.0,6.71,13.99,0.07,14.06
2020-08-01,2020,North-East Zone,Tripura,त्रिपुरा,0.33,0.03,0.36,0.0,0.0,0.0,0.33,0.03,0.36
2020-08-01,2020,North Zone,Uttar Pradesh,उत्तर प्रदेश,11.29,28.26,39.55,0.0,0.0,0.0,11.29,28.26,39.55
2020-08-01,2020,North Zone,Uttarakhand,उत्तराखण्ड,0.95,0.47,1.42,0.4,0.07,0.47,1.35,0.54,1.89
2020-08-01,2020,East Zone,West Bengal,पश्चिम बंगाल,0.63,5.93,6.56,3.06,0.0,3.06,3.69,5.93,9.62
2020-09-01,2020,South Zone,Andhra Pradesh,आन्ध्र प्रदेश,7.27,0.15,7.42,16.96,0.0,16.96,24.23,0.15,24.38
2020-09-01,2020,North-East Zone,Arunachal Pradesh,अरुणाचल प्रदेश,0.17,0.0,0.17,0.0,0.0,0.0,0.17,0.0,0.17
2020-09-01,2020,North-East Zone,Assam,असम,3.21,0.12,3.33,0.0,0.0,0.0,3.21,0.12,3.33
2020-09-01,2020,East Zone,Bihar,बिहार,3.81,3.92,7.73,2.37,0.02,2.39,6.18,3.94,10.12
2020-09-01,2020,West Zone,Chhattisgarh,छत्तीसगढ,7.72,0.21,7.93,6.68,0.0,6.68,14.4,0.21,14.61
2020-09-01,2020,North Zone,Delhi,दिल्ली,0.46,2.2,2.66,0.0,0.0,0.0,0.46,2.2,2.66
2020-09-01,2020,West Zone,Gujarat,गुजरात,0.73,5.17,5.9,0.09,0.77,0.86,0.82,5.94,6.76
2020-09-01,2020,North Zone,Haryana,हरियाणा,16.18,40.23,56.41,0.0,61.05,61.05,16.18,101.28,117.46
2020-09-01,2020,North Zone,Himachal Pradesh,हिमाचल प्रदेश,0.25,0.46,0.71,0.0,0.0,0.0,0.25,0.46,0.71
2020-09-01,2020,North Zone,Jammu & Kashmir,जम्मू और कश्मीर,1.4,0.57,1.97,0.0,0.0,0.0,1.4,0.57,1.97
2020-09-01,2020,East Zone,Jharkhand,झारखण्ड,2.72,0.23,2.95,0.0,0.0,0.0,2.72,0.23,2.95
2020-09-01,2020,South Zone,Karnataka,कर्नाटक,7.32,0.38,7.7,0.0,0.0,0.0,7.32,0.38,7.7
2020-09-01,2020,South Zone,Kerala,केरल,3.42,0.55,3.97,0.35,0.0,0.35,3.77,0.55,4.32
2020-09-01,2020,West Zone,Madhya Pradesh,मध्य प्रदेश,0.26,3.14,3.4,3.84,138.44,142.28,4.1,141.58,145.68
2020-09-01,2020,West Zone,Maharashtra,महाराष्ट्र,5.52,10.17,15.69,0.0,0.0,0.0,5.52,10.17,15.69
2020-09-01,2020,North-East Zone,Manipur,मणिपुर,0.43,0.0,0.43,0.0,0.0,0.0,0.43,0.0,0.43
2020-09-01,2020,North-East Zone,Meghalaya,मेघालय,0.17,0.01,0.18,0.0,0.0,0.0,0.17,0.01,0.18
2020-09-01,2020,North-East Zone,Mizoram,मिजोरम,0.21,0.01,0.22,0.0,0.0,0.0,0.21,0.01,0.22
2020-09-01,2020,North-East Zone,Nagaland,नागालैंड,0.37,0.0,0.37,0.0,0.0,0.0,0.37,0.0,0.37
2020-09-01,2020,East Zone,Odisha,ओडिशा,2.25,1.55,3.8,6.81,0.0,6.81,9.06,1.55,10.61
2020-09-01,2020,North Zone,Punjab,पंजाब,75.03,26.32,101.35,0.0,133.18,133.18,75.03,159.5,234.53
2020-09-01,2020,North Zone,Rajasthan,राजस्थान,0.22,16.29,16.51,0.0,0.0,0.0,0.22,16.29,16.51
2020-09-01,2020,South Zone,Tamil Nadu,तमिलनाडु,11.81,0.53,12.34,0.33,0.0,0.33,12.14,0.53,12.67
2020-09-01,2020,South Zone,Telangana,तेलंगाना,6.28,0.08,6.36,5.29,0.0,5.29,11.57,0.08,11.65
2020-09-01,2020,North-East Zone,Tripura,त्रिपुरा,0.26,0.04,0.3,0.0,0.0,0.0,0.26,0.04,0.3
2020-09-01,2020,North Zone,Uttar Pradesh,उत्तर प्रदेश,10.8,24.36,35.16,0.0,0.0,0.0,10.8,24.36,35.16
2020-09-01,2020,North Zone,Uttarakhand,उत्तराखण्ड,0.86,0.44,1.3,0.36,0.03,0.39,1.22,0.47,1.69
2020-09-01,2020,East Zone,West Bengal,पश्चिम बंगाल,0.96,4.02,4.98,3.46,0.0,3.46,4.42,4.02,8.44
2020-10-01,2020,South Zone,Andhra Pradesh,आन्ध्र प्रदेश,6.8,0.14,6.94,14.45,0.0,14.45,21.25,0.14,21.39
2020-10-01,2020,North-East Zone,Arunachal Pradesh,अरुणाचल प्रदेश,0.19,0.0,0.19,0.0,0.0,0.0,0.19,0.0,0.19
2020-10-01,2020,North-East Zone,Assam,असम,3.08,0.06,3.14,0.0,0.0,0.0,3.08,0.06,3.14
2020-10-01,2020,East Zone,Bihar,बिहार,3.52,4.26,7.78,1.11,0.0,1.11,4.63,4.26,8.89
2020-10-01,2020,West Zone,Chhattisgarh,छत्तीसगढ,6.85,0.21,7.06,5.18,0.0,5.18,12.03,0.21,12.24
2020-10-01,2020,North Zone,Delhi,दिल्ली,0.49,2.13,2.62,0.0,0.0,0.0,0.49,2.13,2.62
2020-10-01,2020,West Zone,Gujarat,गुजरात,0.82,5.26,6.08,0.09,0.11,0.2,0.91,5.37,6.28
2020-10-01,2020,North Zone,Haryana,हरियाणा,11.71,39.25,50.96,0.0,51.92,51.92,11.71,91.17,102.88
2020-10-01,2020,North Zone,Himachal Pradesh,हिमाचल प्रदेश,0.27,0.5,0.77,0.0,0.0,0.0,0.27,0.5,0.77
2020-10-01,2020,North Zone,Jammu & Kashmir,जम्मू और कश्मीर,1.42,0.58,2.0,0.0,0.0,0.0,1.42,0.58,2.0
2020-10-01,2020,East Zone,Jharkhand,झारखण्ड,3.11,0.23,3.34,0.0,0.0,0.0,3.11,0.23,3.34
2020-10-01,2020,South Zone,Karnataka,कर्नाटक,7.49,0.38,7.87,0.0,0.0,0.0,7.49,0.38,7.87
2020-10-01,2020,South Zone,Kerala,केरल,3.79,0.5,4.29,0.34,0.0,0.34,4.13,0.5,4.63
2020-10-01,2020,West Zone,Madhya Pradesh,मध्य प्रदेश,0.26,3.09,3.35,3.14,127.64,130.78,3.4,130.73,134.13
2020-10-01,2020,West Zone,Maharashtra,महाराष्ट्र,5.33,11.01,16.34,0.0,0.0,0.0,5.33,11.01,16.34
2020-10-01,2020,North-East Zone,Manipur,मणिपुर,0.52,0.0,0.52,0.0,0.0,0.0,0.52,0.0,0.52
2020-10-01,2020,North-East Zone,Meghalaya,मेघालय,0.15,0.01,0.16,0.0,0.0,0.0,0.15,0.01,0.16
2020-10-01,2020,North-East Zone,Mizoram,मिजोरम,0.19,0.01,0.2,0.0,0.0,0.0,0.19,0.01,0.2
2020-10-01,2020,North-East Zone,Nagaland,नागालैंड,0.43,0.0,0.43,0.0,0.0,0.0,0.43,0.0,0.43
2020-10-01,2020,East Zone,Odisha,ओडिशा,2.32,1.42,3.74,7.06,0.0,7.06,9.38,1.42,10.8
2020-10-01,2020,North Zone,Punjab,पंजाब,58.17,25.58,83.75,0.0,116.98,116.98,58.17,142.56,200.73
2020-10-01,2020,North Zone,Rajasthan,राजस्थान,0.24,15.23,15.47,0.0,0.0,0.0,0.24,15.23,15.47
2020-10-01,2020,South Zone,Tamil Nadu,तमिलनाडु,11.93,0.31,12.24,0.15,0.0,0.15,12.08,0.31,12.39
2020-10-01,2020,South Zone,Telangana,तेलंगाना,8.12,0.15,8.27,3.61,0.0,3.61,11.73,0.15,11.88
2020-10-01,2020,North-East Zone,Tripura,त्रिपुरा,0.26,0.04,0.3,0.0,0.0,0.0,0.26,0.04,0.3
2020-10-01,2020,North Zone,Uttar Pradesh,उत्तर प्रदेश,10.14,20.41,30.55,0.0,0.0,0.0,10.14,20.41,30.55
2020-10-01,2020,North Zone,Uttarakhand,उत्तराखण्ड,0.6,0.45,1.05,0.13,0.02,0.15,0.73,0.47,1.2
2020-10-01,2020,East Zone,West Bengal,पश्चिम बंगाल,0.57,5.21,5.78,3.9,0.0,3.9,4.47,5.21,9.68
2020-11-01,2020,South Zone,Andhra Pradesh,आन्ध्र प्रदेश,3.87,0.09,3.96,11.38,0.0,11.38,15.25,0.09,15.34
2020-11-01,2020,North-East Zone,Arunachal Pradesh,अरुणाचल प्रदेश,0.19,0.0,0.19,0.0,0.0,0.0,0.19,0.0,0.19
2020-11-01,2020,North-East Zone,Assam,असम,2.82,0.11,2.93,0.0,0.0,0.0,2.82,0.11,2.93
2020-11-01,2020,East Zone,Bihar,बिहार,4.31,4.0,8.31,0.33,0.0,0.33,4.64,4.0,8.64
2020-11-01,2020,West Zone,Chhattisgarh,छत्तीसगढ,4.93,0.18,5.11,3.28,0.0,3.28,8.21,0.18,8.39
2020-11-01,2020,North Zone,Delhi,दिल्ली,0.49,2.0,2.49,0.0,0.0,0.0,0.49,2.0,2.49
2020-11-01,2020,West Zone,Gujarat,गुजरात,0.63,5.38,6.01,0.09,0.0,0.09,0.72,5.38,6.1
2020-11-01,2020,North Zone,Haryana,हरियाणा,6.32,34.49,40.81,0.0,42.39,42.39,6.32,76.88,83.2
2020-11-01,2020,North Zone,Himachal Pradesh,हिमाचल प्रदेश,0.26,0.48,0.74,0.0,0.0,0.0,0.26,0.48,0.74
2020-11-01,2020,North Zone,Jammu & Kashmir,जम्मू और कश्मीर,1.49,0.63,2.12,0.0,0.0,0.0,1.49,0.63,2.12
2020-11-01,2020,East Zone,Jharkhand,झारखण्ड,3.16,0.24,3.4,0.0,0.0,0.0,3.16,0.24,3.4
2020-11-01,2020,South Zone,Karnataka,कर्नाटक,6.35,0.38,6.73,0.05,0.0,0.05,6.4,0.38,6.78
2020-11-01,2020,South Zone,Kerala,केरल,4.03,0.6,4.63,0.41,0.0,0.41,4.44,0.6,5.04
2020-11-01,2020,West Zone,Madhya Pradesh,मध्य प्रदेश,0.31,3.09,3.4,2.23,116.13,118.36,2.54,119.22,121.76
2020-11-01,2020,West Zone,Maharashtra,महाराष्ट्र,4.62,10.63,15.25,0.0,0.0,0.0,4.62,10.63,15.25
2020-11-01,2020,North-East Zone,Manipur,मणिपुर,0.48,0.0,0.48,0.0,0.0,0.0,0.48,0.0,0.48
2020-11-01,2020,North-East Zone,Meghalaya,मेघालय,0.19,0.01,0.2,0.0,0.0,0.0,0.19,0.01,0.2
2020-11-01,2020,North-East Zone,Mizoram,मिजोरम,0.18,0.01,0.19,0.0,0.0,0.0,0.18,0.01,0.19
2020-11-01,2020,North-East Zone,Nagaland,नागालैंड,0.41,0.0,0.41,0.0,0.0,0.0,0.41,0.0,0.41
2020-11-01,2020,East Zone,Odisha,ओडिशा,2.03,1.37,3.4,6.84,0.0,6.84,8.87,1.37,10.24
2020-11-01,2020,North Zone,Punjab,पंजाब,55.74,25.39,81.13,0.0,113.52,113.52,55.74,138.91,194.65
2020-11-01,2020,North Zone,Rajasthan,राजस्थान,0.33,14.87,15.2,0.0,0.0,0.0,0.33,14.87,15.2
2020-11-01,2020,South Zone,Tamil Nadu,तमिलनाडु,11.49,0.25,11.74,0.2,0.0,0.2,11.69,0.25,11.94
2020-11-01,2020,South Zone,Telangana,तेलंगाना,11.25,0.07,11.32,2.16,0.0,2.16,13.41,0.07,13.48
2020-11-01,2020,North-East Zone,Tripura,त्रिपुरा,0.28,0.05,0.33,0.0,0.0,0.0,0.28,0.05,0.33
2020-11-01,2020,North Zone,Uttar Pradesh,उत्तर प्रदेश,6.77,17.99,24.76,0.0,0.0,0.0,6.77,17.99,24.76
2020-11-01,2020,North Zone,Uttarakhand,उत्तराखण्ड,0.18,0.36,0.54,0.04,0.01,0.05,0.22,0.37,0.59
2020-11-01,2020,East Zone,West Bengal,पश्चिम बंगाल,0.47,4.86,5.33,4.1,0.0,4.1,4.57,4.86,9.43
2020-12-01,2020,South Zone,Andhra Pradesh,आन्ध्र प्रदेश,2.31,0.06,2.37,8.16,0.0,8.16,10.47,0.06,10.53
2020-12-01,2020,North-East Zone,Arunachal Pradesh,अरुणाचल प्रदेश,0.18,0.0,0.18,0.0,0.0,0.0,0.18,0.0,0.18
2020-12-01,2020,North-East Zone,Assam,असम,2.72,0.1,2.82,0.0,0.0,0.0,2.72,0.1,2.82
2020-12-01,2020,East Zone,Bihar,बिहार,4.06,3.23,7.29,0.05,0.0,0.05,4.11,3.23,7.34
2020-12-01,2020,West Zone,Chhattisgarh,छत्तीसगढ,3.26,0.12,3.38,1.7,0.0,1.7,4.96,0.12,5.08
2020-12-01,2020,North Zone,Delhi,दिल्ली,0.5,1.99,2.49,0.0,0.0,0.0,0.5,1.99,2.49
2020-12-01,2020,West Zone,Gujarat,गुजरात,0.53,5.28,5.81,0.04,0.0,0.04,0.57,5.28,5.85
2020-12-01,2020,North Zone,Haryana,हरियाणा,5.81,29.6,35.41,0.0,34.99,34.99,5.81,64.59,70.4
2020-12-01,2020,North Zone,Himachal Pradesh,हिमाचल प्रदेश,0.25,0.49,0.74,0.0,0.0,0.0,0.25,0.49,0.74
2020-12-01,2020,North Zone,Jammu & Kashmir,जम्मू और कश्मीर,1.4,0.61,2.01,0.0,0.0,0.0,1.4,0.61,2.01
2020-12-01,2020,East Zone,Jharkhand,झारखण्ड,2.83,0.24,3.07,0.0,0.0,0.0,2.83,0.24,3.07
2020-12-01,2020,South Zone,Karnataka,कर्नाटक,3.48,0.44,3.92,0.0,0.0,0.0,3.48,0.44,3.92
2020-12-01,2020,South Zone,Kerala,केरल,3.91,0.66,4.57,0.23,0.0,0.23,4.14,0.66,4.8
2020-12-01,2020,West Zone,Madhya Pradesh,मध्य प्रदेश,0.35,3.09,3.44,2.06,105.63,107.69,2.41,108.72,111.13
2020-12-01,2020,West Zone,Maharashtra,महाराष्ट्र,3.75,10.34,14.09,0.0,0.0,0.0,3.75,10.34,14.09
2020-12-01,2020,North-East Zone,Manipur,मणिपुर,0.34,0.0,0.34,0.0,0.0,0.0,0.34,0.0,0.34
2020-12-01,2020,North-East Zone,Meghalaya,मेघालय,0.14,0.01,0.15,0.0,0.0,0.0,0.14,0.01,0.15
2020-12-01,2020,North-East Zone,Mizoram,मिजोरम,0.18,0.01,0.19,0.0,0.0,0.0,0.18,0.01,0.19
2020-12-01,2020,North-East Zone,Nagaland,नागालैंड,0.37,0.0,0.37,0.0,0.0,0.0,0.37,0.0,0.37
2020-12-01,2020,East Zone,Odisha,ओडिशा,0.99,1.32,2.31,4.64,0.0,4.64,5.63,1.32,6.95
2020-12-01,2020,North Zone,Punjab,पंजाब,49.51,25.2,74.71,0.0,109.75,109.75,49.51,134.95,184.46
2020-12-01,2020,North Zone,Rajasthan,राजस्थान,0.21,14.74,14.95,0.0,0.0,0.0,0.21,14.74,14.95
2020-12-01,2020,South Zone,Tamil Nadu,तमिलनाडु,10.55,0.47,11.02,0.0,0.0,0.0,10.55,0.47,11.02
2020-12-01,2020,South Zone,Telangana,तेलंगाना,12.65,0.03,12.68,1.68,0.0,1.68,14.33,0.03,14.36
2020-12-01,2020,North-East Zone,Tripura,त्रिपुरा,0.27,0.02,0.29,0.0,0.0,0.0,0.27,0.02,0.29
2020-12-01,2020,North Zone,Uttar Pradesh,उत्तर प्रदेश,9.32,10.83,20.15,0.0,0.0,0.0,9.32,10.83,20.15
2020-12-01,2020,North Zone,Uttarakhand,उत्तराखण्ड,0.24,0.36,0.6,0.39,0.0,0.39,0.63,0.36,0.99
2020-12-01,2020,East Zone,West Bengal,पश्चिम बंगाल,0.15,4.55,4.7,2.73,0.0,2.73,2.88,4.55,7.43
2021-01-01,2021,South Zone,Andhra Pradesh,आन्ध्र प्रदेश,5.42,0.05,5.47,6.0,0.0,6.0,11.42,0.05,11.47
2021-01-01,2021,North-East Zone,Arunachal Pradesh,अरुणाचल प्रदेश,0.21,0.0,0.21,0.0,0.0,0.0,0.21,0.0,0.21
2021-01-01,2021,North-East Zone,Assam,असम,3.15,0.11,3.26,0.0,0.0,0.0,3.15,0.11,3.26
2021-01-01,2021,East Zone,Bihar,बिहार,4.67,3.42,8.09,0.23,0.0,0.23,4.9,3.42,8.32
2021-01-01,2021,West Zone,Chhattisgarh,छत्तीसगढ,2.25,0.15,2.4,2.19,0.0,2.19,4.44,0.15,4.59
2021-01-01,2021,North Zone,Delhi,दिल्ली,0.41,1.82,2.23,0.0,0.0,0.0,0.41,1.82,2.23
2021-01-01,2021,West Zone,Gujarat,गुजरात,0.96,5.51,6.47,0.03,0.0,0.03,0.99,5.51,6.5
2021-01-01,2021,North Zone,Haryana,हरियाणा,13.88,27.23,41.11,0.0,32.05,32.05,13.88,59.28,73.16
2021-01-01,2021,North Zone,Himachal Pradesh,हिमाचल प्रदेश,0.25,0.51,0.76,0.0,0.0,0.0,0.25,0.51,0.76
2021-01-01,2021,North Zone,Jammu & Kashmir,जम्मू और कश्मीर,1.63,0.57,2.2,0.0,0.0,0.0,1.63,0.57,2.2
2021-01-01,2021,East Zone,Jharkhand,झारखण्ड,2.55,0.46,3.01,0.0,0.0,0.0,2.55,0.46,3.01
2021-01-01,2021,South Zone,Karnataka,कर्नाटक,6.25,0.27,6.52,0.0,0.0,0.0,6.25,0.27,6.52
2021-01-01,2021,South Zone,Kerala,केरल,3.79,0.63,4.42,0.4,0.0,0.4,4.19,0.63,4.82
2021-01-01,2021,West Zone,Madhya Pradesh,मध्य प्रदेश,0.38,3.08,3.46,1.85,96.36,98.21,2.23,99.44,101.67
2021-01-01,2021,West Zone,Maharashtra,महाराष्ट्र,4.95,10.74,15.69,0.0,0.0,0.0,4.95,10.74,15.69
2021-01-01,2021,North-East Zone,Manipur,मणिपुर,0.4,0.0,0.4,0.0,0.0,0.0,0.4,0.0,0.4
2021-01-01,2021,North-East Zone,Meghalaya,मेघालय,0.15,0.01,0.16,0.0,0.0,0.0,0.15,0.01,0.16
2021-01-01,2021,North-East Zone,Mizoram,मिजोरम,0.15,0.01,0.16,0.0,0.0,0.0,0.15,0.01,0.16
2021-01-01,2021,North-East Zone,Nagaland,नागालैंड,0.38,0.0,0.38,0.0,0.0,0.0,0.38,0.0,0.38
2021-01-01,2021,East Zone,Odisha,ओडिशा,1.9,1.48,3.38,3.67,0.0,3.67,5.57,1.48,7.05
2021-01-01,2021,North Zone,Punjab,पंजाब,61.49,23.87,85.36,0.0,97.98,97.98,61.49,121.85,183.34
2021-01-01,2021,North Zone,Rajasthan,राजस्थान,0.28,13.91,14.19,0.0,0.0,0.0,0.28,13.91,14.19
2021-01-01,2021,South Zone,Tamil Nadu,तमिलनाडु,12.02,0.54,12.56,0.12,0.0,0.12,12.14,0.54,12.68
2021-01-01,2021,South Zone,Telangana,तेलंगाना,13.16,0.08,13.24,5.45,0.0,5.45,18.61,0.08,18.69
2021-01-01,2021,North-East Zone,Tripura,त्रिपुरा,0.27,0.04,0.31,0.0,0.0,0.0,0.27,0.04,0.31
2021-01-01,2021,North Zone,Uttar Pradesh,उत्तर प्रदेश,17.58,12.29,29.87,0.0,0.0,0.0,17.58,12.29,29.87
2021-01-01,2021,North Zone,Uttarakhand,उत्तराखण्ड,0.86,0.42,1.28,0.72,0.0,0.72,1.58,0.42,2.0
2021-01-01,2021,East Zone,West Bengal,पश्चिम बंगाल,0.18,5.71,5.89,2.22,0.0,2.22,2.4,5.71,8.11
2021-02-01,2021,South Zone,Andhra Pradesh,आन्ध्र प्रदेश,8.29,0.06,8.35,6.04,0.0,6.04,14.33,0.06,14.39
2021-02-01,2021,North-East Zone,Arunachal Pradesh,अरुणाचल प्रदेश,0.22,0.0,0.22,0.0,0.0,0.0,0.22,0.0,0.22
2021-02-01,2021,North-East Zone,Assam,असम,3.33,0.08,3.41,0.0,0.0,0.0,3.33,0.08,3.41
2021-02-01,2021,East Zone,Bihar,बिहार,4.58,3.86,8.44,4.98,0.0,4.98,9.56,3.86,13.42
2021-02-01,2021,West Zone,Chhattisgarh,छत्तीसगढ,3.38,0.09,3.47,6.19,0.0,6.19,9.57,0.09,9.66
2021-02-01,2021,North Zone,Delhi,दिल्ली,0.36,1.62,1.98,0.0,0.0,0.0,0.36,1.62,1.98
2021-02-01,2021,West Zone,Gujarat,गुजरात,0.87,5.7,6.57,0.05,0.0,0.05,0.92,5.7,6.62
2021-02-01,2021,North Zone,Haryana,हरियाणा,20.78,25.49,46.27,0.0,29.42,29.42,20.78,54.91,75.69
2021-02-01,2021,North Zone,Himachal Pradesh,हिमाचल प्रदेश,0.25,0.54,0.79,0.0,0.0,0.0,0.25,0.54,0.79
2021-02-01,2021,North Zone,Jammu & Kashmir,जम्मू और कश्मीर,1.65,0.54,2.19,0.0,0.0,0.0,1.65,0.54,2.19
2021-02-01,2021,East Zone,Jharkhand,झारखण्ड,2.9,0.4,3.3,0.0,0.0,0.0,2.9,0.4,3.3
2021-02-01,2021,South Zone,Karnataka,कर्नाटक,7.06,0.49,7.55,0.0,0.0,0.0,7.06,0.49,7.55
2021-02-01,2021,South Zone,Kerala,केरल,3.95,0.65,4.6,0.29,0.0,0.29,4.24,0.65,4.89
2021-02-01,2021,West Zone,Madhya Pradesh,मध्य प्रदेश,0.38,2.72,3.1,2.42,89.4,91.82,2.8,92.12,94.92
2021-02-01,2021,West Zone,Maharashtra,महाराष्ट्र,5.5,10.67,16.17,0.0,0.0,0.0,5.5,10.67,16.17
2021-02-01,2021,North-East Zone,Manipur,मणिपुर,0.42,0.0,0.42,0.0,0.0,0.0,0.42,0.0,0.42
2021-02-01,2021,North-East Zone,Meghalaya,मेघालय,0.14,0.01,0.15,0.0,0.0,0.0,0.14,0.01,0.15
2021-02-01,2021,North-East Zone,Mizoram,मिजोरम,0.16,0.01,0.17,0.0,0.0,0.0,0.16,0.01,0.17
2021-02-01,2021,North-East Zone,Nagaland,नागालैंड,0.4,0.0,0.4,0.0,0.0,0.0,0.4,0.0,0.4
2021-02-01,2021,East Zone,Odisha,ओडिशा,2.75,1.65,4.4,4.75,0.0,4.75,7.5,1.65,9.15
2021-02-01,2021,North Zone,Punjab,पंजाब,81.18,23.1,104.28,0.0,87.64,87.64,81.18,110.74,191.92
2021-02-01,2021,North Zone,Rajasthan,राजस्थान,0.31,12.98,13.29,0.0,0.0,0.0,0.31,12.98,13.29
2021-02-01,2021,South Zone,Tamil Nadu,तमिलनाडु,12.54,0.47,13.01,1.36,0.0,1.36,13.9,0.47,14.37
2021-02-01,2021,South Zone,Telangana,तेलंगाना,12.78,0.0,12.78,9.07,0.0,9.07,21.85,0.0,21.85
2021-02-01,2021,North-East Zone,Tripura,त्रिपुरा,0.29,0.05,0.34,0.0,0.0,0.0,0.29,0.05,0.34
2021-02-01,2021,North Zone,Uttar Pradesh,उत्तर प्रदेश,25.74,11.82,37.56,0.0,0.0,0.0,25.74,11.82,37.56
2021-02-01,2021,North Zone,Uttarakhand,उत्तराखण्ड,1.04,0.45,1.49,0.88,0.0,0.88,1.92,0.45,2.37
2021-02-01,2021,East Zone,West Bengal,पश्चिम बंगाल,0.25,5.74,5.99,3.52,0.0,3.52,3.77,5.74,9.51
2021-03-01,2021,South Zone,Andhra Pradesh,आन्ध्र प्रदेश,9.12,0.05,9.17,7.51,0.0,7.51,16.63,0.05,16.68
2021-03-01,2021,North-East Zone,Arunachal Pradesh,अरुणाचल प्रदेश,0.2,0.0,0.2,0.0,0.0,0.0,0.2,0.0,0.2
2021-03-01,2021,North-East Zone,Assam,असम,3.53,0.05,3.58,0.0,0.0,0.0,3.53,0.05,3.58
2021-03-01,2021,East Zone,Bihar,बिहार,4.54,4.49,9.03,6.55,0.0,6.55,11.09,4.49,15.58
2021-03-01,2021,West Zone,Chhattisgarh,छत्तीसगढ,6.2,0.15,6.35,9.21,0.0,9.21,15.41,0.15,15.56
2021-03-01,2021,North Zone,Delhi,दिल्ली,0.39,1.71,2.1,0.0,0.0,0.0,0.39,1.71,2.1
2021-03-01,2021,West Zone,Gujarat,गुजरात,0.85,5.68,6.53,0.06,0.0,0.06,0.91,5.68,6.59
2021-03-01,2021,North Zone,Haryana,हरियाणा,25.65,23.93,49.58,0.0,27.53,27.53,25.65,51.46,77.11
2021-03-01,2021,North Zone,Himachal Pradesh,हिमाचल प्रदेश,0.25,0.53,0.78,0.0,0.0,0.0,0.25,0.53,0.78
2021-03-01,2021,North Zone,Jammu & Kashmir,जम्मू और कश्मीर,1.69,0.48,2.17,0.0,0.0,0.0,1.69,0.48,2.17
2021-03-01,2021,East Zone,Jharkhand,झारखण्ड,2.9,0.34,3.24,0.0,0.0,0.0,2.9,0.34,3.24
2021-03-01,2021,South Zone,Karnataka,कर्नाटक,6.73,0.44,7.17,0.0,0.0,0.0,6.73,0.44,7.17
2021-03-01,2021,South Zone,Kerala,केरल,3.94,0.63,4.57,0.16,0.0,0.16,4.1,0.63,4.73
2021-03-01,2021,West Zone,Madhya Pradesh,मध्य प्रदेश,0.35,2.36,2.71,1.93,84.22,86.15,2.28,86.58,88.86
2021-03-01,2021,West Zone,Maharashtra,महाराष्ट्र,5.02,11.45,16.47,0.0,0.0,0.0,5.02,11.45,16.47
2021-03-01,2021,North-East Zone,Manipur,मणिपुर,0.44,0.0,0.44,0.0,0.0,0.0,0.44,0.0,0.44
2021-03-01,2021,North-East Zone,Meghalaya,मेघालय,0.14,0.01,0.15,0.0,0.0,0.0,0.14,0.01,0.15
2021-03-01,2021,North-East Zone,Mizoram,मिजोरम,0.15,0.01,0.16,0.0,0.0,0.0,0.15,0.01,0.16
2021-03-01,2021,North-East Zone,Nagaland,नागालैंड,0.4,0.0,0.4,0.0,0.0,0.0,0.4,0.0,0.4
2021-03-01,2021,East Zone,Odisha,ओडिशा,3.3,1.67,4.97,5.61,0.0,5.61,8.91,1.67,10.58
2021-03-01,2021,North Zone,Punjab,पंजाब,96.67,22.55,119.22,0.0,75.71,75.71,96.67,98.26,194.93
2021-03-01,2021,North Zone,Rajasthan,राजस्थान,0.29,12.11,12.4,0.0,0.0,0.0,0.29,12.11,12.4
2021-03-01,2021,South Zone,Tamil Nadu,तमिलनाडु,12.19,0.69,12.88,1.7,0.0,1.7,13.89,0.69,14.58
2021-03-01,2021,South Zone,Telangana,तेलंगाना,15.08,0.06,15.14,11.02,0.0,11.02,26.1,0.06,26.16
2021-03-01,2021,North-East Zone,Tripura,त्रिपुरा,0.24,0.03,0.27,0.0,0.0,0.0,0.24,0.03,0.27
2021-03-01,2021,North Zone,Uttar Pradesh,उत्तर प्रदेश,30.15,9.49,39.64,0.0,0.0,0.0,30.15,9.49,39.64
2021-03-01,2021,North Zone,Uttarakhand,उत्तराखण्ड,1.06,0.43,1.49,0.88,0.0,0.88,1.94,0.43,2.37
2021-03-01,2021,East Zone,West Bengal,पश्चिम बंगाल,0.26,6.21,6.47,4.18,0.0,4.18,4.44,6.21,10.65
2021-04-01,2021,South Zone,Andhra Pradesh,आन्ध्र प्रदेश,10.75,0.05,10.8,9.01,0.0,9.01,19.76,0.05,19.81
2021-04-01,2021,North-East Zone,Arunachal Pradesh,अरुणाचल प्रदेश,0.24,0.0,0.24,0.0,0.0,0.0,0.24,0.0,0.24
2021-04-01,2021,North-East Zone,Assam,असम,2.89,0.09,2.98,0.0,0.0,0.0,2.89,0.09,2.98
2021-04-01,2021,East Zone,Bihar,बिहार,4.39,4.74,9.13,7.0,0.0,7.0,11.39,4.74,16.13
2021-04-01,2021,West Zone,Chhattisgarh,छत्तीसगढ,8.64,0.15,8.79,9.52,0.0,9.52,18.16,0.15,18.31
2021-04-01,2021,North Zone,Delhi,दिल्ली,0.37,2.11,2.48,0.0,0.0,0.0,0.37,2.11,2.48
2021-04-01,2021,West Zone,Gujarat,गुजरात,0.78,5.75,6.53,0.11,0.03,0.14,0.89,5.78,6.67
2021-04-01,2021,North Zone,Haryana,हरियाणा,26.25,23.07,49.32,0.0,25.86,25.86,26.25,48.93,75.18
2021-04-01,2021,North Zone,Himachal Pradesh,हिमाचल प्रदेश,0.26,0.54,0.8,0.0,0.0,0.0,0.26,0.54,0.8
2021-04-01,2021,North Zone,Jammu & Kashmir,जम्मू और कश्मीर,1.59,0.51,2.1,0.0,0.0,0.0,1.59,0.51,2.1
2021-04-01,2021,East Zone,Jharkhand,झारखण्ड,2.77,0.37,3.14,0.0,0.0,0.0,2.77,0.37,3.14
2021-04-01,2021,South Zone,Karnataka,कर्नाटक,7.07,0.49,7.56,0.0,0.0,0.0,7.07,0.49,7.56
2021-04-01,2021,South Zone,Kerala,केरल,3.67,0.81,4.48,0.38,0.0,0.38,4.05,0.81,4.86
2021-04-01,2021,West Zone,Madhya Pradesh,मध्य प्रदेश,0.33,2.23,2.56,2.01,82.14,84.15,2.34,84.37,86.71
2021-04-01,2021,West Zone,Maharashtra,महाराष्ट्र,4.83,11.78,16.61,0.0,0.0,0.0,4.83,11.78,16.61
2021-04-01,2021,North-East Zone,Manipur,मणिपुर,0.41,0.0,0.41,0.0,0.0,0.0,0.41,0.0,0.41
2021-04-01,2021,North-East Zone,Meghalaya,मेघालय,0.16,0.01,0.17,0.0,0.0,0.0,0.16,0.01,0.17
2021-04-01,2021,North-East Zone,Mizoram,मिजोरम,0.17,0.0,0.17,0.0,0.0,0.0,0.17,0.0,0.17
2021-04-01,2021,North-East Zone,Nagaland,नागालैंड,0.44,0.0,0.44,0.0,0.0,0.0,0.44,0.0,0.44
2021-04-01,2021,East Zone,Odisha,ओडिशा,3.68,1.58,5.26,6.15,0.0,6.15,9.83,1.58,11.41
2021-04-01,2021,North Zone,Punjab,पंजाब,95.93,22.68,118.61,0.0,61.86,61.86,95.93,84.54,180.47
2021-04-01,2021,North Zone,Rajasthan,राजस्थान,0.17,9.99,10.16,0.0,0.0,0.0,0.17,9.99,10.16
2021-04-01,2021,South Zone,Tamil Nadu,तमिलनाडु,12.72,0.65,13.37,2.19,0.0,2.19,14.91,0.65,15.56
2021-04-01,2021,South Zone,Telangana,तेलंगाना,15.33,0.07,15.4,12.12,0.0,12.12,27.45,0.07,27.52
2021-04-01,2021,North-East Zone,Tripura,त्रिपुरा,0.27,0.05,0.32,0.0,0.0,0.0,0.27,0.05,0.32
2021-04-01,2021,North Zone,Uttar Pradesh,उत्तर प्रदेश,30.45,5.81,36.26,0.0,0.0,0.0,30.45,5.81,36.26
2021-04-01,2021,North Zone,Uttarakhand,उत्तराखण्ड,1.09,0.4,1.49,0.87,0.0,0.87,1.96,0.4,2.36
2021-04-01,2021,East Zone,West Bengal,पश्चिम बंगाल,0.21,6.52,6.73,4.36,0.0,4.36,4.57,6.52,11.09
2021-05-01,2021,South Zone,Andhra Pradesh,आन्ध्र प्रदेश,10.35,0.05,10.4,9.18,0.0,9.18,19.53,0.05,19.58
2021-05-01,2021,North-East Zone,Arunachal Pradesh,अरुणाचल प्रदेश,0.17,0.0,0.17,0.0,0.0,0.0,0.17,0.0,0.17
2021-05-01,2021,North-East Zone,Assam,असम,2.5,0.07,2.57,0.0,0.0,0.0,2.5,0.07,2.57
2021-05-01,2021,East Zone,Bihar,बिहार,4.43,4.65,9.08,6.97,0.0,6.97,11.4,4.65,16.05
2021-05-01,2021,West Zone,Chhattisgarh,छत्तीसगढ,9.89,0.15,10.04,8.48,0.0,8.48,18.37,0.15,18.52
2021-05-01,2021,North Zone,Delhi,दिल्ली,0.36,2.21,2.57,0.0,0.0,0.0,0.36,2.21,2.57
2021-05-01,2021,West Zone,Gujarat,गुजरात,0.64,6.14,6.78,0.04,0.49,0.53,0.68,6.63,7.31
2021-05-01,2021,North Zone,Haryana,हरियाणा,29.38,35.14,64.52,0.0,66.03,66.03,29.38,101.17,130.55
2021-05-01,2021,North Zone,Himachal Pradesh,हिमाचल प्रदेश,0.24,0.45,0.69,0.0,0.0,0.0,0.24,0.45,0.69
2021-05-01,2021,North Zone,Jammu & Kashmir,जम्मू और कश्मीर,1.46,0.53,1.99,0.0,0.0,0.0,1.46,0.53,1.99
2021-05-01,2021,East Zone,Jharkhand,झारखण्ड,2.57,0.4,2.97,0.0,0.0,0.0,2.57,0.4,2.97
2021-05-01,2021,South Zone,Karnataka,कर्नाटक,7.41,0.32,7.73,0.0,0.0,0.0,7.41,0.32,7.73
2021-05-01,2021,South Zone,Kerala,केरल,3.67,0.82,4.49,0.43,0.0,0.43,4.1,0.82,4.92
2021-05-01,2021,West Zone,Madhya Pradesh,मध्य प्रदेश,0.24,2.25,2.49,1.78,164.76,166.54,2.02,167.01,169.03
2021-05-01,2021,West Zone,Maharashtra,महाराष्ट्र,5.38,11.34,16.72,0.0,0.0,0.0,5.38,11.34,16.72
2021-05-01,2021,North-East Zone,Manipur,मणिपुर,0.53,0.0,0.53,0.0,0.0,0.0,0.53,0.0,0.53
2021-05-01,2021,North-East Zone,Meghalaya,मेघालय,0.18,0.01,0.19,0.0,0.0,0.0,0.18,0.01,0.19
2021-05-01,2021,North-East Zone,Mizoram,मिजोरम,0.16,0.01,0.17,0.0,0.0,0.0,0.16,0.01,0.17
2021-05-01,2021,North-East Zone,Nagaland,नागालैंड,0.43,0.0,0.43,0.0,0.0,0.0,0.43,0.0,0.43
2021-05-01,2021,East Zone,Odisha,ओडिशा,3.75,1.58,5.33,6.64,0.0,6.64,10.39,1.58,11.97
2021-05-01,2021,North Zone,Punjab,पंजाब,107.72,24.33,132.05,0.0,99.99,99.99,107.72,124.32,232.04
2021-05-01,2021,North Zone,Rajasthan,राजस्थान,0.28,15.14,15.42,0.0,0.0,0.0,0.28,15.14,15.42
2021-05-01,2021,South Zone,Tamil Nadu,तमिलनाडु,12.76,0.62,13.38,2.31,0.0,2.31,15.07,0.62,15.69
2021-05-01,2021,South Zone,Telangana,तेलंगाना,15.33,0.06,15.39,12.11,0.0,12.11,27.44,0.06,27.5
2021-05-01,2021,North-East Zone,Tripura,त्रिपुरा,0.26,0.05,0.31,0.0,0.0,0.0,0.26,0.05,0.31
2021-05-01,2021,North Zone,Uttar Pradesh,उत्तर प्रदेश,28.84,8.58,37.42,0.0,0.0,0.0,28.84,8.58,37.42
2021-05-01,2021,North Zone,Uttarakhand,उत्तराखण्ड,0.99,0.44,1.43,0.78,0.52,1.3,1.77,0.96,2.73
2021-05-01,2021,East Zone,West Bengal,पश्चिम बंगाल,0.25,6.43,6.68,4.24,0.0,4.24,4.49,6.43,10.92
2021-06-01,2021,South Zone,Andhra Pradesh,आन्ध्र प्रदेश,9.2,0.05,9.25,10.7,0.0,10.7,19.9,0.05,19.95
2021-06-01,2021,North-East Zone,Arunachal Pradesh,अरुणाचल प्रदेश,0.26,0.0,0.26,0.0,0.0,0.0,0.26,0.0,0.26
2021-06-01,2021,North-East Zone,Assam,असम,3.14,0.2,3.34,0.0,0.0,0.0,3.14,0.2,3.34
2021-06-01,2021,East Zone,Bihar,बिहार,4.1,4.93,9.03,5.71,0.32,6.03,9.81,5.25,15.06
2021-06-01,2021,West Zone,Chhattisgarh,छत्तीसगढ,10.19,0.12,10.31,7.05,0.0,7.05,17.24,0.12,17.36
2021-06-01,2021,North Zone,Delhi,दिल्ली,0.33,2.12,2.45,0.0,0.0,0.0,0.33,2.12,2.45
2021-06-01,2021,West Zone,Gujarat,गुजरात,0.78,5.92,6.7,0.01,0.65,0.66,0.79,6.57,7.36
2021-06-01,2021,North Zone,Haryana,हरियाणा,29.94,43.83,73.77,0.0,79.12,79.12,29.94,122.95,152.89
2021-06-01,2021,North Zone,Himachal Pradesh,हिमाचल प्रदेश,0.19,0.5,0.69,0.0,0.0,0.0,0.19,0.5,0.69
2021-06-01,2021,North Zone,Jammu & Kashmir,जम्मू और कश्मीर,1.34,0.56,1.9,0.0,0.0,0.0,1.34,0.56,1.9
2021-06-01,2021,East Zone,Jharkhand,झारखण्ड,2.09,1.12,3.21,0.0,0.0,0.0,2.09,1.12,3.21
2021-06-01,2021,South Zone,Karnataka,कर्नाटक,6.27,0.69,6.96,0.05,0.0,0.05,6.32,0.69,7.01
2021-06-01,2021,South Zone,Kerala,केरल,3.49,0.78,4.27,0.32,0.0,0.32,3.81,0.78,4.59
2021-06-01,2021,West Zone,Madhya Pradesh,मध्य प्रदेश,0.32,2.53,2.85,2.48,194.61,197.09,2.8,197.14,199.94
2021-06-01,2021,West Zone,Maharashtra,महाराष्ट्र,6.37,11.05,17.42,0.0,0.0,0.0,6.37,11.05,17.42
2021-06-01,2021,North-East Zone,Manipur,मणिपुर,0.43,0.0,0.43,0.0,0.0,0.0,0.43,0.0,0.43
2021-06-01,2021,North-East Zone,Meghalaya,मेघालय,0.13,0.01,0.14,0.0,0.0,0.0,0.13,0.01,0.14
2021-06-01,2021,North-East Zone,Mizoram,मिजोरम,0.12,0.0,0.12,0.0,0.0,0.0,0.12,0.0,0.12
2021-06-01,2021,North-East Zone,Nagaland,नागालैंड,0.39,0.0,0.39,0.0,0.0,0.0,0.39,0.0,0.39
2021-06-01,2021,East Zone,Odisha,ओडिशा,3.42,1.47,4.89,5.68,0.0,5.68,9.1,1.47,10.57
2021-06-01,2021,North Zone,Punjab,पंजाब,111.4,28.84,140.24,0.0,152.01,152.01,111.4,180.85,292.25
2021-06-01,2021,North Zone,Rajasthan,राजस्थान,0.28,22.6,22.88,0.0,0.0,0.0,0.28,22.6,22.88
2021-06-01,2021,South Zone,Tamil Nadu,तमिलनाडु,11.56,1.63,13.19,0.0,0.0,0.0,11.56,1.63,13.19
2021-06-01,2021,South Zone,Telangana,तेलंगाना,15.3,0.1,15.4,11.96,0.0,11.96,27.26,0.1,27.36
2021-06-01,2021,North-East Zone,Tripura,त्रिपुरा,0.35,0.02,0.37,0.0,0.0,0.0,0.35,0.02,0.37
2021-06-01,2021,North Zone,Uttar Pradesh,उत्तर प्रदेश,24.1,25.67,49.77,0.0,0.0,0.0,24.1,25.67,49.77
2021-06-01,2021,North Zone,Uttarakhand,उत्तराखण्ड,1.0,0.48,1.48,0.65,0.88,1.53,1.65,1.36,3.01
2021-06-01,2021,East Zone,West Bengal,पश्चिम बंगाल,0.62,4.87,5.49,4.13,0.0,4.13,4.75,4.87,9.62
2021-07-01,2021,South Zone,Andhra Pradesh,आन्ध्र प्रदेश,8.74,0.04,8.78,11.64,0.0,11.64,20.38,0.04,20.42
2021-07-01,2021,North-East Zone,Arunachal Pradesh,अरुणाचल प्रदेश,0.3,0.0,0.3,0.0,0.0,0.0,0.3,0.0,0.3
2021-07-01,2021,North-East Zone,Assam,असम,3.86,0.26,4.12,0.0,0.0,0.0,3.86,0.26,4.12
2021-07-01,2021,East Zone,Bihar,बिहार,3.83,5.2,9.03,4.1,2.54,6.64,7.93,7.74,15.67
2021-07-01,2021,West Zone,Chhattisgarh,छत्तीसगढ,10.71,0.12,10.83,6.93,0.0,6.93,17.64,0.12,17.76
2021-07-01,2021,North Zone,Delhi,दिल्ली,0.32,2.08,2.4,0.0,0.0,0.0,0.32,2.08,2.4
2021-07-01,2021,West Zone,Gujarat,गुजरात,0.96,6.18,7.14,0.01,1.7,1.71,0.97,7.88,8.85
2021-07-01,2021,North Zone,Haryana,हरियाणा,29.79,44.15,73.94,0.0,71.8,71.8,29.79,115.95,145.74
2021-07-01,2021,North Zone,Himachal Pradesh,हिमाचल प्रदेश,0.26,0.65,0.91,0.0,0.0,0.0,0.26,0.65,0.91
2021-07-01,2021,North Zone,Jammu & Kashmir,जम्मू और कश्मीर,1.49,0.7,2.19,0.0,0.0,0.0,1.49,0.7,2.19
2021-07-01,2021,East Zone,Jharkhand,झारखण्ड,1.9,1.02,2.92,0.0,0.0,0.0,1.9,1.02,2.92
2021-07-01,2021,South Zone,Karnataka,कर्नाटक,7.47,0.97,8.44,0.0,0.0,0.0,7.47,0.97,8.44
2021-07-01,2021,South Zone,Kerala,केरल,3.98,0.95,4.93,0.39,0.0,0.39,4.37,0.95,5.32
2021-07-01,2021,West Zone,Madhya Pradesh,मध्य प्रदेश,0.41,2.5,2.91,2.48,188.74,191.22,2.89,191.24,194.13
2021-07-01,2021,West Zone,Maharashtra,महाराष्ट्र,6.66,11.01,17.67,0.0,0.01,0.01,6.66,11.02,17.68
2021-07-01,2021,North-East Zone,Manipur,मणिपुर,0.56,0.0,0.56,0.0,0.0,0.0,0.56,0.0,0.56
2021-07-01,2021,North-East Zone,Meghalaya,मेघालय,0.2,0.01,0.21,0.0,0.0,0.0,0.2,0.01,0.21
2021-07-01,2021,North-East Zone,Mizoram,मिजोरम,0.17,0.01,0.18,0.0,0.0,0.0,0.17,0.01,0.18
2021-07-01,2021,North-East Zone,Nagaland,नागालैंड,0.43,0.0,0.43,0.0,0.0,0.0,0.43,0.0,0.43
2021-07-01,2021,East Zone,Odisha,ओडिशा,3.51,1.79,5.3,5.51,0.0,5.51,9.02,1.79,10.81
2021-07-01,2021,North Zone,Punjab,पंजाब,110.89,29.68,140.57,0.0,151.45,151.45,110.89,181.13,292.02
2021-07-01,2021,North Zone,Rajasthan,राजस्थान,0.2,23.53,23.73,0.0,0.0,0.0,0.2,23.53,23.73
2021-07-01,2021,South Zone,Tamil Nadu,तमिलनाडु,11.83,2.12,13.95,0.0,0.0,0.0,11.83,2.12,13.95
2021-07-01,2021,South Zone,Telangana,तेलंगाना,17.85,0.1,17.95,9.87,0.0,9.87,27.72,0.1,27.82
2021-07-01,2021,North-East Zone,Tripura,त्रिपुरा,0.39,0.02,0.41,0.0,0.0,0.0,0.39,0.02,0.41
2021-07-01,2021,North Zone,Uttar Pradesh,उत्तर प्रदेश,20.91,37.92,58.83,0.0,0.0,0.0,20.91,37.92,58.83
2021-07-01,2021,North Zone,Uttarakhand,उत्तराखण्ड,0.97,0.57,1.54,0.79,0.69,1.48,1.76,1.26,3.02
2021-07-01,2021,East Zone,West Bengal,पश्चिम बंगाल,0.21,6.5,6.71,3.77,0.0,3.77,3.98,6.5,10.48
2021-08-01,2021,South Zone,Andhra Pradesh,आन्ध्र प्रदेश,7.02,0.06,7.08,15.12,0.0,15.12,22.14,0.06,22.2
2021-08-01,2021,North-East Zone,Arunachal Pradesh,अरुणाचल प्रदेश,0.25,0.0,0.25,0.0,0.0,0.0,0.25,0.0,0.25
2021-08-01,2021,North-East Zone,Assam,असम,3.23,0.18,3.41,0.0,0.0,0.0,3.23,0.18,3.41
2021-08-01,2021,East Zone,Bihar,बिहार,3.69,5.37,9.06,3.34,2.21,5.55,7.03,7.58,14.61
2021-08-01,2021,West Zone,Chhattisgarh,छत्तीसगढ,10.47,0.12,10.59,7.54,0.0,7.54,18.01,0.12,18.13
2021-08-01,2021,North Zone,Delhi,दिल्ली,0.33,2.15,2.48,0.0,0.0,0.0,0.33,2.15,2.48
2021-08-01,2021,West Zone,Gujarat,गुजरात,0.74,6.31,7.05,0.29,1.71,2.0,1.03,8.02,9.05
2021-08-01,2021,North Zone,Haryana,हरियाणा,28.05,43.35,71.4,0.0,64.67,64.67,28.05,108.02,136.07
2021-08-01,2021,North Zone,Himachal Pradesh,हिमाचल प्रदेश,0.23,0.64,0.87,0.0,0.0,0.0,0.23,0.64,0.87
2021-08-01,2021,North Zone,Jammu & Kashmir,जम्मू और कश्मीर,1.46,0.67,2.13,0.0,0.0,0.0,1.46,0.67,2.13
2021-08-01,2021,East Zone,Jharkhand,झारखण्ड,1.92,1.1,3.02,0.0,0.0,0.0,1.92,1.1,3.02
2021-08-01,2021,South Zone,Karnataka,कर्नाटक,6.39,1.22,7.61,0.0,0.0,0.0,6.39,1.22,7.61
2021-08-01,2021,South Zone,Kerala,केरल,3.52,0.95,4.47,0.47,0.0,0.47,3.99,0.95,4.94
2021-08-01,2021,West Zone,Madhya Pradesh,मध्य प्रदेश,0.35,2.49,2.84,2.55,182.07,184.62,2.9,184.56,187.46
2021-08-01,2021,West Zone,Maharashtra,महाराष्ट्र,6.11,11.07,17.18,0.0,0.01,0.01,6.11,11.08,17.19
2021-08-01,2021,North-East Zone,Manipur,मणिपुर,0.5,0.0,0.5,0.0,0.0,0.0,0.5,0.0,0.5
2021-08-01,2021,North-East Zone,Meghalaya,मेघालय,0.12,0.02,0.14,0.0,0.0,0.0,0.12,0.02,0.14
2021-08-01,2021,North-East Zone,Mizoram,मिजोरम,0.17,0.0,0.17,0.0,0.0,0.0,0.17,0.0,0.17
2021-08-01,2021,North-East Zone,Nagaland,नागालैंड,0.42,0.0,0.42,0.0,0.0,0.0,0.42,0.0,0.42
2021-08-01,2021,East Zone,Odisha,ओडिशा,3.16,1.67,4.83,4.61,0.0,4.61,7.77,1.67,9.44
2021-08-01,2021,North Zone,Punjab,पंजाब,110.51,28.98,139.49,0.0,139.28,139.28,110.51,168.26,278.77
2021-08-01,2021,North Zone,Rajasthan,राजस्थान,0.28,21.54,21.82,0.0,0.0,0.0,0.28,21.54,21.82
2021-08-01,2021,South Zone,Tamil Nadu,तमिलनाडु,11.07,2.13,13.2,0.0,0.0,0.0,11.07,2.13,13.2
2021-08-01,2021,South Zone,Telangana,तेलंगाना,18.56,0.14,18.7,9.88,0.0,9.88,28.44,0.14,28.58
2021-08-01,2021,North-East Zone,Tripura,त्रिपुरा,0.36,0.02,0.38,0.0,0.0,0.0,0.36,0.02,0.38
2021-08-01,2021,North Zone,Uttar Pradesh,उत्तर प्रदेश,17.36,34.64,52.0,0.0,0.0,0.0,17.36,34.64,52.0
2021-08-01,2021,North Zone,Uttarakhand,उत्तराखण्ड,0.93,0.63,1.56,0.78,0.24,1.02,1.71,0.87,2.58
2021-08-01,2021,East Zone,West Bengal,पश्चिम बंगाल,0.48,4.89,5.37,5.08,0.0,5.08,5.56,4.89,10.45
2021-09-01,2021,South Zone,Andhra Pradesh,आन्ध्र प्रदेश,4.86,0.05,4.91,16.38,0.0,16.38,21.24,0.05,21.29
2021-09-01,2021,North-East Zone,Arunachal Pradesh,अरुणाचल प्रदेश,0.28,0.0,0.28,0.0,0.0,0.0,0.28,0.0,0.28
2021-09-01,2021,North-East Zone,Assam,असम,3.29,0.19,3.48,0.0,0.0,0.0,3.29,0.19,3.48
2021-09-01,2021,East Zone,Bihar,बिहार,3.37,5.06,8.43,2.35,0.76,3.11,5.72,5.82,11.54
2021-09-01,2021,West Zone,Chhattisgarh,छत्तीसगढ,9.66,0.09,9.75,4.7,0.0,4.7,14.36,0.09,14.45
2021-09-01,2021,North Zone,Delhi,दिल्ली,0.31,2.12,2.43,0.0,0.0,0.0,0.31,2.12,2.43
2021-09-01,2021,West Zone,Gujarat,गुजरात,1.28,6.08,7.36,0.38,1.32,1.7,1.66,7.4,9.06
2021-09-01,2021,North Zone,Haryana,हरियाणा,24.36,42.06,66.42,0.0,56.5,56.5,24.36,98.56,122.92
2021-09-01,2021,North Zone,Himachal Pradesh,हिमाचल प्रदेश,0.22,0.65,0.87,0.0,0.0,0.0,0.22,0.65,0.87
2021-09-01,2021,North Zone,Jammu & Kashmir,जम्मू और कश्मीर,1.54,0.6,2.14,0.0,0.0,0.0,1.54,0.6,2.14
2021-09-01,2021,East Zone,Jharkhand,झारखण्ड,1.52,1.0,2.52,0.0,0.0,0.0,1.52,1.0,2.52
2021-09-01,2021,South Zone,Karnataka,कर्नाटक,6.63,1.17,7.8,0.0,0.0,0.0,6.63,1.17,7.8
2021-09-01,2021,South Zone,Kerala,केरल,3.72,1.01,4.73,0.36,0.0,0.36,4.08,1.01,5.09
2021-09-01,2021,West Zone,Madhya Pradesh,मध्य प्रदेश,0.6,2.39,2.99,2.77,173.65,176.42,3.37,176.04,179.41
2021-09-01,2021,West Zone,Maharashtra,महाराष्ट्र,5.81,10.91,16.72,0.0,0.01,0.01,5.81,10.92,16.73
2021-09-01,2021,North-East Zone,Manipur,मणिपुर,0.51,0.0,0.51,0.0,0.0,0.0,0.51,0.0,0.51
2021-09-01,2021,North-East Zone,Meghalaya,मेघालय,0.12,0.01,0.13,0.0,0.0,0.0,0.12,0.01,0.13
2021-09-01,2021,North-East Zone,Mizoram,मिजोरम,0.13,0.0,0.13,0.0,0.0,0.0,0.13,0.0,0.13
2021-09-01,2021,North-East Zone,Nagaland,नागालैंड,0.38,0.0,0.38,0.0,0.0,0.0,0.38,0.0,0.38
2021-09-01,2021,East Zone,Odisha,ओडिशा,2.56,1.51,4.07,4.96,0.0,4.96,7.52,1.51,9.03
2021-09-01,2021,North Zone,Punjab,पंजाब,97.8,27.66,125.46,0.0,121.69,121.69,97.8,149.35,247.15
2021-09-01,2021,North Zone,Rajasthan,राजस्थान,0.29,19.47,19.76,0.0,0.0,0.0,0.29,19.47,19.76
2021-09-01,2021,South Zone,Tamil Nadu,तमिलनाडु,11.52,1.74,13.26,0.0,0.0,0.0,11.52,1.74,13.26
2021-09-01,2021,South Zone,Telangana,तेलंगाना,20.17,0.04,20.21,8.23,0.0,8.23,28.4,0.04,28.44
2021-09-01,2021,North-East Zone,Tripura,त्रिपुरा,0.31,0.04,0.35,0.0,0.0,0.0,0.31,0.04,0.35
2021-09-01,2021,North Zone,Uttar Pradesh,उत्तर प्रदेश,15.46,30.49,45.95,0.0,0.0,0.0,15.46,30.49,45.95
2021-09-01,2021,North Zone,Uttarakhand,उत्तराखण्ड,0.89,0.7,1.59,0.56,0.07,0.63,1.45,0.77,2.22
2021-09-01,2021,East Zone,West Bengal,पश्चिम बंगाल,0.52,4.8,5.32,5.04,0.0,5.04,5.56,4.8,10.36
2021-10-01,2021,South Zone,Andhra Pradesh,आन्ध्र प्रदेश,5.21,0.05,5.26,15.34,0.0,15.34,20.55,0.05,20.6
2021-10-01,2021,North-East Zone,Arunachal Pradesh,अरुणाचल प्रदेश,0.28,0.0,0.28,0.0,0.0,0.0,0.28,0.0,0.28
2021-10-01,2021,North-East Zone,Assam,असम,2.92,0.15,3.07,0.0,0.0,0.0,2.92,0.15,3.07
2021-10-01,2021,East Zone,Bihar,बिहार,3.7,4.63,8.33,0.94,0.29,1.23,4.64,4.92,9.56
2021-10-01,2021,West Zone,Chhattisgarh,छत्तीसगढ,9.1,0.16,9.26,3.94,0.0,3.94,13.04,0.16,13.2
2021-10-01,2021,North Zone,Delhi,दिल्ली,0.32,2.01,2.33,0.0,0.0,0.0,0.32,2.01,2.33
2021-10-01,2021,West Zone,Gujarat,गुजरात,1.3,5.86,7.16,0.11,0.8,0.91,1.41,6.66,8.07
2021-10-01,2021,North Zone,Haryana,हरियाणा,21.0,39.6,60.6,0.0,46.68,46.68,21.0,86.28,107.28
2021-10-01,2021,North Zone,Himachal Pradesh,हिमाचल प्रदेश,0.23,0.67,0.9,0.0,0.0,0.0,0.23,0.67,0.9
2021-10-01,2021,North Zone,Jammu & Kashmir,जम्मू और कश्मीर,1.46,0.62,2.08,0.0,0.0,0.0,1.46,0.62,2.08
2021-10-01,2021,East Zone,Jharkhand,झारखण्ड,1.77,1.06,2.83,0.0,0.0,0.0,1.77,1.06,2.83
2021-10-01,2021,South Zone,Karnataka,कर्नाटक,6.27,0.99,7.26,0.01,0.0,0.01,6.28,0.99,7.27
2021-10-01,2021,South Zone,Kerala,केरल,3.73,0.9,4.63,0.5,0.0,0.5,4.23,0.9,5.13
2021-10-01,2021,West Zone,Madhya Pradesh,मध्य प्रदेश,1.01,2.36,3.37,3.48,165.16,168.64,4.49,167.52,172.01
2021-10-01,2021,West Zone,Maharashtra,महाराष्ट्र,5.89,10.64,16.53,0.0,0.01,0.01,5.89,10.65,16.54
2021-10-01,2021,North-East Zone,Manipur,मणिपुर,0.46,0.0,0.46,0.0,0.0,0.0,0.46,0.0,0.46
2021-10-01,2021,North-East Zone,Meghalaya,मेघालय,0.13,0.01,0.14,0.0,0.0,0.0,0.13,0.01,0.14
2021-10-01,2021,North-East Zone,Mizoram,मिजोरम,0.13,0.0,0.13,0.0,0.0,0.0,0.13,0.0,0.13
2021-10-01,2021,North-East Zone,Nagaland,नागालैंड,0.37,0.0,0.37,0.0,0.0,0.0,0.37,0.0,0.37
2021-10-01,2021,East Zone,Odisha,ओडिशा,2.33,1.32,3.65,5.37,0.0,5.37,7.7,1.32,9.02
2021-10-01,2021,North Zone,Punjab,पंजाब,86.89,26.24,113.13,0.0,104.78,104.78,86.89,131.02,217.91
2021-10-01,2021,North Zone,Rajasthan,राजस्थान,0.2,18.23,18.43,0.0,0.0,0.0,0.2,18.23,18.43
2021-10-01,2021,South Zone,Tamil Nadu,तमिलनाडु,12.51,1.14,13.65,2.63,0.0,2.63,15.14,1.14,16.28
2021-10-01,2021,South Zone,Telangana,तेलंगाना,20.7,0.02,20.72,7.34,0.0,7.34,28.04,0.02,28.06
2021-10-01,2021,North-East Zone,Tripura,त्रिपुरा,0.24,0.02,0.26,0.0,0.0,0.0,0.24,0.02,0.26
2021-10-01,2021,North Zone,Uttar Pradesh,उत्तर प्रदेश,15.64,25.25,40.89,0.0,0.0,0.0,15.64,25.25,40.89
2021-10-01,2021,North Zone,Uttarakhand,उत्तराखण्ड,0.65,0.53,1.18,0.32,0.06,0.38,0.97,0.59,1.56
2021-10-01,2021,East Zone,West Bengal,पश्चिम बंगाल,0.21,4.24,4.45,4.64,0.0,4.64,4.85,4.24,9.09
2021-11-01,2021,South Zone,Andhra Pradesh,आन्ध्र प्रदेश,5.31,0.04,5.35,12.44,0.0,12.44,17.75,0.04,17.79
2021-11-01,2021,North-East Zone,Arunachal Pradesh,अरुणाचल प्रदेश,0.29,0.0,0.29,0.0,0.0,0.0,0.29,0.0,0.29
2021-11-01,2021,North-East Zone,Assam,असम,2.83,0.12,2.95,0.0,0.0,0.0,2.83,0.12,2.95
2021-11-01,2021,East Zone,Bihar,बिहार,3.37,3.83,7.2,0.42,0.09,0.51,3.79,3.92,7.71
2021-11-01,2021,West Zone,Chhattisgarh,छत्तीसगढ,8.84,0.19,9.03,2.31,0.0,2.31,11.15,0.19,11.34
2021-11-01,2021,North Zone,Delhi,दिल्ली,0.25,1.92,2.17,0.0,0.0,0.0,0.25,1.92,2.17
2021-11-01,2021,West Zone,Gujarat,गुजरात,1.49,5.3,6.79,0.02,0.37,0.39,1.51,5.67,7.18
2021-11-01,2021,North Zone,Haryana,हरियाणा,18.45,34.87,53.32,0.0,38.7,38.7,18.45,73.57,92.02
2021-11-01,2021,North Zone,Himachal Pradesh,हिमाचल प्रदेश,0.18,0.58,0.76,0.0,0.0,0.0,0.18,0.58,0.76
2021-11-01,2021,North Zone,Jammu & Kashmir,जम्मू और कश्मीर,1.41,0.63,2.04,0.0,0.0,0.0,1.41,0.63,2.04
2021-11-01,2021,East Zone,Jharkhand,झारखण्ड,1.73,0.98,2.71,0.0,0.0,0.0,1.73,0.98,2.71
2021-11-01,2021,South Zone,Karnataka,कर्नाटक,6.54,1.48,8.02,0.01,0.0,0.01,6.55,1.48,8.03
2021-11-01,2021,South Zone,Kerala,केरल,3.58,0.77,4.35,0.36,0.0,0.36,3.94,0.77,4.71
2021-11-01,2021,West Zone,Madhya Pradesh,मध्य प्रदेश,1.37,2.28,3.65,3.19,156.31,159.5,4.56,158.59,163.15
2021-11-01,2021,West Zone,Maharashtra,महाराष्ट्र,5.64,10.42,16.06,0.0,0.01,0.01,5.64,10.43,16.07
2021-11-01,2021,North-East Zone,Manipur,मणिपुर,0.49,0.0,0.49,0.0,0.0,0.0,0.49,0.0,0.49
2021-11-01,2021,North-East Zone,Meghalaya,मेघालय,0.08,0.0,0.08,0.0,0.0,0.0,0.08,0.0,0.08
2021-11-01,2021,North-East Zone,Mizoram,मिजोरम,0.13,0.01,0.14,0.0,0.0,0.0,0.13,0.01,0.14
2021-11-01,2021,North-East Zone,Nagaland,नागालैंड,0.4,0.0,0.4,0.0,0.0,0.0,0.4,0.0,0.4
2021-11-01,2021,East Zone,Odisha,ओडिशा,2.43,1.47,3.9,5.28,0.0,5.28,7.71,1.47,9.18
2021-11-01,2021,North Zone,Punjab,पंजाब,76.25,24.63,100.88,0.0,89.2,89.2,76.25,113.83,190.08
2021-11-01,2021,North Zone,Rajasthan,राजस्थान,0.34,17.5,17.84,0.0,0.0,0.0,0.34,17.5,17.84
2021-11-01,2021,South Zone,Tamil Nadu,तमिलनाडु,12.3,1.44,13.74,4.42,0.0,4.42,16.72,1.44,18.16
2021-11-01,2021,South Zone,Telangana,तेलंगाना,19.83,0.06,19.89,5.72,0.0,5.72,25.55,0.06,25.61
2021-11-01,2021,North-East Zone,Tripura,त्रिपुरा,0.25,0.02,0.27,0.0,0.0,0.0,0.25,0.02,0.27
2021-11-01,2021,North Zone,Uttar Pradesh,उत्तर प्रदेश,13.63,18.48,32.11,0.0,0.0,0.0,13.63,18.48,32.11
2021-11-01,2021,North Zone,Uttarakhand,उत्तराखण्ड,0.54,0.58,1.12,0.01,0.05,0.06,0.55,0.63,1.18
2021-11-01,2021,East Zone,West Bengal,पश्चिम बंगाल,0.21,3.84,4.05,3.5,0.0,3.5,3.71,3.84,7.55
2021-12-01,2021,South Zone,Andhra Pradesh,आन्ध्र प्रदेश,4.68,0.03,4.71,9.07,0.0,9.07,13.75,0.03,13.78
2021-12-01,2021,North-East Zone,Arunachal Pradesh,अरुणाचल प्रदेश,0.3,0.0,0.3,0.0,0.0,0.0,0.3,0.0,0.3
2021-12-01,2021,North-East Zone,Assam,असम,3.22,0.16,3.38,0.0,0.0,0.0,3.22,0.16,3.38
2021-12-01,2021,East Zone,Bihar,बिहार,3.15,3.87,7.02,0.0,0.0,0.0,3.15,3.87,7.02
2021-12-01,2021,West Zone,Chhattisgarh,छत्तीसगढ,7.28,0.24,7.52,1.36,0.0,1.36,8.64,0.24,8.88
2021-12-01,2021,North Zone,Delhi,दिल्ली,0.19,1.83,2.02,0.0,0.0,0.0,0.19,1.83,2.02
2021-12-01,2021,West Zone,Gujarat,गुजरात,1.49,4.55,6.04,0.13,0.06,0.19,1.62,4.61,6.23
2021-12-01,2021,North Zone,Haryana,हरियाणा,19.54,30.87,50.41,0.0,31.6,31.6,19.54,62.47,82.01
2021-12-01,2021,North Zone,Himachal Pradesh,हिमाचल प्रदेश,0.18,0.5,0.68,0.0,0.0,0.0,0.18,0.5,0.68
2021-12-01,2021,North Zone,Jammu & Kashmir,जम्मू और कश्मीर,1.28,0.46,1.74,0.0,0.0,0.0,1.28,0.46,1.74
2021-12-01,2021,East Zone,Jharkhand,झारखण्ड,1.93,0.72,2.65,0.0,0.0,0.0,1.93,0.72,2.65
2021-12-01,2021,South Zone,Karnataka,कर्नाटक,6.64,1.31,7.95,0.0,0.0,0.0,6.64,1.31,7.95
2021-12-01,2021,South Zone,Kerala,केरल,4.08,0.73,4.81,0.27,0.0,0.27,4.35,0.73,5.08
2021-12-01,2021,West Zone,Madhya Pradesh,मध्य प्रदेश,1.14,2.43,3.57,3.29,148.27,151.56,4.43,150.7,155.13
2021-12-01,2021,West Zone,Maharashtra,महाराष्ट्र,4.9,10.32,15.22,0.0,0.0,0.0,4.9,10.32,15.22
2021-12-01,2021,North-East Zone,Manipur,मणिपुर,0.51,0.0,0.51,0.0,0.0,0.0,0.51,0.0,0.51
2021-12-01,2021,North-East Zone,Meghalaya,मेघालय,0.11,0.0,0.01,0.0,0.0,0.0,0.11,0.0,0.11
2021-12-01,2021,North-East Zone,Mizoram,मिजोरम,0.2,0.01,0.0,0.0,0.0,0.0,0.2,0.01,0.21
2021-12-01,2021,North-East Zone,Nagaland,नागालैंड,0.52,0.0,0.52,0.0,0.0,0.0,0.52,0.0,0.52
2021-12-01,2021,East Zone,Odisha,ओडिशा,2.43,1.71,4.14,4.98,0.0,4.98,7.41,1.71,9.12
2021-12-01,2021,North Zone,Punjab,पंजाब,67.45,21.9,89.35,0.0,75.68,75.68,67.45,97.58,165.03
2021-12-01,2021,North Zone,Rajasthan,राजस्थान,0.32,15.85,16.17,0.0,0.0,0.0,0.32,15.85,16.17
2021-12-01,2021,South Zone,Tamil Nadu,तमिलनाडु,12.87,1.22,14.09,4.42,0.0,4.42,17.29,1.22,18.51
2021-12-01,2021,South Zone,Telangana,तेलंगाना,20.91,0.02,20.93,5.39,0.0,5.39,26.3,0.02,26.32
2021-12-01,2021,North-East Zone,Tripura,त्रिपुरा,0.28,0.02,0.3,0.0,0.0,0.0,0.28,0.02,0.3
2021-12-01,2021,North Zone,Uttar Pradesh,उत्तर प्रदेश,11.99,16.1,28.09,0.0,0.0,0.0,11.99,16.1,28.09
2021-12-01,2021,North Zone,Uttarakhand,उत्तराखण्ड,0.44,0.52,0.96,0.1,0.04,0.14,0.54,0.56,1.1
2021-12-01,2021,East Zone,West Bengal,पश्चिम बंगाल,0.29,4.55,4.84,2.15,0.0,2.15,2.44,4.55,6.99
2022-01-01,2022,South Zone,Andhra Pradesh,आन्ध्र प्रदेश,3.94,0.06,4.0,9.89,0.0,9.89,13.83,0.06,13.89
2022-01-01,2022,North-East Zone,Arunachal Pradesh,अरुणाचल प्रदेश,0.31,0.0,0.31,0.0,0.0,0.0,0.31,0.0,0.31
2022-01-01,2022,North-East Zone,Assam,असम,3.0,0.27,3.27,0.0,0.0,0.0,3.0,0.27,3.27
2022-01-01,2022,East Zone,Bihar,बिहार,2.19,3.47,5.66,1.53,0.0,1.53,3.72,3.47,7.19
2022-01-01,2022,West Zone,Chhattisgarh,छत्तीसगढ,7.95,0.21,8.16,1.35,0.0,1.35,9.3,0.21,9.51
2022-01-01,2022,North Zone,Delhi,दिल्ली,0.22,1.82,2.04,0.0,0.0,0.0,0.22,1.82,2.04
2022-01-01,2022,West Zone,Gujarat,गुजरात,1.34,3.74,5.08,0.13,0.0,0.13,1.47,3.74,5.21
2022-01-01,2022,North Zone,Haryana,हरियाणा,21.22,24.35,45.57,0.0,23.29,23.29,21.22,47.64,68.86
2022-01-01,2022,North Zone,Himachal Pradesh,हिमाचल प्रदेश,0.18,0.4,0.58,0.0,0.0,0.0,0.18,0.4,0.58
2022-01-01,2022,North Zone,Jammu & Kashmir,जम्मू और कश्मीर,1.24,0.37,1.61,0.0,0.0,0.0,1.24,0.37,1.61
2022-01-01,2022,East Zone,Jharkhand,झारखण्ड,1.75,0.59,2.34,0.0,0.0,0.0,1.75,0.59,2.34
2022-01-01,2022,South Zone,Karnataka,कर्नाटक,4.63,0.92,5.55,0.0,0.0,0.0,4.63,0.92,5.55
2022-01-01,2022,South Zone,Kerala,केरल,3.43,0.51,3.94,0.35,0.0,0.35,3.78,0.51,4.29
2022-01-01,2022,West Zone,Madhya Pradesh,मध्य प्रदेश,1.22,2.32,3.54,3.04,137.71,140.75,4.26,140.03,144.29
2022-01-01,2022,West Zone,Maharashtra,महाराष्ट्र,3.99,8.72,12.71,0.74,0.0,0.74,4.73,8.72,13.45
2022-01-01,2022,North-East Zone,Manipur,मणिपुर,0.35,0.0,0.35,0.0,0.0,0.0,0.35,0.0,0.35
2022-01-01,2022,North-East Zone,Meghalaya,मेघालय,0.08,0.01,0.01,0.0,0.0,0.0,0.08,0.01,0.09
2022-01-01,2022,North-East Zone,Mizoram,मिजोरम,0.14,0.0,0.0,0.0,0.0,0.0,0.14,0.0,0.14
2022-01-01,2022,North-East Zone,Nagaland,नागालैंड,0.41,0.0,0.41,0.0,0.0,0.0,0.41,0.0,0.41
2022-01-01,2022,East Zone,Odisha,ओडिशा,1.73,1.6,3.33,3.71,0.0,3.71,5.44,1.6,7.04
2022-01-01,2022,North Zone,Punjab,पंजाब,71.06,19.9,90.96,0.0,65.95,65.95,71.06,85.85,156.91
2022-01-01,2022,North Zone,Rajasthan,राजस्थान,0.28,13.85,14.13,0.0,0.0,0.0,0.28,13.85,14.13
2022-01-01,2022,South Zone,Tamil Nadu,तमिलनाडु,12.63,1.17,13.8,3.34,0.0,3.34,15.97,1.17,17.14
2022-01-01,2022,South Zone,Telangana,तेलंगाना,19.95,0.01,19.96,7.94,0.0,7.94,27.89,0.01,27.9
2022-01-01,2022,North-East Zone,Tripura,त्रिपुरा,0.24,0.03,0.27,0.0,0.0,0.0,0.24,0.03,0.27
2022-01-01,2022,North Zone,Uttar Pradesh,उत्तर प्रदेश,18.0,12.99,30.99,0.0,0.0,0.0,18.0,12.99,30.99
2022-01-01,2022,North Zone,Uttarakhand,उत्तराखण्ड,0.41,0.31,0.72,0.46,0.03,0.49,0.87,0.34,1.21
2022-01-01,2022,East Zone,West Bengal,पश्चिम बंगाल,0.8,2.95,3.75,1.74,0.0,1.74,2.54,2.95,5.49
2022-02-01,2022,South Zone,Andhra Pradesh,आन्ध्र प्रदेश,2.63,0.05,2.68,11.63,0.0,11.63,14.26,0.05,14.31
2022-02-01,2022,North-East Zone,Arunachal Pradesh,अरुणाचल प्रदेश,0.25,0.0,0.25,0.0,0.0,0.0,0.25,0.0,0.25
2022-02-01,2022,North-East Zone,Assam,असम,3.27,0.54,3.81,0.0,0.0,0.0,3.27,0.54,3.81
2022-02-01,2022,East Zone,Bihar,बिहार,2.59,3.3,5.89,6.82,0.0,6.82,9.41,3.3,12.71
2022-02-01,2022,West Zone,Chhattisgarh,छत्तीसगढ,10.3,0.21,10.51,5.25,0.0,5.25,15.55,0.21,15.76
2022-02-01,2022,North Zone,Delhi,दिल्ली,0.29,1.93,2.22,0.0,0.0,0.0,0.29,1.93,2.22
2022-02-01,2022,West Zone,Gujarat,गुजरात,1.54,3.33,4.87,0.13,0.0,0.13,1.67,3.33,5.0
2022-02-01,2022,North Zone,Haryana,हरियाणा,24.93,18.92,43.85,0.0,16.87,16.87,24.93,35.79,60.72
2022-02-01,2022,North Zone,Himachal Pradesh,हिमाचल प्रदेश,0.2,0.43,0.63,0.0,0.0,0.0,0.2,0.43,0.63
2022-02-01,2022,North Zone,Jammu & Kashmir,जम्मू और कश्मीर,1.32,0.33,1.65,0.0,0.0,0.0,1.32,0.33,1.65
2022-02-01,2022,East Zone,Jharkhand,झारखण्ड,1.65,0.49,2.14,0.0,0.0,0.0,1.65,0.49,2.14
2022-02-01,2022,South Zone,Karnataka,कर्नाटक,4.2,0.73,4.93,0.0,0.0,0.0,4.2,0.73,4.93
2022-02-01,2022,South Zone,Kerala,केरल,4.05,0.59,4.64,0.29,0.0,0.29,4.34,0.59,4.93
2022-02-01,2022,West Zone,Madhya Pradesh,मध्य प्रदेश,1.46,1.77,3.23,2.54,126.62,129.16,4.0,128.39,132.39
2022-02-01,2022,West Zone,Maharashtra,महाराष्ट्र,4.33,7.21,11.54,0.1,0.0,0.1,4.43,7.21,11.64
2022-02-01,2022,North-East Zone,Manipur,मणिपुर,0.33,0.0,0.33,0.0,0.0,0.0,0.33,0.0,0.33
2022-02-01,2022,North-East Zone,Meghalaya,मेघालय,0.1,0.0,0.01,0.0,0.0,0.0,0.1,0.0,0.1
2022-02-01,2022,North-East Zone,Mizoram,मिजोरम,0.11,0.0,0.0,0.0,0.0,0.0,0.11,0.0,0.11
2022-02-01,2022,North-East Zone,Nagaland,नागालैंड,0.36,0.0,0.36,0.0,0.0,0.0,0.36,0.0,0.36
2022-02-01,2022,East Zone,Odisha,ओडिशा,0.79,1.44,2.23,3.86,0.0,3.86,4.65,1.44,6.09
2022-02-01,2022,North Zone,Punjab,पंजाब,87.02,16.18,103.2,0.0,51.19,51.19,87.02,67.37,154.39
2022-02-01,2022,North Zone,Rajasthan,राजस्थान,0.47,12.2,12.67,0.0,0.0,0.0,0.47,12.2,12.67
2022-02-01,2022,South Zone,Tamil Nadu,तमिलनाडु,12.63,1.16,13.79,3.29,0.0,3.29,15.92,1.16,17.08
2022-02-01,2022,South Zone,Telangana,तेलंगाना,19.62,0.0,19.62,10.16,0.0,10.16,29.78,0.0,29.78
2022-02-01,2022,North-East Zone,Tripura,त्रिपुरा,0.33,0.03,0.36,0.0,0.0,0.0,0.33,0.03,0.36
2022-02-01,2022,North Zone,Uttar Pradesh,उत्तर प्रदेश,24.84,10.61,35.45,0.0,0.0,0.0,24.84,10.61,35.45
2022-02-01,2022,North Zone,Uttarakhand,उत्तराखण्ड,0.61,0.37,0.98,0.6,0.03,0.63,1.21,0.4,1.61
2022-02-01,2022,East Zone,West Bengal,पश्चिम बंगाल,1.0,2.86,3.86,3.47,0.0,3.47,4.46,2.86,7.32
2022-03-01,2022,South Zone,Andhra Pradesh,आन्ध्र प्रदेश,2.25,0.03,2.28,12.76,0.0,12.76,15.01,0.03,15.04
2022-03-01,2022,North-East Zone,Arunachal Pradesh,अरुणाचल प्रदेश,0.23,0.0,0.23,0.0,0.0,0.0,0.23,0.0,0.23
2022-03-01,2022,North-East Zone,Assam,असम,2.64,0.58,3.22,0.0,0.0,0.0,2.64,0.58,3.22
2022-03-01,2022,East Zone,Bihar,बिहार,3.53,3.4,6.93,8.18,0.0,8.18,11.71,3.4,15.11
2022-03-01,2022,West Zone,Chhattisgarh,छत्तीसगढ,11.81,0.18,11.99,7.38,0.0,7.38,19.19,0.18,19.37
2022-03-01,2022,North Zone,Delhi,दिल्ली,0.41,1.88,2.29,0.0,0.0,0.0,0.41,1.88,2.29
2022-03-01,2022,West Zone,Gujarat,गुजरात,1.67,3.25,4.92,0.13,0.0,0.13,1.8,3.25,5.05
2022-03-01,2022,North Zone,Haryana,हरियाणा,28.24,13.8,42.04,0.0,11.65,11.65,28.24,25.45,53.69
2022-03-01,2022,North Zone,Himachal Pradesh,हिमाचल प्रदेश,0.26,0.4,0.66,0.0,0.0,0.0,0.26,0.4,0.66
2022-03-01,2022,North Zone,Jammu & Kashmir,जम्मू और कश्मीर,1.27,0.39,1.66,0.0,0.0,0.0,1.27,0.39,1.66
2022-03-01,2022,East Zone,Jharkhand,झारखण्ड,2.34,0.42,2.76,0.0,0.0,0.0,2.34,0.42,2.76
2022-03-01,2022,South Zone,Karnataka,कर्नाटक,5.03,0.68,5.71,0.0,0.0,0.0,5.03,0.68,5.71
2022-03-01,2022,South Zone,Kerala,केरल,3.93,0.52,4.45,0.14,0.0,0.14,4.07,0.52,4.59
2022-03-01,2022,West Zone,Madhya Pradesh,मध्य प्रदेश,1.51,1.51,3.02,5.1,115.41,120.51,6.61,116.92,123.53
2022-03-01,2022,West Zone,Maharashtra,महाराष्ट्र,4.36,6.23,10.59,0.21,0.0,0.21,4.57,6.23,10.8
2022-03-01,2022,North-East Zone,Manipur,मणिपुर,0.32,0.0,0.32,0.0,0.0,0.0,0.32,0.0,0.32
2022-03-01,2022,North-East Zone,Meghalaya,मेघालय,0.12,0.01,0.13,0.0,0.0,0.0,0.12,0.01,0.13
2022-03-01,2022,North-East Zone,Mizoram,मिजोरम,0.09,0.0,0.09,0.0,0.0,0.0,0.09,0.0,0.09
2022-03-01,2022,North-East Zone,Nagaland,नागालैंड,0.38,0.0,0.38,0.0,0.0,0.0,0.38,0.0,0.38
2022-03-01,2022,East Zone,Odisha,ओडिशा,1.38,1.1,2.48,3.96,0.0,3.96,5.34,1.1,6.44
2022-03-01,2022,North Zone,Punjab,पंजाब,97.76,12.02,109.78,0.0,36.67,36.67,97.76,48.69,146.45
2022-03-01,2022,North Zone,Rajasthan,राजस्थान,0.47,9.89,10.36,0.0,0.0,0.0,0.47,9.89,10.36
2022-03-01,2022,South Zone,Tamil Nadu,तमिलनाडु,11.7,0.86,12.56,5.82,0.0,5.82,17.52,0.86,18.38
2022-03-01,2022,South Zone,Telangana,तेलंगाना,18.19,0.03,18.22,12.67,0.0,12.67,30.86,0.03,30.89
2022-03-01,2022,North-East Zone,Tripura,त्रिपुरा,0.24,0.03,0.27,0.0,0.0,0.0,0.24,0.03,0.27
2022-03-01,2022,North Zone,Uttar Pradesh,उत्तर प्रदेश,28.87,7.17,36.04,0.0,0.0,0.0,28.87,7.17,36.04
2022-03-01,2022,North Zone,Uttarakhand,उत्तराखण्ड,0.82,0.35,1.17,0.69,0.0,0.69,1.51,0.35,1.86
2022-03-01,2022,East Zone,West Bengal,पश्चिम बंगाल,0.7,2.7,3.4,3.58,0.0,3.58,4.28,2.7,6.98
2022-04-01,2022,South Zone,Andhra Pradesh,आन्ध्र प्रदेश,4.07,0.03,4.1,11.76,0.0,11.76,15.83,0.03,15.86
2022-04-01,2022,North-East Zone,Arunachal Pradesh,अरुणाचल प्रदेश,0.23,0.0,0.23,0.0,0.0,0.0,0.23,0.0,0.23
2022-04-01,2022,North-East Zone,Assam,असम,2.64,0.57,3.21,0.0,0.0,0.0,2.64,0.57,3.21
2022-04-01,2022,East Zone,Bihar,बिहार,3.74,2.63,6.37,7.0,0.0,7.0,10.74,2.63,13.37
2022-04-01,2022,West Zone,Chhattisgarh,छत्तीसगढ,13.26,0.13,13.39,10.5,0.0,10.5,23.76,0.13,23.89
2022-04-01,2022,North Zone,Delhi,दिल्ली,0.66,1.71,2.37,0.0,0.0,0.0,0.66,1.71,2.37
2022-04-01,2022,West Zone,Gujarat,गुजरात,1.93,3.48,5.41,0.13,0.0,0.13,2.06,3.48,5.54
2022-04-01,2022,North Zone,Haryana,हरियाणा,32.87,8.84,41.71,0.0,6.54,6.54,32.87,15.38,48.25
2022-04-01,2022,North Zone,Himachal Pradesh,हिमाचल प्रदेश,0.3,0.3,0.6,0.0,0.0,0.0,0.3,0.3,0.6
2022-04-01,2022,North Zone,Jammu & Kashmir,जम्मू और कश्मीर,1.34,0.39,1.73,0.0,0.0,0.0,1.34,0.39,1.73
2022-04-01,2022,East Zone,Jharkhand,झारखण्ड,3.05,0.22,3.27,0.0,0.0,0.0,3.05,0.22,3.27
2022-04-01,2022,South Zone,Karnataka,कर्नाटक,6.48,0.56,7.04,0.0,0.0,0.0,6.48,0.56,7.04
2022-04-01,2022,South Zone,Kerala,केरल,4.24,0.46,4.7,0.28,0.0,0.28,4.52,0.46,4.98
2022-04-01,2022,West Zone,Madhya Pradesh,मध्य प्रदेश,1.18,1.29,2.47,5.9,106.53,112.43,7.08,107.82,114.9
2022-04-01,2022,West Zone,Maharashtra,महाराष्ट्र,5.27,4.55,9.82,0.0,0.0,0.0,5.27,4.55,9.82
2022-04-01,2022,North-East Zone,Manipur,मणिपुर,0.34,0.0,0.34,0.0,0.0,0.0,0.34,0.0,0.34
2022-04-01,2022,North-East Zone,Meghalaya,मेघालय,0.14,0.01,0.15,0.0,0.0,0.0,0.14,0.01,0.15
2022-04-01,2022,North-East Zone,Mizoram,मिजोरम,0.08,0.0,0.08,0.0,0.0,0.0,0.08,0.0,0.08
2022-04-01,2022,North-East Zone,Nagaland,नागालैंड,0.53,0.0,0.53,0.0,0.0,0.0,0.53,0.0,0.53
2022-04-01,2022,East Zone,Odisha,ओडिशा,2.54,0.99,3.53,3.96,0.0,3.96,6.5,0.99,7.49
2022-04-01,2022,North Zone,Punjab,पंजाब,109.88,9.14,119.02,0.0,23.02,23.02,109.88,32.16,142.04
2022-04-01,2022,North Zone,Rajasthan,राजस्थान,0.41,7.5,7.91,0.0,0.0,0.0,0.41,7.5,7.91
2022-04-01,2022,South Zone,Tamil Nadu,तमिलनाडु,12.35,1.2,13.55,3.09,0.0,3.09,15.44,1.2,16.64
2022-04-01,2022,South Zone,Telangana,तेलंगाना,17.93,0.06,17.99,13.44,0.0,13.44,31.37,0.06,31.43
2022-04-01,2022,North-East Zone,Tripura,त्रिपुरा,0.25,0.03,0.28,0.0,0.0,0.0,0.25,0.03,0.28
2022-04-01,2022,North Zone,Uttar Pradesh,उत्तर प्रदेश,30.79,4.56,35.35,0.0,0.0,0.0,30.79,4.56,35.35
2022-04-01,2022,North Zone,Uttarakhand,उत्तराखण्ड,1.13,0.35,1.48,0.78,0.0,0.78,1.91,0.35,2.26
2022-04-01,2022,East Zone,West Bengal,पश्चिम बंगाल,0.75,1.93,2.68,3.83,0.0,3.83,4.58,1.93,6.51
2022-05-01,2022,South Zone,Andhra Pradesh,आन्ध्र प्रदेश,4.36,0.01,4.37,12.71,0.0,12.71,17.07,0.01,17.08
2022-05-01,2022,North-East Zone,Arunachal Pradesh,अरुणाचल प्रदेश,0.21,0.0,0.21,0.0,0.0,0.0,0.21,0.0,0.21
2022-05-01,2022,North-East Zone,Assam,असम,2.94,0.54,3.48,0.0,0.0,0.0,2.94,0.54,3.48
2022-05-01,2022,East Zone,Bihar,बिहार,3.58,2.55,6.13,6.78,0.0,6.78,10.36,2.55,12.91
2022-05-01,2022,West Zone,Chhattisgarh,छत्तीसगढ,13.78,0.12,13.9,10.73,0.0,10.73,24.51,0.12,24.6
2022-05-01,2022,North Zone,Delhi,दिल्ली,0.6,1.43,2.03,0.0,0.0,0.0,0.6,1.43,2.03
2022-05-01,2022,West Zone,Gujarat,गुजरात,2.35,3.16,5.51,0.13,0.0,0.13,2.48,3.16,5.64
2022-05-01,2022,North Zone,Haryana,हरियाणा,33.7,27.59,61.29,0.0,16.17,16.17,33.7,43.76,77.46
2022-05-01,2022,North Zone,Himachal Pradesh,हिमाचल प्रदेश,0.22,0.17,0.39,0.0,0.0,0.0,0.22,0.17,0.39
2022-05-01,2022,North Zone,Jammu & Kashmir,जम्मू और कश्मीर,1.26,0.32,1.58,0.0,0.0,0.0,1.26,0.32,1.58
2022-05-01,2022,East Zone,Jharkhand,झारखण्ड,2.73,0.47,3.2,0.0,0.0,0.0,2.73,0.47,3.2
2022-05-01,2022,South Zone,Karnataka,कर्नाटक,6.84,0.59,7.43,0.0,0.0,0.0,6.84,0.59,7.43
2022-05-01,2022,South Zone,Kerala,केरल,4.22,0.52,4.74,0.34,0.0,0.34,4.56,0.52,5.08
2022-05-01,2022,West Zone,Madhya Pradesh,मध्य प्रदेश,1.06,1.62,2.68,7.58,132.97,140.55,8.64,134.59,143.23
2022-05-01,2022,West Zone,Maharashtra,महाराष्ट्र,7.39,3.55,10.94,0.15,0.0,0.15,7.54,3.55,11.09
2022-05-01,2022,North-East Zone,Manipur,मणिपुर,0.28,0.0,0.28,0.0,0.0,0.0,0.28,0.0,0.28
2022-05-01,2022,North-East Zone,Meghalaya,मेघालय,0.12,0.01,0.13,0.0,0.0,0.0,0.12,0.01,0.13
2022-05-01,2022,North-East Zone,Mizoram,मिजोरम,0.11,0.0,0.11,0.0,0.0,0.0,0.11,0.0,0.11
2022-05-01,2022,North-East Zone,Nagaland,नागालैंड,0.46,0.0,0.46,0.0,0.0,0.0,0.46,0.0,0.46
2022-05-01,2022,East Zone,Odisha,ओडिशा,2.82,0.76,3.58,4.3,0.0,4.3,7.12,0.76,7.88
2022-05-01,2022,North Zone,Punjab,पंजाब,114.99,13.91,128.9,0.0,59.78,59.78,114.99,73.69,188.68
2022-05-01,2022,North Zone,Rajasthan,राजस्थान,0.44,6.06,6.5,0.0,0.0,0.0,0.44,6.06,6.5
2022-05-01,2022,South Zone,Tamil Nadu,तमिलनाडु,12.0,0.93,12.93,3.82,0.0,3.82,15.82,0.93,16.75
2022-05-01,2022,South Zone,Telangana,तेलंगाना,17.87,0.06,17.93,14.05,0.0,14.05,31.92,0.06,31.98
2022-05-01,2022,North-East Zone,Tripura,त्रिपुरा,0.25,0.02,0.27,0.0,0.0,0.0,0.25,0.02,0.27
2022-05-01,2022,North Zone,Uttar Pradesh,उत्तर प्रदेश,28.85,3.61,32.46,0.0,0.0,0.0,28.85,3.61,32.46
2022-05-01,2022,North Zone,Uttarakhand,उत्तराखण्ड,1.07,0.28,1.35,0.81,0.0,0.81,1.88,0.28,2.16
2022-05-01,2022,East Zone,West Bengal,पश्चिम बंगाल,0.61,2.56,3.17,3.68,0.0,3.68,4.29,2.56,6.85
2022-06-01,2022,South Zone,Andhra Pradesh,आन्ध्र प्रदेश,4.01,0.04,4.05,15.65,0.0,15.65,19.66,0.04,19.7
2022-06-01,2022,North-East Zone,Arunachal Pradesh,अरुणाचल प्रदेश,0.19,0.0,0.19,0.0,0.0,0.0,0.19,0.0,0.19
2022-06-01,2022,North-East Zone,Assam,असम,3.02,0.54,3.56,0.0,0.0,0.0,3.02,0.54,3.56
2022-06-01,2022,East Zone,Bihar,बिहार,4.3,2.64,6.94,4.87,0.0,4.87,9.17,2.64,11.81
2022-06-01,2022,West Zone,Chhattisgarh,छत्तीसगढ,13.33,0.12,13.45,11.0,0.0,11.0,24.33,0.12,24.45
2022-06-01,2022,North Zone,Delhi,दिल्ली,0.74,1.42,2.16,0.0,0.0,0.0,0.74,1.42,2.16
2022-06-01,2022,West Zone,Gujarat,गुजरात,2.02,3.28,5.3,0.13,0.0,0.13,2.15,3.28,5.43
2022-06-01,2022,North Zone,Haryana,हरियाणा,31.01,27.31,58.32,0.0,14.2,14.2,31.01,41.51,72.52
2022-06-01,2022,North Zone,Himachal Pradesh,हिमाचल प्रदेश,0.19,0.26,0.45,0.0,0.0,0.0,0.19,0.26,0.45
2022-06-01,2022,North Zone,Jammu & Kashmir,जम्मू और कश्मीर,0.97,0.35,1.32,0.0,0.0,0.0,0.97,0.35,1.32
2022-06-01,2022,East Zone,Jharkhand,झारखण्ड,2.29,0.66,2.95,0.0,0.0,0.0,2.29,0.66,2.95
2022-06-01,2022,South Zone,Karnataka,कर्नाटक,6.96,0.54,7.5,0.27,0.0,0.27,7.23,0.54,7.77
2022-06-01,2022,South Zone,Kerala,केरल,3.9,0.53,4.43,0.3,0.0,0.3,4.2,0.53,4.73
2022-06-01,2022,West Zone,Madhya Pradesh,मध्य प्रदेश,1.18,2.01,3.19,8.07,134.16,142.23,9.25,136.17,145.42
2022-06-01,2022,West Zone,Maharashtra,महाराष्ट्र,6.88,3.97,10.85,0.15,0.0,0.15,7.03,3.97,11.0
2022-06-01,2022,North-East Zone,Manipur,मणिपुर,0.3,0.0,0.3,0.0,0.0,0.0,0.3,0.0,0.3
2022-06-01,2022,North-East Zone,Meghalaya,मेघालय,0.12,0.0,0.12,0.0,0.0,0.0,0.12,0.0,0.12
2022-06-01,2022,North-East Zone,Mizoram,मिजोरम,0.08,0.0,0.08,0.0,0.0,0.0,0.08,0.0,0.08
2022-06-01,2022,North-East Zone,Nagaland,नागालैंड,0.37,0.0,0.37,0.0,0.0,0.0,0.37,0.0,0.37
2022-06-01,2022,East Zone,Odisha,ओडिशा,2.72,0.57,3.29,4.18,0.0,4.18,6.9,0.57,7.47
2022-06-01,2022,North Zone,Punjab,पंजाब,113.5,23.07,136.57,0.0,73.49,73.49,113.5,96.56,210.06
2022-06-01,2022,North Zone,Rajasthan,राजस्थान,0.42,6.17,6.59,0.0,0.0,0.0,0.42,6.17,6.59
2022-06-01,2022,South Zone,Tamil Nadu,तमिलनाडु,11.27,0.75,12.02,6.88,0.0,6.88,18.15,0.75,18.9
2022-06-01,2022,South Zone,Telangana,तेलंगाना,16.35,0.07,16.42,14.56,0.0,14.56,30.91,0.07,30.98
2022-06-01,2022,North-East Zone,Tripura,त्रिपुरा,0.12,0.01,0.13,0.0,0.0,0.0,0.12,0.01,0.13
2022-06-01,2022,North Zone,Uttar Pradesh,उत्तर प्रदेश,29.06,5.69,34.75,0.0,0.0,0.0,29.06,5.69,34.75
2022-06-01,2022,North Zone,Uttarakhand,उत्तराखण्ड,1.08,0.39,1.47,0.77,0.01,0.78,1.85,0.4,2.25
2022-06-01,2022,East Zone,West Bengal,पश्चिम बंगाल,0.93,3.92,4.85,2.74,0.0,2.74,3.67,3.92,7.59
2022-07-01,2022,South Zone,Andhra Pradesh,आन्ध्र प्रदेश,3.5,0.03,3.53,18.6,0.0,18.6,22.1,0.03,22.13
2022-07-01,2022,North-East Zone,Arunachal Pradesh,अरुणाचल प्रदेश,0.24,0.0,0.24,0.0,0.0,0.0,0.24,0.0,0.24
2022-07-01,2022,North-East Zone,Assam,असम,3.07,0.54,3.61,0.0,0.0,0.0,3.07,0.54,3.61
2022-07-01,2022,East Zone,Bihar,बिहार,5.02,2.89,7.91,4.89,0.03,4.92,9.91,2.92,12.83
2022-07-01,2022,West Zone,Chhattisgarh,छत्तीसगढ,12.69,0.04,12.73,10.81,0.0,10.81,23.5,0.04,23.54
2022-07-01,2022,North Zone,Delhi,दिल्ली,0.67,1.35,2.02,0.0,0.0,0.0,0.67,1.35,2.02
2022-07-01,2022,West Zone,Gujarat,गुजरात,2.77,3.48,6.25,0.25,0.0,0.25,3.02,3.48,6.5
2022-07-01,2022,North Zone,Haryana,हरियाणा,26.72,25.87,52.59,0.0,12.66,12.66,26.72,38.53,65.25
2022-07-01,2022,North Zone,Himachal Pradesh,हिमाचल प्रदेश,0.19,0.37,0.56,0.0,0.0,0.0,0.19,0.37,0.56
2022-07-01,2022,North Zone,Jammu & Kashmir,जम्मू और कश्मीर,0.9,0.43,1.33,0.0,0.0,0.0,0.9,0.43,1.33
2022-07-01,2022,East Zone,Jharkhand,झारखण्ड,1.39,1.03,2.42,0.0,0.0,0.0,1.39,1.03,2.42
2022-07-01,2022,South Zone,Karnataka,कर्नाटक,7.37,0.58,7.95,0.25,0.0,0.25,7.62,0.58,8.2
2022-07-01,2022,South Zone,Kerala,केरल,3.57,0.86,4.43,0.34,0.0,0.34,3.91,0.86,4.77
2022-07-01,2022,West Zone,Madhya Pradesh,मध्य प्रदेश,0.91,2.03,2.94,8.14,125.26,133.4,9.05,127.29,136.34
2022-07-01,2022,West Zone,Maharashtra,महाराष्ट्र,6.5,5.08,11.58,0.15,0.0,0.15,6.65,5.08,11.73
2022-07-01,2022,North-East Zone,Manipur,मणिपुर,0.35,0.0,0.35,0.0,0.0,0.0,0.35,0.0,0.35
2022-07-01,2022,North-East Zone,Meghalaya,मेघालय,0.13,0.0,0.13,0.0,0.0,0.0,0.13,0.0,0.13
2022-07-01,2022,North-East Zone,Mizoram,मिजोरम,0.05,0.0,0.05,0.0,0.0,0.0,0.05,0.0,0.05
2022-07-01,2022,North-East Zone,Nagaland,नागालैंड,0.36,0.0,0.36,0.0,0.0,0.0,0.36,0.0,0.36
2022-07-01,2022,East Zone,Odisha,ओडिशा,2.6,0.57,3.17,4.97,0.0,4.97,7.57,0.57,8.14
2022-07-01,2022,North Zone,Punjab,पंजाब,106.94,23.89,130.83,0.0,54.32,54.32,106.94,78.21,185.15
2022-07-01,2022,North Zone,Rajasthan,राजस्थान,0.44,6.96,7.4,0.0,0.0,0.0,0.44,6.96,7.4
2022-07-01,2022,South Zone,Tamil Nadu,तमिलनाडु,9.84,0.8,10.64,10.05,0.0,10.05,19.89,0.8,20.69
2022-07-01,2022,South Zone,Telangana,तेलंगाना,12.31,0.03,12.34,13.17,0.0,13.17,25.48,0.03,25.51
2022-07-01,2022,North-East Zone,Tripura,त्रिपुरा,0.04,0.01,0.05,0.0,0.0,0.0,0.04,0.01,0.05
2022-07-01,2022,North Zone,Uttar Pradesh,उत्तर प्रदेश,25.96,10.03,35.99,0.0,0.0,0.0,25.96,10.03,35.99
2022-07-01,2022,North Zone,Uttarakhand,उत्तराखण्ड,1.1,0.39,1.49,0.81,0.01,0.82,1.91,0.4,2.31
2022-07-01,2022,East Zone,West Bengal,पश्चिम बंगाल,1.66,3.67,5.33,3.12,0.0,3.12,4.78,3.67,8.45
2022-08-01,2022,South Zone,Andhra Pradesh,आन्ध्र प्रदेश,2.76,0.02,2.78,18.86,0.0,18.86,21.62,0.02,21.64
2022-08-01,2022,North-East Zone,Arunachal Pradesh,अरुणाचल प्रदेश,0.24,0.0,0.24,0.0,0.0,0.0,0.24,0.0,0.24
2022-08-01,2022,North-East Zone,Assam,असम,2.81,0.6,3.41,0.0,0.0,0.0,2.81,0.6,3.41
2022-08-01,2022,East Zone,Bihar,बिहार,3.72,2.64,6.36,4.29,0.0,4.29,8.01,2.64,10.65
2022-08-01,2022,West Zone,Chhattisgarh,छत्तीसगढ,11.28,0.07,11.35,10.84,0.0,10.84,22.12,0.07,22.19
2022-08-01,2022,North Zone,Delhi,दिल्ली,0.65,1.14,1.79,0.0,0.0,0.0,0.65,1.14,1.79
2022-08-01,2022,West Zone,Gujarat,गुजरात,3.09,3.25,6.34,0.17,0.0,0.17,3.26,3.25,6.51
2022-08-01,2022,North Zone,Haryana,हरियाणा,22.02,24.11,46.13,0.0,11.55,11.55,22.02,35.66,57.68
2022-08-01,2022,North Zone,Himachal Pradesh,हिमाचल प्रदेश,0.18,0.38,0.56,0.0,0.0,0.0,0.18,0.38,0.56
2022-08-01,2022,North Zone,Jammu & Kashmir,जम्मू और कश्मीर,0.73,0.57,1.3,0.0,0.0,0.0,0.73,0.57,1.3
2022-08-01,2022,East Zone,Jharkhand,झारखण्ड,1.12,0.69,1.81,0.0,0.0,0.0,1.12,0.69,1.81
2022-08-01,2022,South Zone,Karnataka,कर्नाटक,7.15,0.61,7.76,0.05,0.0,0.05,7.2,0.61,7.81
2022-08-01,2022,South Zone,Kerala,केरल,2.92,1.01,3.93,0.51,0.0,0.51,3.43,1.01,4.44
2022-08-01,2022,West Zone,Madhya Pradesh,मध्य प्रदेश,0.75,2.02,2.77,8.26,118.3,126.56,9.01,120.32,129.33
2022-08-01,2022,West Zone,Maharashtra,महाराष्ट्र,5.84,5.52,11.36,0.15,0.0,0.15,5.99,5.52,11.51
2022-08-01,2022,North-East Zone,Manipur,मणिपुर,0.33,0.0,0.33,0.0,0.0,0.0,0.33,0.0,0.33
2022-08-01,2022,North-East Zone,Meghalaya,मेघालय,0.15,0.01,0.16,0.0,0.0,0.0,0.15,0.01,0.16
2022-08-01,2022,North-East Zone,Mizoram,मिजोरम,0.03,0.02,0.05,0.0,0.0,0.0,0.03,0.02,0.05
2022-08-01,2022,North-East Zone,Nagaland,नागालैंड,0.41,0.0,0.41,0.0,0.0,0.0,0.41,0.0,0.41
2022-08-01,2022,East Zone,Odisha,ओडिशा,2.52,0.45,2.97,5.08,0.0,5.08,7.6,0.45,8.05
2022-08-01,2022,North Zone,Punjab,पंजाब,94.81,22.12,116.93,0.0,48.57,48.57,94.81,70.69,165.5
2022-08-01,2022,North Zone,Rajasthan,राजस्थान,0.36,6.15,6.51,0.0,0.0,0.0,0.36,6.15,6.51
2022-08-01,2022,South Zone,Tamil Nadu,तमिलनाडु,8.78,1.16,9.94,5.94,0.0,5.94,14.72,1.16,15.88
2022-08-01,2022,South Zone,Telangana,तेलंगाना,8.3,0.07,8.37,10.67,0.0,10.67,18.97,0.07,19.04
2022-08-01,2022,North-East Zone,Tripura,त्रिपुरा,0.16,0.02,0.18,0.0,0.0,0.0,0.16,0.02,0.18
2022-08-01,2022,North Zone,Uttar Pradesh,उत्तर प्रदेश,23.0,10.79,33.79,0.0,0.0,0.0,23.0,10.79,33.79
2022-08-01,2022,North Zone,Uttarakhand,उत्तराखण्ड,1.09,0.49,1.58,0.84,0.01,0.85,1.93,0.5,2.43
2022-08-01,2022,East Zone,West Bengal,पश्चिम बंगाल,0.59,2.94,3.53,3.56,0.0,3.56,4.15,2.94,7.09
2022-09-01,2022,South Zone,Andhra Pradesh,आन्ध्र प्रदेश,3.41,0.02,3.43,15.97,0.0,15.97,19.38,0.02,19.4
2022-09-01,2022,North-East Zone,Arunachal Pradesh,अरुणाचल प्रदेश,0.26,0.0,0.26,0.0,0.0,0.0,0.26,0.0,0.26
2022-09-01,2022,North-East Zone,Assam,असम,2.97,0.63,3.6,0.0,0.0,0.0,2.97,0.63,3.6
2022-09-01,2022,East Zone,Bihar,बिहार,3.92,2.55,6.47,3.96,0.0,3.96,7.88,2.55,10.43
2022-09-01,2022,West Zone,Chhattisgarh,छत्तीसगढ,9.48,0.09,9.57,9.31,0.0,9.31,18.79,0.09,18.88
2022-09-01,2022,North Zone,Delhi,दिल्ली,0.72,1.03,1.75,0.0,0.0,0.0,0.72,1.03,1.75
2022-09-01,2022,West Zone,Gujarat,गुजरात,2.99,3.22,6.21,0.44,0.0,0.44,3.43,3.22,6.65
2022-09-01,2022,North Zone,Haryana,हरियाणा,17.42,22.24,39.66,0.0,10.08,10.08,17.42,32.32,49.74
2022-09-01,2022,North Zone,Himachal Pradesh,हिमाचल प्रदेश,0.19,0.4,0.59,0.0,0.0,0.0,0.19,0.4,0.59
2022-09-01,2022,North Zone,Jammu & Kashmir,जम्मू और कश्मीर,0.99,0.63,1.62,0.0,0.0,0.0,0.99,0.63,1.62
2022-09-01,2022,East Zone,Jharkhand,झारखण्ड,0.88,0.66,1.54,0.0,0.0,0.0,0.88,0.66,1.54
2022-09-01,2022,South Zone,Karnataka,कर्नाटक,6.93,0.53,7.46,0.05,0.0,0.05,6.98,0.53,7.51
2022-09-01,2022,South Zone,Kerala,केरल,2.73,1.02,3.75,0.53,0.0,0.53,3.26,1.02,4.28
2022-09-01,2022,West Zone,Madhya Pradesh,मध्य प्रदेश,0.61,2.02,2.63,9.2,111.89,121.09,9.81,113.91,123.72
2022-09-01,2022,West Zone,Maharashtra,महाराष्ट्र,4.37,6.06,10.43,0.15,0.0,0.15,4.52,6.06,10.58
2022-09-01,2022,North-East Zone,Manipur,मणिपुर,0.21,0.0,0.21,0.0,0.0,0.0,0.21,0.0,0.21
2022-09-01,2022,North-East Zone,Meghalaya,मेघालय,0.15,0.01,0.16,0.0,0.0,0.0,0.15,0.01,0.16
2022-09-01,2022,North-East Zone,Mizoram,मिजोरम,0.06,0.01,0.07,0.0,0.0,0.0,0.06,0.01,0.07
2022-09-01,2022,North-East Zone,Nagaland,नागालैंड,0.37,0.0,0.37,0.0,0.0,0.0,0.37,0.0,0.37
2022-09-01,2022,East Zone,Odisha,ओडिशा,2.37,0.54,2.91,5.36,0.0,5.36,7.73,0.54,8.27
2022-09-01,2022,North Zone,Punjab,पंजाब,76.21,19.57,95.78,0.0,44.53,44.53,76.21,64.1,140.31
2022-09-01,2022,North Zone,Rajasthan,राजस्थान,0.25,5.93,6.18,0.0,0.0,0.0,0.25,5.93,6.18
2022-09-01,2022,South Zone,Tamil Nadu,तमिलनाडु,7.52,1.13,8.65,9.79,0.0,9.79,17.31,1.13,18.44
2022-09-01,2022,South Zone,Telangana,तेलंगाना,9.19,0.06,9.25,8.31,0.0,8.31,17.5,0.06,17.56
2022-09-01,2022,North-East Zone,Tripura,त्रिपुरा,0.13,0.02,0.15,0.0,0.0,0.0,0.13,0.02,0.15
2022-09-01,2022,North Zone,Uttar Pradesh,उत्तर प्रदेश,18.27,8.95,27.22,0.0,0.0,0.0,18.27,8.95,27.22
2022-09-01,2022,North Zone,Uttarakhand,उत्तराखण्ड,1.07,0.48,1.55,0.57,0.0,0.57,1.64,0.48,2.12
2022-09-01,2022,East Zone,West Bengal,पश्चिम बंगाल,0.44,2.52,2.96,2.77,0.0,2.77,3.21,2.52,5.73
2022-10-01,2022,South Zone,Andhra Pradesh,आन्ध्र प्रदेश,4.43,0.04,4.47,13.57,0.0,13.57,18.0,0.04,18.04
2022-10-01,2022,North-East Zone,Arunachal Pradesh,अरुणाचल प्रदेश,0.3,0.0,0.3,0.0,0.0,0.0,0.3,0.0,0.3
2022-10-01,2022,North-East Zone,Assam,असम,3.47,0.65,4.12,0.0,0.0,0.0,3.47,0.65,4.12
2022-10-01,2022,East Zone,Bihar,बिहार,3.25,2.12,5.37,0.51,0.0,0.51,3.76,2.12,5.88
2022-10-01,2022,West Zone,Chhattisgarh,छत्तीसगढ,7.04,0.02,7.06,9.18,0.0,9.18,16.22,0.02,16.24
2022-10-01,2022,North Zone,Delhi,दिल्ली,0.72,0.88,1.6,0.0,0.0,0.0,0.72,0.88,1.6
2022-10-01,2022,West Zone,Gujarat,गुजरात,3.3,3.07,6.37,0.24,0.0,0.24,3.54,3.07,6.61
2022-10-01,2022,North Zone,Haryana,हरियाणा,11.25,20.49,31.74,0.0,9.33,9.33,11.25,29.82,41.07
2022-10-01,2022,North Zone,Himachal Pradesh,हिमाचल प्रदेश,0.2,0.48,0.68,0.0,0.0,0.0,0.2,0.48,0.68
2022-10-01,2022,North Zone,Jammu & Kashmir,जम्मू और कश्मीर,1.05,0.76,1.81,0.0,0.0,0.0,1.05,0.76,1.81
2022-10-01,2022,East Zone,Jharkhand,झारखण्ड,1.09,0.88,1.97,0.0,0.0,0.0,1.09,0.88,1.97
2022-10-01,2022,South Zone,Karnataka,कर्नाटक,7.29,0.45,7.74,0.22,0.0,0.22,7.51,0.45,7.96
2022-10-01,2022,South Zone,Kerala,केरल,3.14,0.99,4.13,0.62,0.0,0.62,3.76,0.99,4.75
2022-10-01,2022,West Zone,Madhya Pradesh,मध्य प्रदेश,0.58,2.02,2.6,9.86,104.15,114.01,10.44,106.17,116.61
2022-10-01,2022,West Zone,Maharashtra,महाराष्ट्र,3.79,7.44,11.23,0.12,0.0,0.12,3.91,7.44,11.35
2022-10-01,2022,North-East Zone,Manipur,मणिपुर,0.24,0.0,0.24,0.0,0.0,0.0,0.24,0.0,0.24
2022-10-01,2022,North-East Zone,Meghalaya,मेघालय,0.15,0.0,0.15,0.0,0.0,0.0,0.15,0.0,0.15
2022-10-01,2022,North-East Zone,Mizoram,मिजोरम,0.11,0.01,0.12,0.0,0.0,0.0,0.11,0.01,0.12
2022-10-01,2022,North-East Zone,Nagaland,नागालैंड,0.45,0.0,0.45,0.0,0.0,0.0,0.45,0.0,0.45
2022-10-01,2022,East Zone,Odisha,ओडिशा,1.97,0.65,2.62,5.23,0.0,5.23,7.2,0.65,7.85
2022-10-01,2022,North Zone,Punjab,पंजाब,56.76,16.85,73.61,0.0,39.04,39.04,56.76,55.89,112.65
2022-10-01,2022,North Zone,Rajasthan,राजस्थान,0.28,5.72,6.0,0.0,0.0,0.0,0.28,5.72,6.0
2022-10-01,2022,South Zone,Tamil Nadu,तमिलनाडु,6.74,1.26,8.0,13.52,0.0,13.52,20.26,1.26,21.52
2022-10-01,2022,South Zone,Telangana,तेलंगाना,7.46,0.13,7.59,5.24,0.0,5.24,12.7,0.13,12.83
2022-10-01,2022,North-East Zone,Tripura,त्रिपुरा,0.14,0.03,0.17,0.0,0.0,0.0,0.14,0.03,0.17
2022-10-01,2022,North Zone,Uttar Pradesh,उत्तर प्रदेश,11.78,6.82,18.6,0.0,0.0,0.0,11.78,6.82,18.6
2022-10-01,2022,North Zone,Uttarakhand,उत्तराखण्ड,1.03,0.5,1.53,0.17,0.0,0.17,1.2,0.5,1.7
2022-10-01,2022,East Zone,West Bengal,पश्चिम बंगाल,0.46,1.72,2.18,2.79,0.0,2.79,3.25,1.72,4.97
2022-11-01,2022,South Zone,Andhra Pradesh,आन्ध्र प्रदेश,4.45,0.02,4.47,11.4,0.0,11.4,15.85,0.02,15.87
2022-11-01,2022,North-East Zone,Arunachal Pradesh,अरुणाचल प्रदेश,0.29,0.0,0.29,0.0,0.0,0.0,0.29,0.0,0.29
2022-11-01,2022,North-East Zone,Assam,असम,2.98,0.49,3.47,0.0,0.0,0.0,2.98,0.49,3.47
2022-11-01,2022,East Zone,Bihar,बिहार,4.0,2.08,6.08,0.0,0.0,0.0,4.0,2.08,6.08
2022-11-01,2022,West Zone,Chhattisgarh,छत्तीसगढ,3.22,0.07,3.29,8.17,0.0,8.17,11.38,0.07,11.45
2022-11-01,2022,North Zone,Delhi,दिल्ली,0.54,0.95,1.49,0.0,0.0,0.0,0.54,0.95,1.49
2022-11-01,2022,West Zone,Gujarat,गुजरात,3.45,3.14,6.59,0.24,0.0,0.24,3.69,3.14,6.83
2022-11-01,2022,North Zone,Haryana,हरियाणा,5.58,18.38,23.96,0.0,8.25,8.25,5.58,26.63,32.21
2022-11-01,2022,North Zone,Himachal Pradesh,हिमाचल प्रदेश,0.14,0.36,0.5,0.0,0.0,0.0,0.14,0.36,0.5
2022-11-01,2022,North Zone,Jammu & Kashmir,जम्मू और कश्मीर,1.13,0.57,1.7,0.0,0.0,0.0,1.13,0.57,1.7
2022-11-01,2022,East Zone,Jharkhand,झारखण्ड,1.2,0.83,2.03,0.0,0.0,0.0,1.2,0.83,2.03
2022-11-01,2022,South Zone,Karnataka,कर्नाटक,6.17,0.45,6.62,0.0,0.0,0.0,6.17,0.45,6.62
2022-11-01,2022,South Zone,Kerala,केरल,2.56,0.77,3.33,0.24,0.0,0.24,2.8,0.77,3.57
2022-11-01,2022,West Zone,Madhya Pradesh,मध्य प्रदेश,0.57,1.98,2.55,9.21,96.89,106.1,9.78,98.88,108.66
2022-11-01,2022,West Zone,Maharashtra,महाराष्ट्र,3.94,7.05,10.99,0.12,0.0,0.12,4.06,7.05,11.11
2022-11-01,2022,North-East Zone,Manipur,मणिपुर,0.28,0.0,0.28,0.0,0.0,0.0,0.28,0.0,0.28
2022-11-01,2022,North-East Zone,Meghalaya,मेघालय,0.11,0.01,0.12,0.0,0.0,0.0,0.11,0.01,0.12
2022-11-01,2022,North-East Zone,Mizoram,मिजोरम,0.09,0.01,0.1,0.0,0.0,0.0,0.09,0.01,0.1
2022-11-01,2022,North-East Zone,Nagaland,नागालैंड,0.39,0.0,0.39,0.0,0.0,0.0,0.39,0.0,0.39
2022-11-01,2022,East Zone,Odisha,ओडिशा,1.19,0.64,1.83,4.45,0.0,4.45,5.64,0.64,6.28
2022-11-01,2022,North Zone,Punjab,पंजाब,35.59,13.93,49.52,0.0,36.16,36.16,35.59,50.09,85.68
2022-11-01,2022,North Zone,Rajasthan,राजस्थान,0.28,5.92,6.2,0.0,0.0,0.0,0.28,5.92,6.2
2022-11-01,2022,South Zone,Tamil Nadu,तमिलनाडु,5.13,1.29,6.42,15.75,0.0,15.75,20.88,1.29,22.17
2022-11-01,2022,South Zone,Telangana,तेलंगाना,6.18,0.16,6.34,3.59,0.0,3.59,9.77,0.16,9.93
2022-11-01,2022,North-East Zone,Tripura,त्रिपुरा,0.1,0.02,0.12,0.0,0.0,0.0,0.1,0.02,0.12
2022-11-01,2022,North Zone,Uttar Pradesh,उत्तर प्रदेश,14.02,7.02,21.04,0.0,0.0,0.0,14.02,7.02,21.04
2022-11-01,2022,North Zone,Uttarakhand,उत्तराखण्ड,0.99,0.43,1.42,0.01,0.0,0.01,1.0,0.43,1.43
2022-11-01,2022,East Zone,West Bengal,पश्चिम बंगाल,0.85,1.36,2.21,2.18,0.0,2.18,3.03,1.36,4.39
2022-12-01,2022,South Zone,Andhra Pradesh,आन्ध्र प्रदेश,2.86,0.03,2.89,10.01,0.0,10.01,12.87,0.03,12.9
2022-12-01,2022,North-East Zone,Arunachal Pradesh,अरुणाचल प्रदेश,0.23,0.0,0.23,0.0,0.0,0.0,0.23,0.0,0.23
2022-12-01,2022,North-East Zone,Assam,असम,2.5,0.5,3.0,0.0,0.0,0.0,2.5,0.5,3.0
2022-12-01,2022,East Zone,Bihar,बिहार,1.42,2.09,3.51,0.0,0.0,0.0,1.42,2.09,3.51
2022-12-01,2022,West Zone,Chhattisgarh,छत्तीसगढ,1.75,0.04,1.79,6.52,0.0,6.52,8.27,0.04,8.31
2022-12-01,2022,North Zone,Delhi,दिल्ली,0.42,0.87,1.29,0.0,0.0,0.0,0.42,0.87,1.29
2022-12-01,2022,West Zone,Gujarat,गुजरात,2.85,3.46,6.31,0.04,0.0,0.04,2.89,3.46,6.35
2022-12-01,2022,North Zone,Haryana,हरियाणा,3.02,16.41,19.43,0.0,6.59,6.59,3.02,23.0,26.02
2022-12-01,2022,North Zone,Himachal Pradesh,हिमाचल प्रदेश,0.16,0.32,0.48,0.01,0.0,0.01,0.17,0.32,0.49
2022-12-01,2022,North Zone,Jammu & Kashmir,जम्मू और कश्मीर,1.15,0.5,1.65,0.0,0.0,0.0,1.15,0.5,1.65
2022-12-01,2022,East Zone,Jharkhand,झारखण्ड,0.38,0.61,0.99,0.0,0.0,0.0,0.38,0.61,0.99
2022-12-01,2022,South Zone,Karnataka,कर्नाटक,4.01,0.47,4.48,0.0,0.0,0.0,4.01,0.47,4.48
2022-12-01,2022,South Zone,Kerala,केरल,1.84,0.65,2.49,0.21,0.0,0.21,2.05,0.65,2.7
2022-12-01,2022,West Zone,Madhya Pradesh,मध्य प्रदेश,0.56,1.69,2.25,4.39,88.0,92.39,4.95,89.69,94.64
2022-12-01,2022,West Zone,Maharashtra,महाराष्ट्र,2.53,6.06,8.59,0.0,0.0,0.0,2.53,6.06,8.59
2022-12-01,2022,North-East Zone,Manipur,मणिपुर,0.32,0.0,0.32,0.0,0.0,0.0,0.32,0.0,0.32
2022-12-01,2022,North-East Zone,Meghalaya,मेघालय,0.04,0.01,0.05,0.0,0.0,0.0,0.04,0.01,0.05
2022-12-01,2022,North-East Zone,Mizoram,मिजोरम,0.09,0.01,0.1,0.0,0.0,0.0,0.09,0.01,0.1
2022-12-01,2022,North-East Zone,Nagaland,नागालैंड,0.42,0.0,0.42,0.0,0.0,0.0,0.42,0.0,0.42
2022-12-01,2022,East Zone,Odisha,ओडिशा,0.64,0.53,1.17,3.92,0.0,3.92,4.56,0.53,5.09
2022-12-01,2022,North Zone,Punjab,पंजाब,20.13,11.77,31.9,0.0,31.9,31.9,20.13,43.67,63.8
2022-12-01,2022,North Zone,Rajasthan,राजस्थान,0.17,5.43,5.6,0.0,0.0,0.0,0.17,5.43,5.6
2022-12-01,2022,South Zone,Tamil Nadu,तमिलनाडु,2.97,1.16,4.13,12.83,0.0,12.83,15.8,1.16,16.96
2022-12-01,2022,South Zone,Telangana,तेलंगाना,6.6,0.1,6.7,3.28,0.0,3.28,9.88,0.1,9.98
2022-12-01,2022,North-East Zone,Tripura,त्रिपुरा,0.09,0.02,0.11,0.0,0.0,0.0,0.09,0.02,0.11
2022-12-01,2022,North Zone,Uttar Pradesh,उत्तर प्रदेश,11.03,8.01,19.04,0.0,0.0,0.0,11.03,8.01,19.04
2022-12-01,2022,North Zone,Uttarakhand,उत्तराखण्ड,0.95,0.46,1.41,0.24,0.0,0.24,1.19,0.46,1.65
2022-12-01,2022,East Zone,West Bengal,पश्चिम बंगाल,0.36,0.97,1.33,1.66,0.0,1.66,2.02,0.97,2.99
2023-01-01,2023,South Zone,Andhra Pradesh,आन्ध्र प्रदेश,1.77,0.05,1.82,12.73,0.0,12.73,14.5,0.05,14.55
2023-01-01,2023,North-East Zone,Arunachal Pradesh,अरुणाचल प्रदेश,0.23,0.0,0.23,0.0,0.0,0.0,0.23,0.0,0.23
2023-01-01,2023,North-East Zone,Assam,असम,2.55,0.55,3.1,0.0,0.0,0.0,2.55,0.55,3.1
2023-01-01,2023,East Zone,Bihar,बिहार,1.13,3.62,4.75,0.63,0.0,0.63,1.76,3.62,5.38
2023-01-01,2023,West Zone,Chhattisgarh,छत्तीसगढ,6.9,0.03,6.93,9.12,0.0,9.12,16.02,0.03,16.05
2023-01-01,2023,North Zone,Delhi,दिल्ली,0.51,1.05,1.56,0.0,0.0,0.0,0.51,1.05,1.56
2023-01-01,2023,West Zone,Gujarat,गुजरात,1.91,4.32,6.23,0.01,0.0,0.01,1.92,4.32,6.24
2023-01-01,2023,North Zone,Haryana,हरियाणा,4.5,13.78,18.28,0.0,4.98,4.98,4.5,18.76,23.26
2023-01-01,2023,North Zone,Himachal Pradesh,हिमाचल प्रदेश,0.23,0.31,0.54,0.01,0.0,0.01,0.24,0.31,0.55
2023-01-01,2023,North Zone,Jammu & Kashmir,जम्मू और कश्मीर,1.22,0.47,1.69,0.0,0.0,0.0,1.22,0.47,1.69
2023-01-01,2023,East Zone,Jharkhand,झारखण्ड,0.27,0.97,1.24,0.0,0.0,0.0,0.27,0.97,1.24
2023-01-01,2023,South Zone,Karnataka,कर्नाटक,2.69,0.47,3.16,0.0,0.0,0.0,2.69,0.47,3.16
2023-01-01,2023,South Zone,Kerala,केरल,1.38,0.6,1.98,0.46,0.0,0.46,1.84,0.6,2.44
2023-01-01,2023,West Zone,Madhya Pradesh,मध्य प्रदेश,0.49,1.36,1.85,1.81,77.65,79.46,2.3,79.01,81.31
2023-01-01,2023,West Zone,Maharashtra,महाराष्ट्र,1.54,6.62,8.16,0.0,0.0,0.0,1.54,6.62,8.16
2023-01-01,2023,North-East Zone,Manipur,मणिपुर,0.32,0.0,0.32,0.0,0.0,0.0,0.32,0.0,0.32
2023-01-01,2023,North-East Zone,Meghalaya,मेघालय,0.14,0.01,0.15,0.0,0.0,0.0,0.14,0.01,0.15
2023-01-01,2023,North-East Zone,Mizoram,मिजोरम,0.08,0.01,0.09,0.0,0.0,0.0,0.08,0.01,0.09
2023-01-01,2023,North-East Zone,Nagaland,नागालैंड,0.39,0.0,0.39,0.0,0.0,0.0,0.39,0.0,0.39
2023-01-01,2023,East Zone,Odisha,ओडिशा,0.97,0.71,1.68,3.16,0.0,3.16,4.13,0.71,4.84
2023-01-01,2023,North Zone,Punjab,पंजाब,23.74,8.94,32.68,0.0,23.17,23.17,23.74,32.11,55.85
2023-01-01,2023,North Zone,Rajasthan,राजस्थान,0.16,6.57,6.73,0.0,0.0,0.0,0.16,6.57,6.73
2023-01-01,2023,South Zone,Tamil Nadu,तमिलनाडु,2.54,1.16,3.7,4.49,0.0,4.49,7.03,1.16,8.19
2023-01-01,2023,South Zone,Telangana,तेलंगाना,5.96,0.13,6.09,4.87,0.0,4.87,10.83,0.13,10.96
2023-01-01,2023,North-East Zone,Tripura,त्रिपुरा,0.15,0.03,0.18,0.0,0.0,0.0,0.15,0.03,0.18
2023-01-01,2023,North Zone,Uttar Pradesh,उत्तर प्रदेश,17.34,10.1,27.44,0.0,0.0,0.0,17.34,10.1,27.44
2023-01-01,2023,North Zone,Uttarakhand,उत्तराखण्ड,0.73,0.5,1.23,0.74,0.0,0.74,1.47,0.5,1.97
2023-01-01,2023,East Zone,West Bengal,पश्चिम बंगाल,0.33,1.99,2.32,2.29,0.0,2.29,2.62,1.99,4.61
2023-02-01,2023,South Zone,Andhra Pradesh,आन्ध्र प्रदेश,3.27,0.05,3.32,14.12,0.0,14.12,17.39,0.05,17.44
2023-02-01,2023,North-East Zone,Arunachal Pradesh,अरुणाचल प्रदेश,0.28,0.0,0.28,0.0,0.0,0.0,0.28,0.0,0.28
2023-02-01,2023,North-East Zone,Assam,असम,3.23,0.6,3.83,0.0,0.0,0.0,3.23,0.6,3.83
2023-02-01,2023,East Zone,Bihar,बिहार,1.99,4.79,6.78,3.59,0.0,3.59,5.58,4.79,10.37
2023-02-01,2023,West Zone,Chhattisgarh,छत्तीसगढ,10.23,0.12,10.35,10.3,0.0,10.3,20.53,0.12,20.65
2023-02-01,2023,North Zone,Delhi,दिल्ली,0.6,1.36,1.96,0.0,0.0,0.0,0.6,1.36,1.96
2023-02-01,2023,West Zone,Gujarat,गुजरात,2.15,4.73,6.88,0.01,0.0,0.01,2.16,4.73,6.89
2023-02-01,2023,North Zone,Haryana,हरियाणा,8.07,11.58,19.65,0.0,3.25,3.25,8.07,14.83,22.9
2023-02-01,2023,North Zone,Himachal Pradesh,हिमाचल प्रदेश,0.26,0.28,0.54,0.01,0.0,0.01,0.27,0.28,0.55
2023-02-01,2023,North Zone,Jammu & Kashmir,जम्मू और कश्मीर,1.48,0.54,2.02,0.0,0.0,0.0,1.48,0.54,2.02
2023-02-01,2023,East Zone,Jharkhand,झारखण्ड,0.69,1.2,1.89,0.0,0.0,0.0,0.69,1.2,1.89
2023-02-01,2023,South Zone,Karnataka,कर्नाटक,4.85,0.49,5.34,0.0,0.0,0.0,4.85,0.49,5.34
2023-02-01,2023,South Zone,Kerala,केरल,2.33,0.64,2.97,0.24,0.0,0.24,2.57,0.64,3.21
2023-02-01,2023,West Zone,Madhya Pradesh,मध्य प्रदेश,0.46,0.64,1.1,3.4,69.56,72.96,3.86,70.2,74.06
2023-02-01,2023,West Zone,Maharashtra,महाराष्ट्र,2.92,7.87,10.79,0.0,0.0,0.0,2.92,7.87,10.79
2023-02-01,2023,North-East Zone,Manipur,मणिपुर,0.46,0.0,0.46,0.0,0.0,0.0,0.46,0.0,0.46
2023-02-01,2023,North-East Zone,Meghalaya,मेघालय,0.24,0.02,0.26,0.0,0.0,0.0,0.24,0.02,0.26
2023-02-01,2023,North-East Zone,Mizoram,मिजोरम,0.1,0.01,0.11,0.0,0.0,0.0,0.1,0.01,0.11
2023-02-01,2023,North-East Zone,Nagaland,नागालैंड,0.4,0.0,0.4,0.0,0.0,0.0,0.4,0.0,0.4
2023-02-01,2023,East Zone,Odisha,ओडिशा,1.6,1.1,2.7,3.02,0.0,3.02,4.62,1.1,5.72
2023-02-01,2023,North Zone,Punjab,पंजाब,38.2,8.17,46.37,0.0,16.29,16.29,38.2,24.46,62.66
2023-02-01,2023,North Zone,Rajasthan,राजस्थान,0.15,6.92,7.07,0.0,0.0,0.0,0.15,6.92,7.07
2023-02-01,2023,South Zone,Tamil Nadu,तमिलनाडु,2.86,1.16,4.02,1.21,0.0,1.21,4.07,1.16,5.23
2023-02-01,2023,South Zone,Telangana,तेलंगाना,5.61,0.18,5.79,6.79,0.0,6.79,12.4,0.18,12.58
2023-02-01,2023,North-East Zone,Tripura,त्रिपुरा,0.15,0.02,0.17,0.0,0.0,0.0,0.15,0.02,0.17
2023-02-01,2023,North Zone,Uttar Pradesh,उत्तर प्रदेश,25.43,7.14,32.57,0.0,0.0,0.0,25.43,7.14,32.57
2023-02-01,2023,North Zone,Uttarakhand,उत्तराखण्ड,0.52,0.56,1.08,0.85,0.0,0.85,1.37,0.56,1.93
2023-02-01,2023,East Zone,West Bengal,पश्चिम बंगाल,0.9,3.22,4.12,3.07,0.0,3.07,3.97,3.22,7.19
2023-03-01,2023,South Zone,Andhra Pradesh,आन्ध्र प्रदेश,4.97,0.06,5.03,10.32,0.0,10.32,15.29,0.06,15.35
2023-03-01,2023,North-East Zone,Arunachal Pradesh,अरुणाचल प्रदेश,0.32,0.0,0.32,0.0,0.0,0.0,0.32,0.0,0.32
2023-03-01,2023,North-East Zone,Assam,असम,3.73,0.71,4.44,0.0,0.0,0.0,3.73,0.71,4.44
2023-03-01,2023,East Zone,Bihar,बिहार,2.83,3.67,6.5,5.67,0.0,5.67,8.5,3.67,12.17
2023-03-01,2023,West Zone,Chhattisgarh,छत्तीसगढ,11.22,0.17,11.39,11.13,0.0,11.13,22.35,0.17,22.52
2023-03-01,2023,North Zone,Delhi,दिल्ली,0.56,1.4,1.96,0.0,0.0,0.0,0.56,1.4,1.96
2023-03-01,2023,West Zone,Gujarat,गुजरात,2.41,4.58,6.99,0.0,0.0,0.0,2.41,4.58,6.99
2023-03-01,2023,North Zone,Haryana,हरियाणा,13.45,7.87,21.32,0.0,1.87,1.87,13.45,9.74,23.19
2023-03-01,2023,North Zone,Himachal Pradesh,हिमाचल प्रदेश,0.22,0.27,0.49,0.0,0.0,0.0,0.22,0.27,0.49
2023-03-01,2023,North Zone,Jammu & Kashmir,जम्मू और कश्मीर,1.43,0.49,1.92,0.0,0.0,0.0,1.43,0.49,1.92
2023-03-01,2023,East Zone,Jharkhand,झारखण्ड,1.09,1.02,2.11,0.0,0.0,0.0,1.09,1.02,2.11
2023-03-01,2023,South Zone,Karnataka,कर्नाटक,6.36,0.4,6.76,0.0,0.0,0.0,6.36,0.4,6.76
2023-03-01,2023,South Zone,Kerala,केरल,3.15,0.62,3.77,0.07,0.0,0.07,3.22,0.62,3.84
2023-03-01,2023,West Zone,Madhya Pradesh,मध्य प्रदेश,0.35,0.22,0.57,6.76,59.69,66.45,7.11,59.91,67.02
2023-03-01,2023,West Zone,Maharashtra,महाराष्ट्र,4.2,6.68,10.88,0.12,0.0,0.12,4.32,6.68,11.0
2023-03-01,2023,North-East Zone,Manipur,मणिपुर,0.5,0.0,0.5,0.0,0.0,0.0,0.5,0.0,0.5
2023-03-01,2023,North-East Zone,Meghalaya,मेघालय,0.23,0.01,0.24,0.0,0.0,0.0,0.23,0.01,0.24
2023-03-01,2023,North-East Zone,Mizoram,मिजोरम,0.16,0.01,0.17,0.0,0.0,0.0,0.16,0.01,0.17
2023-03-01,2023,North-East Zone,Nagaland,नागालैंड,0.42,0.0,0.42,0.0,0.0,0.0,0.42,0.0,0.42
2023-03-01,2023,East Zone,Odisha,ओडिशा,2.08,0.77,2.85,3.4,0.0,3.4,5.48,0.77,6.25
2023-03-01,2023,North Zone,Punjab,पंजाब,57.62,6.16,63.78,0.0,4.87,4.87,57.62,11.03,68.65
2023-03-01,2023,North Zone,Rajasthan,राजस्थान,0.12,6.36,6.48,0.0,0.0,0.0,0.12,6.36,6.48
2023-03-01,2023,South Zone,Tamil Nadu,तमिलनाडु,4.61,0.69,5.3,1.96,0.0,1.96,6.57,0.69,7.26
2023-03-01,2023,South Zone,Telangana,तेलंगाना,5.79,0.19,5.98,8.0,0.0,8.0,13.79,0.19,13.98
2023-03-01,2023,North-East Zone,Tripura,त्रिपुरा,0.21,0.07,0.28,0.0,0.0,0.0,0.21,0.07,0.28
2023-03-01,2023,North Zone,Uttar Pradesh,उत्तर प्रदेश,24.27,3.01,27.28,0.0,0.0,0.0,24.27,3.01,27.28
2023-03-01,2023,North Zone,Uttarakhand,उत्तराखण्ड,0.18,0.4,0.58,0.9,0.0,0.9,1.08,0.4,1.48
2023-03-01,2023,East Zone,West Bengal,पश्चिम बंगाल,0.93,2.8,3.73,4.43,0.0,4.43,5.36,2.8,8.16
2023-04-01,2023,South Zone,Andhra Pradesh,आन्ध्र प्रदेश,6.26,0.02,6.28,10.32,0.0,10.32,16.58,0.02,16.6
2023-04-01,2023,North-East Zone,Arunachal Pradesh,अरुणाचल प्रदेश,0.31,0.0,0.31,0.0,0.0,0.0,0.31,0.0,0.31
2023-04-01,2023,North-East Zone,Assam,असम,3.84,0.37,4.21,0.0,0.0,0.0,3.84,0.37,4.21
2023-04-01,2023,East Zone,Bihar,बिहार,3.51,2.07,5.58,3.75,0.0,3.75,7.26,2.07,9.33
2023-04-01,2023,West Zone,Chhattisgarh,छत्तीसगढ,11.81,0.12,11.93,11.84,0.0,11.84,23.65,0.12,23.77
2023-04-01,2023,North Zone,Delhi,दिल्ली,0.63,0.81,1.44,0.0,0.0,0.0,0.63,0.81,1.44
2023-04-01,2023,West Zone,Gujarat,गुजरात,3.19,3.85,7.04,0.0,0.0,0.0,3.19,3.85,7.04
2023-04-01,2023,North Zone,Haryana,हरियाणा,17.1,3.98,21.08,0.0,0.23,0.23,17.1,4.21,21.31
2023-04-01,2023,North Zone,Himachal Pradesh,हिमाचल प्रदेश,0.28,0.23,0.51,0.0,0.0,0.0,0.28,0.23,0.51
2023-04-01,2023,North Zone,Jammu & Kashmir,जम्मू और कश्मीर,1.3,0.44,1.74,0.0,0.0,0.0,1.3,0.44,1.74
2023-04-01,2023,East Zone,Jharkhand,झारखण्ड,1.47,0.12,1.59,0.0,0.0,0.0,1.47,0.12,1.59
2023-04-01,2023,South Zone,Karnataka,कर्नाटक,7.22,0.13,7.35,0.0,0.0,0.0,7.22,0.13,7.35
2023-04-01,2023,South Zone,Kerala,केरल,3.69,0.28,3.97,0.2,0.0,0.2,3.89,0.28,4.17
2023-04-01,2023,West Zone,Madhya Pradesh,मध्य प्रदेश,0.38,0.06,0.44,10.58,52.66,63.24,10.96,52.72,63.68
2023-04-01,2023,West Zone,Maharashtra,महाराष्ट्र,7.11,4.47,11.58,0.12,0.0,0.12,7.23,4.47,11.7
2023-04-01,2023,North-East Zone,Manipur,मणिपुर,0.53,0.0,0.53,0.0,0.0,0.0,0.53,0.0,0.53
2023-04-01,2023,North-East Zone,Meghalaya,मेघालय,0.25,0.0,0.25,0.0,0.0,0.0,0.25,0.0,0.25
2023-04-01,2023,North-East Zone,Mizoram,मिजोरम,0.17,0.02,0.19,0.0,0.0,0.0,0.17,0.02,0.19
2023-04-01,2023,North-East Zone,Nagaland,नागालैंड,0.44,0.0,0.44,0.0,0.0,0.0,0.44,0.0,0.44
2023-04-01,2023,East Zone,Odisha,ओडिशा,2.73,0.39,3.12,3.95,0.0,3.95,6.68,0.39,7.07
2023-04-01,2023,North Zone,Punjab,पंजाब,73.24,3.03,76.27,0.0,1.23,1.23,73.24,4.26,77.5
2023-04-01,2023,North Zone,Rajasthan,राजस्थान,0.15,4.42,4.57,0.0,0.0,0.0,0.15,4.42,4.57
2023-04-01,2023,South Zone,Tamil Nadu,तमिलनाडु,6.51,0.24,6.75,2.59,0.0,2.59,9.1,0.24,9.34
2023-04-01,2023,South Zone,Telangana,तेलंगाना,7.38,0.03,7.41,8.27,0.0,8.27,15.65,0.03,15.68
2023-04-01,2023,North-East Zone,Tripura,त्रिपुरा,0.23,0.06,0.29,0.0,0.0,0.0,0.23,0.06,0.29
2023-04-01,2023,North Zone,Uttar Pradesh,उत्तर प्रदेश,25.94,1.68,27.62,0.0,0.0,0.0,25.94,1.68,27.62
2023-04-01,2023,North Zone,Uttarakhand,उत्तराखण्ड,0.58,0.35,0.93,0.86,0.0,0.86,1.44,0.35,1.79
2023-04-01,2023,East Zone,West Bengal,पश्चिम बंगाल,1.14,1.15,2.29,5.26,0.0,5.26,6.4,1.15,7.55
2023-05-01,2023,South Zone,Andhra Pradesh,आन्ध्र प्रदेश,6.95,0.01,6.96,9.68,0.0,9.68,16.63,0.01,16.64
2023-05-01,2023,North-East Zone,Arunachal Pradesh,अरुणाचल प्रदेश,0.28,0.0,0.28,0.0,0.0,0.0,0.28,0.0,0.28
2023-05-01,2023,North-East Zone,Assam,असम,4.0,0.53,4.53,0.0,0.0,0.0,4.0,0.53,4.53
2023-05-01,2023,East Zone,Bihar,बिहार,4.1,3.55,7.65,5.65,0.0,5.65,9.75,3.55,13.3
2023-05-01,2023,West Zone,Chhattisgarh,छत्तीसगढ,12.18,0.12,12.3,10.16,0.0,10.16,22.34,0.12,22.46
2023-05-01,2023,North Zone,Delhi,दिल्ली,0.69,0.9,1.59,0.0,0.0,0.0,0.69,0.9,1.59
2023-05-01,2023,West Zone,Gujarat,गुजरात,3.12,4.05,7.17,0.0,0.0,0.0,3.12,4.05,7.17
2023-05-01,2023,North Zone,Haryana,हरियाणा,18.15,21.31,39.46,0.0,18.47,18.47,18.15,39.78,57.93
2023-05-01,2023,North Zone,Himachal Pradesh,हिमाचल प्रदेश,0.28,0.25,0.53,0.0,0.02,0.02,0.28,0.27,0.55
2023-05-01,2023,North Zone,Jammu & Kashmir,जम्मू और कश्मीर,1.33,0.5,1.83,0.0,0.0,0.0,1.33,0.5,1.83
2023-05-01,2023,East Zone,Jharkhand,झारखण्ड,2.31,0.42,2.73,0.0,0.0,0.0,2.31,0.42,2.73
2023-05-01,2023,South Zone,Karnataka,कर्नाटक,7.66,0.22,7.88,0.0,0.0,0.0,7.66,0.22,7.88
2023-05-01,2023,South Zone,Kerala,केरल,4.18,0.46,4.64,0.47,0.0,0.47,4.65,0.46,5.11
2023-05-01,2023,West Zone,Madhya Pradesh,मध्य प्रदेश,0.98,1.16,2.14,11.65,98.02,109.67,12.63,99.18,111.81
2023-05-01,2023,West Zone,Maharashtra,महाराष्ट्र,7.92,5.62,13.54,0.12,0.0,0.12,8.04,5.62,13.66
2023-05-01,2023,North-East Zone,Manipur,मणिपुर,0.47,0.0,0.47,0.0,0.0,0.0,0.47,0.0,0.47
2023-05-01,2023,North-East Zone,Meghalaya,मेघालय,0.21,0.01,0.22,0.0,0.0,0.0,0.21,0.01,0.22
2023-05-01,2023,North-East Zone,Mizoram,मिजोरम,0.19,0.02,0.21,0.0,0.0,0.0,0.19,0.02,0.21
2023-05-01,2023,North-East Zone,Nagaland,नागालैंड,0.4,0.0,0.4,0.0,0.0,0.0,0.4,0.0,0.4
2023-05-01,2023,East Zone,Odisha,ओडिशा,3.36,0.44,3.8,4.82,0.0,4.82,8.18,0.44,8.62
2023-05-01,2023,North Zone,Punjab,पंजाब,79.38,17.54,96.92,0.0,28.72,28.72,79.38,46.26,125.64
2023-05-01,2023,North Zone,Rajasthan,राजस्थान,0.21,5.33,5.54,0.0,0.0,0.0,0.21,5.33,5.54
2023-05-01,2023,South Zone,Tamil Nadu,तमिलनाडु,8.42,0.38,8.8,4.07,0.0,4.07,12.49,0.38,12.87
2023-05-01,2023,South Zone,Telangana,तेलंगाना,9.07,0.16,9.23,7.89,0.0,7.89,16.96,0.16,17.12
2023-05-01,2023,North-East Zone,Tripura,त्रिपुरा,0.21,0.05,0.26,0.0,0.0,0.0,0.21,0.05,0.26
2023-05-01,2023,North Zone,Uttar Pradesh,उत्तर प्रदेश,24.68,5.9,30.58,0.0,0.0,0.0,24.68,5.9,30.58
2023-05-01,2023,North Zone,Uttarakhand,उत्तराखण्ड,0.83,0.37,1.2,0.81,0.0,0.81,1.64,0.37,2.01
2023-05-01,2023,East Zone,West Bengal,पश्चिम बंगाल,0.68,2.81,3.49,5.71,0.0,5.71,6.39,2.81,9.2
2023-06-01,2023,South Zone,Andhra Pradesh,आन्ध्र प्रदेश,7.09,0.07,7.16,9.49,0.0,9.49,16.58,0.07,16.65
2023-06-01,2023,North-East Zone,Arunachal Pradesh,अरुणाचल प्रदेश,0.28,0.0,0.28,0.0,0.0,0.0,0.28,0.0,0.28
2023-06-01,2023,North-East Zone,Assam,असम,3.94,0.59,4.53,0.0,0.0,0.0,3.94,0.59,4.53
2023-06-01,2023,East Zone,Bihar,बिहार,3.96,4.28,8.24,4.81,0.0,4.81,8.77,4.28,13.05
2023-06-01,2023,West Zone,Chhattisgarh,छत्तीसगढ,13.51,0.05,13.56,10.38,0.0,10.38,23.89,0.05,23.94
2023-06-01,2023,North Zone,Delhi,दिल्ली,0.59,1.65,2.24,0.0,0.0,0.0,0.59,1.65,2.24
2023-06-01,2023,West Zone,Gujarat,गुजरात,2.65,4.67,7.32,0.0,0.0,0.0,2.65,4.67,7.32
2023-06-01,2023,North Zone,Haryana,हरियाणा,18.28,31.4,49.68,0.0,23.24,23.24,18.28,54.64,72.92
2023-06-01,2023,North Zone,Himachal Pradesh,हिमाचल प्रदेश,0.2,0.46,0.66,0.0,0.01,0.01,0.2,0.47,0.67
2023-06-01,2023,North Zone,Jammu & Kashmir,जम्मू और कश्मीर,1.28,0.63,1.91,0.0,0.0,0.0,1.28,0.63,1.91
2023-06-01,2023,East Zone,Jharkhand,झारखण्ड,2.23,0.88,3.11,0.0,0.0,0.0,2.23,0.88,3.11
2023-06-01,2023,South Zone,Karnataka,कर्नाटक,6.59,0.31,6.9,0.0,0.0,0.0,6.59,0.31,6.9
2023-06-01,2023,South Zone,Kerala,केरल,4.66,0.82,5.48,0.6,0.0,0.6,5.26,0.82,6.08
2023-06-01,2023,West Zone,Madhya Pradesh,मध्य प्रदेश,1.99,1.92,3.91,11.4,104.81,116.21,13.39,106.73,120.12
2023-06-01,2023,West Zone,Maharashtra,महाराष्ट्र,7.83,6.3,14.13,0.12,0.0,0.12,7.95,6.3,14.25
2023-06-01,2023,North-East Zone,Manipur,मणिपुर,0.34,0.0,0.34,0.0,0.0,0.0,0.34,0.0,0.34
2023-06-01,2023,North-East Zone,Meghalaya,मेघालय,0.18,0.03,0.21,0.0,0.0,0.0,0.18,0.03,0.21
2023-06-01,2023,North-East Zone,Mizoram,मिजोरम,0.21,0.02,0.23,0.0,0.0,0.0,0.21,0.02,0.23
2023-06-01,2023,North-East Zone,Nagaland,नागालैंड,0.47,0.0,0.47,0.0,0.0,0.0,0.47,0.0,0.47
2023-06-01,2023,East Zone,Odisha,ओडिशा,3.48,0.66,4.14,4.33,0.0,4.33,7.81,0.66,8.47
2023-06-01,2023,North Zone,Punjab,पंजाब,78.71,46.31,125.02,0.0,50.55,50.55,78.71,96.86,175.57
2023-06-01,2023,North Zone,Rajasthan,राजस्थान,0.16,8.87,9.03,0.0,0.0,0.0,0.16,8.87,9.03
2023-06-01,2023,South Zone,Tamil Nadu,तमिलनाडु,8.83,0.72,9.55,4.44,0.0,4.44,13.27,0.72,13.99
2023-06-01,2023,South Zone,Telangana,तेलंगाना,10.86,0.1,10.96,8.33,0.0,8.33,19.19,0.1,19.29
2023-06-01,2023,North-East Zone,Tripura,त्रिपुरा,0.29,0.07,0.36,0.0,0.0,0.0,0.29,0.07,0.36
2023-06-01,2023,North Zone,Uttar Pradesh,उत्तर प्रदेश,20.2,14.5,34.7,0.0,0.0,0.0,20.2,14.5,34.7
2023-06-01,2023,North Zone,Uttarakhand,उत्तराखण्ड,1.03,0.4,1.43,0.73,0.0,0.73,1.76,0.4,2.16
2023-06-01,2023,East Zone,West Bengal,पश्चिम बंगाल,0.56,5.73,6.29,5.71,0.0,5.71,6.27,5.73,12.0
2023-07-01,2023,South Zone,Andhra Pradesh,आन्ध्र प्रदेश,7.84,0.08,7.92,8.96,0.0,8.96,16.8,0.08,16.88
2023-07-01,2023,North-East Zone,Arunachal Pradesh,अरुणाचल प्रदेश,0.31,0.0,0.31,0.0,0.0,0.0,0.31,0.0,0.31
2023-07-01,2023,North-East Zone,Assam,असम,4.11,0.8,4.91,0.0,0.0,0.0,4.11,0.8,4.91
2023-07-01,2023,East Zone,Bihar,बिहार,3.74,4.37,8.11,4.82,0.01,4.83,8.56,4.38,12.94
2023-07-01,2023,West Zone,Chhattisgarh,छत्तीसगढ,13.31,0.05,13.36,9.71,0.0,9.71,23.02,0.05,23.07
2023-07-01,2023,North Zone,Delhi,दिल्ली,0.58,2.22,2.8,0.0,0.0,0.0,0.58,2.22,2.8
2023-07-01,2023,West Zone,Gujarat,गुजरात,2.22,5.09,7.31,0.0,0.0,0.0,2.22,5.09,7.31
2023-07-01,2023,North Zone,Haryana,हरियाणा,17.18,31.0,48.18,0.0,19.33,19.33,17.18,50.33,67.51
2023-07-01,2023,North Zone,Himachal Pradesh,हिमाचल प्रदेश,0.21,0.54,0.75,0.0,0.0,0.0,0.21,0.54,0.75
2023-07-01,2023,North Zone,Jammu & Kashmir,जम्मू और कश्मीर,1.22,0.72,1.94,0.0,0.0,0.0,1.22,0.72,1.94
2023-07-01,2023,East Zone,Jharkhand,झारखण्ड,2.21,0.88,3.09,0.0,0.0,0.0,2.21,0.88,3.09
2023-07-01,2023,South Zone,Karnataka,कर्नाटक,6.5,0.64,7.14,0.0,0.0,0.0,6.5,0.64,7.14
2023-07-01,2023,South Zone,Kerala,केरल,4.68,0.84,5.52,0.44,0.0,0.44,5.12,0.84,5.96
2023-07-01,2023,West Zone,Madhya Pradesh,मध्य प्रदेश,2.52,1.91,4.43,9.75,98.51,108.26,12.27,100.42,112.69
2023-07-01,2023,West Zone,Maharashtra,महाराष्ट्र,7.48,6.29,13.77,0.12,0.0,0.12,7.6,6.29,13.89
2023-07-01,2023,North-East Zone,Manipur,मणिपुर,0.29,0.0,0.29,0.0,0.0,0.0,0.29,0.0,0.29
2023-07-01,2023,North-East Zone,Meghalaya,मेघालय,0.2,0.03,0.23,0.0,0.0,0.0,0.2,0.03,0.23
2023-07-01,2023,North-East Zone,Mizoram,मिजोरम,0.21,0.02,0.23,0.0,0.0,0.0,0.21,0.02,0.23
2023-07-01,2023,North-East Zone,Nagaland,नागालैंड,0.4,0.0,0.4,0.0,0.0,0.0,0.4,0.0,0.4
2023-07-01,2023,East Zone,Odisha,ओडिशा,3.52,0.68,4.2,5.95,0.0,5.95,9.47,0.68,10.15
2023-07-01,2023,North Zone,Punjab,पंजाब,76.45,46.3,122.75,0.0,41.62,41.62,76.45,87.92,164.37
2023-07-01,2023,North Zone,Rajasthan,राजस्थान,0.19,9.44,9.63,0.0,0.0,0.0,0.19,9.44,9.63
2023-07-01,2023,South Zone,Tamil Nadu,तमिलनाडु,8.75,0.97,9.72,4.55,0.0,4.55,13.3,0.97,14.27
2023-07-01,2023,South Zone,Telangana,तेलंगाना,11.15,0.14,11.29,7.62,0.0,7.62,18.77,0.14,18.91
2023-07-01,2023,North-East Zone,Tripura,त्रिपुरा,0.26,0.08,0.34,0.0,0.0,0.0,0.26,0.08,0.34
2023-07-01,2023,North Zone,Uttar Pradesh,उत्तर प्रदेश,16.71,20.25,36.96,0.0,0.0,0.0,16.71,20.25,36.96
2023-07-01,2023,North Zone,Uttarakhand,उत्तराखण्ड,0.95,0.45,1.4,0.74,0.0,0.74,1.69,0.45,2.14
2023-07-01,2023,East Zone,West Bengal,पश्चिम बंगाल,0.41,6.4,6.81,5.66,0.0,5.66,6.07,6.4,12.47
2023-08-01,2023,South Zone,Andhra Pradesh,आन्ध्र प्रदेश,8.05,0.11,8.16,8.4,0.0,8.4,16.45,0.11,16.56
2023-08-01,2023,North-East Zone,Arunachal Pradesh,अरुणाचल प्रदेश,0.31,0.0,0.31,0.0,0.0,0.0,0.31,0.0,0.31
2023-08-01,2023,North-East Zone,Assam,असम,3.6,0.86,4.46,0.0,0.0,0.0,3.6,0.86,4.46
2023-08-01,2023,East Zone,Bihar,बिहार,3.58,4.09,7.67,4.81,0.01,4.82,8.39,4.1,12.49
2023-08-01,2023,West Zone,Chhattisgarh,छत्तीसगढ,12.34,0.09,12.43,9.13,0.0,9.13,21.47,0.09,21.56
2023-08-01,2023,North Zone,Delhi,दिल्ली,0.52,2.21,2.73,0.0,0.0,0.0,0.52,2.21,2.73
2023-08-01,2023,West Zone,Gujarat,गुजरात,2.27,4.95,7.22,0.0,0.0,0.0,2.27,4.95,7.22
2023-08-01,2023,North Zone,Haryana,हरियाणा,16.01,30.28,46.29,0.0,16.2,16.2,16.01,46.48,62.49
2023-08-01,2023,North Zone,Himachal Pradesh,हिमाचल प्रदेश,0.19,0.55,0.74,0.0,0.0,0.0,0.19,0.55,0.74
2023-08-01,2023,North Zone,Jammu & Kashmir,जम्मू और कश्मीर,1.23,0.7,1.93,0.0,0.0,0.0,1.23,0.7,1.93
2023-08-01,2023,East Zone,Jharkhand,झारखण्ड,2.37,0.88,3.25,0.0,0.0,0.0,2.37,0.88,3.25
2023-08-01,2023,South Zone,Karnataka,कर्नाटक,7.03,0.63,7.66,0.0,0.0,0.0,7.03,0.63,7.66
2023-08-01,2023,South Zone,Kerala,केरल,4.77,0.76,5.53,0.35,0.0,0.35,5.12,0.76,5.88
2023-08-01,2023,West Zone,Madhya Pradesh,मध्य प्रदेश,3.23,1.84,5.07,9.03,90.6,99.63,12.26,92.44,104.7
2023-08-01,2023,West Zone,Maharashtra,महाराष्ट्र,6.88,6.35,13.23,0.1,0.0,0.1,6.98,6.35,13.33
2023-08-01,2023,North-East Zone,Manipur,मणिपुर,0.26,0.0,0.26,0.0,0.0,0.0,0.26,0.0,0.26
2023-08-01,2023,North-East Zone,Meghalaya,मेघालय,0.24,0.05,0.29,0.0,0.0,0.0,0.24,0.05,0.29
2023-08-01,2023,North-East Zone,Mizoram,मिजोरम,0.2,0.02,0.22,0.0,0.0,0.0,0.2,0.02,0.22
2023-08-01,2023,North-East Zone,Nagaland,नागालैंड,0.44,0.0,0.44,0.0,0.0,0.0,0.44,0.0,0.44
2023-08-01,2023,East Zone,Odisha,ओडिशा,3.18,0.49,3.67,4.15,0.0,4.15,7.33,0.49,7.82
2023-08-01,2023,North Zone,Punjab,पंजाब,72.18,45.33,117.51,0.0,34.09,34.09,72.18,79.42,151.6
2023-08-01,2023,North Zone,Rajasthan,राजस्थान,0.29,9.32,9.61,0.0,0.0,0.0,0.29,9.32,9.61
2023-08-01,2023,South Zone,Tamil Nadu,तमिलनाडु,8.6,1.11,9.71,4.97,0.0,4.97,13.57,1.11,14.68
2023-08-01,2023,South Zone,Telangana,तेलंगाना,12.9,0.09,12.99,6.81,0.0,6.81,19.71,0.09,19.8
2023-08-01,2023,North-East Zone,Tripura,त्रिपुरा,0.32,0.08,0.4,0.0,0.0,0.0,0.32,0.08,0.4
2023-08-01,2023,North Zone,Uttar Pradesh,उत्तर प्रदेश,14.86,21.46,36.32,0.0,0.0,0.0,14.86,21.46,36.32
2023-08-01,2023,North Zone,Uttarakhand,उत्तराखण्ड,0.97,0.49,1.46,0.98,0.0,0.98,1.95,0.49,2.44
2023-08-01,2023,East Zone,West Bengal,पश्चिम बंगाल,1.11,5.68,6.79,4.51,0.0,4.51,5.62,5.68,11.3
2023-09-01,2023,South Zone,Andhra Pradesh,आन्ध्र प्रदेश,8.5,0.11,8.61,7.75,0.0,7.75,16.25,0.11,16.36
2023-09-01,2023,North-East Zone,Arunachal Pradesh,अरुणाचल प्रदेश,0.31,0.0,0.31,0.0,0.0,0.0,0.31,0.0,0.31
2023-09-01,2023,North-East Zone,Assam,असम,3.04,0.82,3.86,0.0,0.0,0.0,3.04,0.82,3.86
2023-09-01,2023,East Zone,Bihar,बिहार,3.8,4.04,7.84,3.41,0.0,3.41,7.21,4.04,11.25
2023-09-01,2023,West Zone,Chhattisgarh,छत्तीसगढ,11.16,0.05,11.21,8.79,0.0,8.79,19.95,0.05,20.0
2023-09-01,2023,North Zone,Delhi,दिल्ली,0.4,2.25,2.65,0.0,0.0,0.0,0.4,2.25,2.65
2023-09-01,2023,West Zone,Gujarat,गुजरात,2.46,4.85,7.31,0.22,0.0,0.22,2.68,4.85,7.53
2023-09-01,2023,North Zone,Haryana,हरियाणा,14.75,29.44,44.19,0.0,13.86,13.86,14.75,43.3,58.05
2023-09-01,2023,North Zone,Himachal Pradesh,हिमाचल प्रदेश,0.2,0.53,0.73,0.0,0.0,0.0,0.2,0.53,0.73
2023-09-01,2023,North Zone,Jammu & Kashmir,जम्मू और कश्मीर,1.24,0.69,1.93,0.0,0.0,0.0,1.24,0.69,1.93
2023-09-01,2023,East Zone,Jharkhand,झारखण्ड,2.22,0.67,2.89,0.0,0.0,0.0,2.22,0.67,2.89
2023-09-01,2023,South Zone,Karnataka,कर्नाटक,6.89,0.5,7.39,0.0,0.0,0.0,6.89,0.5,7.39
2023-09-01,2023,South Zone,Kerala,केरल,4.8,0.71,5.51,0.06,0.0,0.06,4.86,0.71,5.57
2023-09-01,2023,West Zone,Madhya Pradesh,मध्य प्रदेश,4.27,1.54,5.81,8.27,83.07,91.34,12.54,84.61,97.15
2023-09-01,2023,West Zone,Maharashtra,महाराष्ट्र,6.21,6.26,12.47,0.1,0.0,0.1,6.31,6.26,12.57
2023-09-01,2023,North-East Zone,Manipur,मणिपुर,0.24,0.0,0.24,0.0,0.0,0.0,0.24,0.0,0.24
2023-09-01,2023,North-East Zone,Meghalaya,मेघालय,0.23,0.03,0.26,0.0,0.0,0.0,0.23,0.03,0.26
2023-09-01,2023,North-East Zone,Mizoram,मिजोरम,0.21,0.02,0.23,0.0,0.0,0.0,0.21,0.02,0.23
2023-09-01,2023,North-East Zone,Nagaland,नागालैंड,0.4,0.0,0.4,0.0,0.0,0.0,0.4,0.0,0.4
2023-09-01,2023,East Zone,Odisha,ओडिशा,2.95,0.42,3.37,6.12,0.0,6.12,9.07,0.42,9.49
2023-09-01,2023,North Zone,Punjab,पंजाब,66.35,43.32,109.67,0.0,29.34,29.34,66.35,72.66,139.01
2023-09-01,2023,North Zone,Rajasthan,राजस्थान,0.23,9.14,9.37,0.0,0.0,0.0,0.23,9.14,9.37
2023-09-01,2023,South Zone,Tamil Nadu,तमिलनाडु,7.92,1.47,9.39,5.53,0.0,5.53,13.45,1.47,14.92
2023-09-01,2023,South Zone,Telangana,तेलंगाना,12.74,0.08,12.82,6.11,0.0,6.11,18.85,0.08,18.93
2023-09-01,2023,North-East Zone,Tripura,त्रिपुरा,0.34,0.07,0.41,0.0,0.0,0.0,0.34,0.07,0.41
2023-09-01,2023,North Zone,Uttar Pradesh,उत्तर प्रदेश,15.01,19.9,34.91,0.0,0.0,0.0,15.01,19.9,34.91
2023-09-01,2023,North Zone,Uttarakhand,उत्तराखण्ड,0.88,0.56,1.44,0.91,0.0,0.91,1.79,0.56,2.35
2023-09-01,2023,East Zone,West Bengal,पश्चिम बंगाल,1.59,4.81,6.4,3.8,0.0,3.8,5.39,4.81,10.2
2023-10-01,2023,South Zone,Andhra Pradesh,आन्ध्र प्रदेश,8.72,0.15,8.87,6.16,0.0,6.16,14.88,0.15,15.03
2023-10-01,2023,North-East Zone,Arunachal Pradesh,अरुणाचल प्रदेश,0.34,0.0,0.34,0.0,0.0,0.0,0.34,0.0,0.34
2023-10-01,2023,North-East Zone,Assam,असम,2.68,0.77,3.45,0.0,0.0,0.0,2.68,0.77,3.45
2023-10-01,2023,East Zone,Bihar,बिहार,3.42,4.67,8.09,1.84,0.0,1.84,5.26,4.67,9.93
2023-10-01,2023,West Zone,Chhattisgarh,छत्तीसगढ,11.13,0.09,11.22,8.35,0.0,8.35,19.48,0.09,19.57
2023-10-01,2023,North Zone,Delhi,दिल्ली,0.35,2.35,2.7,0.0,0.0,0.0,0.35,2.35,2.7
2023-10-01,2023,West Zone,Gujarat,गुजरात,2.59,4.86,7.45,0.55,0.0,0.55,3.14,4.86,8.0
2023-10-01,2023,North Zone,Haryana,हरियाणा,13.57,27.61,41.18,0.0,10.37,10.37,13.57,37.98,51.55
2023-10-01,2023,North Zone,Himachal Pradesh,हिमाचल प्रदेश,0.23,0.52,0.75,0.0,0.0,0.0,0.23,0.52,0.75
2023-10-01,2023,North Zone,Jammu & Kashmir,जम्मू और कश्मीर,1.18,0.76,1.94,0.0,0.0,0.0,1.18,0.76,1.94
2023-10-01,2023,East Zone,Jharkhand,झारखण्ड,2.18,0.49,2.67,0.0,0.0,0.0,2.18,0.49,2.67
2023-10-01,2023,South Zone,Karnataka,कर्नाटक,7.41,0.49,7.9,0.0,0.0,0.0,7.41,0.49,7.9
2023-10-01,2023,South Zone,Kerala,केरल,4.71,0.67,5.38,0.32,0.0,0.32,5.03,0.67,5.7
2023-10-01,2023,West Zone,Madhya Pradesh,मध्य प्रदेश,5.19,1.5,6.69,7.89,75.76,83.65,13.08,77.26,90.34
2023-10-01,2023,West Zone,Maharashtra,महाराष्ट्र,6.32,7.16,13.48,0.1,0.0,0.1,6.42,7.16,13.58
2023-10-01,2023,North-East Zone,Manipur,मणिपुर,0.24,0.0,0.24,0.0,0.0,0.0,0.24,0.0,0.24
2023-10-01,2023,North-East Zone,Meghalaya,मेघालय,0.32,0.06,0.38,0.0,0.0,0.0,0.32,0.06,0.38
2023-10-01,2023,North-East Zone,Mizoram,मिजोरम,0.24,0.02,0.26,0.0,0.0,0.0,0.24,0.02,0.26
2023-10-01,2023,North-East Zone,Nagaland,नागालैंड,0.33,0.0,0.33,0.0,0.0,0.0,0.33,0.0,0.33
2023-10-01,2023,East Zone,Odisha,ओडिशा,2.9,0.57,3.47,5.04,0.0,5.04,7.94,0.57,8.51
2023-10-01,2023,North Zone,Punjab,पंजाब,60.65,36.58,97.23,0.0,25.6,25.6,60.65,62.18,122.83
2023-10-01,2023,North Zone,Rajasthan,राजस्थान,0.25,9.11,9.36,0.0,0.0,0.0,0.25,9.11,9.36
2023-10-01,2023,South Zone,Tamil Nadu,तमिलनाडु,7.95,1.68,9.63,6.87,0.0,6.87,14.82,1.68,16.5
2023-10-01,2023,South Zone,Telangana,तेलंगाना,10.9,0.08,10.98,6.45,0.0,6.45,17.35,0.08,17.43
2023-10-01,2023,North-East Zone,Tripura,त्रिपुरा,0.31,0.05,0.36,0.0,0.0,0.0,0.31,0.05,0.36
2023-10-01,2023,North Zone,Uttar Pradesh,उत्तर प्रदेश,15.86,20.38,36.24,0.0,0.0,0.0,15.86,20.38,36.24
2023-10-01,2023,North Zone,Uttarakhand,उत्तराखण्ड,0.86,0.55,1.41,0.68,0.0,0.68,1.54,0.55,2.09
2023-10-01,2023,East Zone,West Bengal,पश्चिम बंगाल,1.73,4.95,6.68,2.49,0.0,2.49,4.22,4.95,9.17
2023-11-01,2023,South Zone,Andhra Pradesh,आन्ध्र प्रदेश,8.26,0.13,8.39,4.94,0.0,4.94,13.2,0.13,13.33
2023-11-01,2023,North-East Zone,Arunachal Pradesh,अरुणाचल प्रदेश,0.32,0.0,0.32,0.0,0.0,0.0,0.32,0.0,0.32
2023-11-01,2023,North-East Zone,Assam,असम,3.01,0.96,3.97,0.0,0.0,0.0,3.01,0.96,3.97
2023-11-01,2023,East Zone,Bihar,बिहार,2.78,4.56,7.34,0.0,0.0,0.0,2.78,4.56,7.34
2023-11-01,2023,West Zone,Chhattisgarh,छत्तीसगढ,9.48,0.08,9.56,7.15,0.0,7.15,16.63,0.08,16.71
2023-11-01,2023,North Zone,Delhi,दिल्ली,0.43,2.51,2.94,0.0,0.0,0.0,0.43,2.51,2.94
2023-11-01,2023,West Zone,Gujarat,गुजरात,2.38,5.25,7.63,0.57,0.0,0.57,2.95,5.25,8.2
2023-11-01,2023,North Zone,Haryana,हरियाणा,12.45,26.0,38.45,0.0,7.94,7.94,12.45,33.94,46.39
2023-11-01,2023,North Zone,Himachal Pradesh,हिमाचल प्रदेश,0.24,0.44,0.68,0.0,0.0,0.0,0.24,0.44,0.68
2023-11-01,2023,North Zone,Jammu & Kashmir,जम्मू और कश्मीर,1.17,0.71,1.88,0.0,0.0,0.0,1.17,0.71,1.88
2023-11-01,2023,East Zone,Jharkhand,झारखण्ड,2.02,0.48,2.5,0.0,0.0,0.0,2.02,0.48,2.5
2023-11-01,2023,South Zone,Karnataka,कर्नाटक,7.13,0.36,7.49,0.0,0.0,0.0,7.13,0.36,7.49
2023-11-01,2023,South Zone,Kerala,केरल,4.54,0.7,5.24,0.4,0.0,0.4,4.94,0.7,5.64
2023-11-01,2023,West Zone,Madhya Pradesh,मध्य प्रदेश,6.02,1.5,7.52,7.93,68.63,76.56,13.95,70.13,84.08
2023-11-01,2023,West Zone,Maharashtra,महाराष्ट्र,5.85,7.26,13.11,0.25,0.0,0.25,6.1,7.26,13.36
2023-11-01,2023,North-East Zone,Manipur,मणिपुर,0.44,0.0,0.44,0.0,0.0,0.0,0.44,0.0,0.44
2023-11-01,2023,North-East Zone,Meghalaya,मेघालय,0.31,0.06,0.37,0.0,0.0,0.0,0.31,0.06,0.37
2023-11-01,2023,North-East Zone,Mizoram,मिजोरम,0.2,0.01,0.21,0.0,0.0,0.0,0.2,0.01,0.21
2023-11-01,2023,North-East Zone,Nagaland,नागालैंड,0.37,0.0,0.37,0.0,0.0,0.0,0.37,0.0,0.37
2023-11-01,2023,East Zone,Odisha,ओडिशा,2.56,0.64,3.2,6.63,0.0,6.63,9.19,0.64,9.83
2023-11-01,2023,North Zone,Punjab,पंजाब,56.93,31.87,88.8,0.0,21.47,21.47,56.93,53.34,110.27
2023-11-01,2023,North Zone,Rajasthan,राजस्थान,0.25,9.02,9.27,0.0,0.0,0.0,0.25,9.02,9.27
2023-11-01,2023,South Zone,Tamil Nadu,तमिलनाडु,7.24,2.04,9.28,1.56,0.0,1.56,8.8,2.04,10.84
2023-11-01,2023,South Zone,Telangana,तेलंगाना,8.6,0.03,8.63,6.88,0.0,6.88,15.48,0.03,15.51
2023-11-01,2023,North-East Zone,Tripura,त्रिपुरा,0.29,0.05,0.34,0.0,0.0,0.0,0.29,0.05,0.34
2023-11-01,2023,North Zone,Uttar Pradesh,उत्तर प्रदेश,13.65,18.24,31.89,0.0,0.0,0.0,13.65,18.24,31.89
2023-11-01,2023,North Zone,Uttarakhand,उत्तराखण्ड,0.81,0.62,1.43,0.41,0.0,0.41,1.22,0.62,1.84
2023-11-01,2023,East Zone,West Bengal,पश्चिम बंगाल,1.62,5.09,6.71,2.03,0.0,2.03,3.65,5.09,8.74
2023-12-01,2023,South Zone,Andhra Pradesh,आन्ध्र प्रदेश,7.53,0.2,7.73,3.46,0.0,3.46,10.99,0.2,11.19
2023-12-01,2023,North-East Zone,Arunachal Pradesh,अरुणाचल प्रदेश,0.31,0.0,0.31,0.0,0.0,0.0,0.31,0.0,0.31
2023-12-01,2023,North-East Zone,Assam,असम,1.76,1.12,2.88,0.0,0.0,0.0,1.76,1.12,2.88
2023-12-01,2023,East Zone,Bihar,बिहार,2.06,4.17,6.23,0.0,0.0,0.0,2.06,4.17,6.23
2023-12-01,2023,West Zone,Chhattisgarh,छत्तीसगढ,7.6,0.09,7.69,5.86,0.0,5.86,13.46,0.09,13.55
2023-12-01,2023,North Zone,Delhi,दिल्ली,0.48,2.39,2.87,0.0,0.0,0.0,0.48,2.39,2.87
2023-12-01,2023,West Zone,Gujarat,गुजरात,2.41,4.81,7.22,1.11,0.0,1.11,3.52,4.81,8.33
2023-12-01,2023,North Zone,Haryana,हरियाणा,11.09,23.77,34.86,0.0,5.48,5.48,11.09,29.25,40.34
2023-12-01,2023,North Zone,Himachal Pradesh,हिमाचल प्रदेश,0.24,0.45,0.69,0.02,0.0,0.02,0.26,0.45,0.71
2023-12-01,2023,North Zone,Jammu & Kashmir,जम्मू और कश्मीर,0.92,0.54,1.46,0.0,0.0,0.0,0.92,0.54,1.46
2023-12-01,2023,East Zone,Jharkhand,झारखण्ड,1.98,0.63,2.61,0.0,0.0,0.0,1.98,0.63,2.61
2023-12-01,2023,South Zone,Karnataka,कर्नाटक,6.62,0.39,7.01,0.0,0.0,0.0,6.62,0.39,7.01
2023-12-01,2023,South Zone,Kerala,केरल,4.2,0.66,4.86,0.19,0.0,0.19,4.39,0.66,5.05
2023-12-01,2023,West Zone,Madhya Pradesh,मध्य प्रदेश,6.27,1.46,7.73,5.27,61.05,66.32,11.54,62.51,74.05
2023-12-01,2023,West Zone,Maharashtra,महाराष्ट्र,5.41,6.45,11.86,0.18,0.0,0.18,5.59,6.45,12.04
2023-12-01,2023,North-East Zone,Manipur,मणिपुर,0.36,0.0,0.36,0.0,0.0,0.0,0.36,0.0,0.36
2023-12-01,2023,North-East Zone,Meghalaya,मेघालय,0.27,0.03,0.3,0.0,0.0,0.0,0.27,0.03,0.3
2023-12-01,2023,North-East Zone,Mizoram,मिजोरम,0.23,0.01,0.24,0.0,0.0,0.0,0.23,0.01,0.24
2023-12-01,2023,North-East Zone,Nagaland,नागालैंड,0.4,0.0,0.4,0.0,0.0,0.0,0.4,0.0,0.4
2023-12-01,2023,East Zone,Odisha,ओडिशा,2.21,0.57,2.78,7.47,0.0,7.47,9.68,0.57,10.25
2023-12-01,2023,North Zone,Punjab,पंजाब,52.93,26.05,78.98,0.0,16.32,16.32,52.93,42.37,95.3
2023-12-01,2023,North Zone,Rajasthan,राजस्थान,0.22,8.79,9.01,0.0,0.0,0.0,0.22,8.79,9.01
2023-12-01,2023,South Zone,Tamil Nadu,तमिलनाडु,6.81,1.96,8.77,2.46,0.0,2.46,9.27,1.96,11.23
2023-12-01,2023,South Zone,Telangana,तेलंगाना,7.47,0.15,7.62,9.15,0.0,9.15,16.62,0.15,16.77
2023-12-01,2023,North-East Zone,Tripura,त्रिपुरा,0.34,0.02,0.36,0.0,0.0,0.0,0.34,0.02,0.36
2023-12-01,2023,North Zone,Uttar Pradesh,उत्तर प्रदेश,12.98,15.41,28.39,0.0,0.0,0.0,12.98,15.41,28.39
2023-12-01,2023,North Zone,Uttarakhand,उत्तराखण्ड,0.7,0.59,1.29,0.16,0.0,0.16,0.86,0.59,1.45
2023-12-01,2023,East Zone,West Bengal,पश्चिम बंगाल,0.71,5.89,6.6,1.49,0.0,1.49,2.2,5.89,8.09
2024-01-01,2024,South Zone,Andhra Pradesh,आन्ध्र प्रदेश,7.21,0.26,7.47,4.42,0.0,4.42,11.63,0.26,11.89
2024-01-01,2024,North-East Zone,Arunachal Pradesh,अरुणाचल प्रदेश,0.31,0.0,0.31,0.0,0.0,0.0,0.31,0.0,0.31
2024-01-01,2024,North-East Zone,Assam,असम,1.87,0.94,2.81,0.0,0.0,0.0,1.87,0.94,2.81
2024-01-01,2024,East Zone,Bihar,बिहार,1.91,4.2,6.11,0.16,0.0,0.16,2.07,4.2,6.27
2024-01-01,2024,West Zone,Chhattisgarh,छत्तीसगढ,6.67,0.22,6.89,5.07,0.0,5.07,11.74,0.22,11.96
2024-01-01,2024,North Zone,Delhi,दिल्ली,0.38,2.2,2.58,0.0,0.0,0.0,0.38,2.2,2.58
2024-01-01,2024,West Zone,Gujarat,गुजरात,2.03,4.44,6.47,1.18,0.0,1.18,3.21,4.44,7.65
2024-01-01,2024,North Zone,Haryana,हरियाणा,10.1,18.83,28.93,0.0,3.41,3.41,10.1,22.24,32.34
2024-01-01,2024,North Zone,Himachal Pradesh,हिमाचल प्रदेश,0.28,0.47,0.75,0.02,0.0,0.0,0.3,0.47,0.77
2024-01-01,2024,North Zone,Jammu & Kashmir,जम्मू और कश्मीर,1.13,0.58,1.71,0.0,0.0,0.02,1.13,0.58,1.71
2024-01-01,2024,East Zone,Jharkhand,झारखण्ड,2.05,0.77,2.82,0.0,0.0,0.0,2.05,0.77,2.82
2024-01-01,2024,South Zone,Karnataka,कर्नाटक,6.62,0.57,7.19,0.0,0.0,0.0,6.62,0.57,7.19
2024-01-01,2024,South Zone,Kerala,केरल,3.83,0.81,4.64,0.13,0.0,0.13,3.96,0.81,4.77
2024-01-01,2024,West Zone,Madhya Pradesh,मध्य प्रदेश,5.95,1.43,7.38,3.91,51.89,55.8,9.86,53.32,63.18
2024-01-01,2024,West Zone,Maharashtra,महाराष्ट्र,4.69,6.57,11.26,0.16,0.0,0.16,4.85,6.57,11.42
2024-01-01,2024,North-East Zone,Manipur,मणिपुर,0.46,0.0,0.46,0.0,0.0,0.0,0.46,0.0,0.46
2024-01-01,2024,North-East Zone,Meghalaya,मेघालय,0.27,0.04,0.31,0.0,0.0,0.0,0.27,0.04,0.31
2024-01-01,2024,North-East Zone,Mizoram,मिजोरम,0.22,0.02,0.24,0.0,0.0,0.0,0.22,0.02,0.24
2024-01-01,2024,North-East Zone,Nagaland,नागालैंड,0.42,0.0,0.42,0.0,0.0,0.0,0.42,0.0,0.42
2024-01-01,2024,East Zone,Odisha,ओडिशा,1.86,0.69,2.55,5.54,0.0,5.54,7.4,0.69,8.09
2024-01-01,2024,North Zone,Punjab,पंजाब,47.34,21.3,68.64,0.0,11.95,11.95,47.34,33.25,80.59
2024-01-01,2024,North Zone,Rajasthan,राजस्थान,0.25,9.09,9.34,0.0,0.0,0.0,0.25,9.09,9.34
2024-01-01,2024,South Zone,Tamil Nadu,तमिलनाडु,6.4,1.79,8.19,5.6,0.0,5.6,12.0,1.79,13.79
2024-01-01,2024,South Zone,Telangana,तेलंगाना,8.58,0.22,8.8,9.63,0.0,9.63,18.21,0.22,18.43
2024-01-01,2024,North-East Zone,Tripura,त्रिपुरा,0.33,0.02,0.35,0.0,0.0,0.0,0.33,0.02,0.35
2024-01-01,2024,North Zone,Uttar Pradesh,उत्तर प्रदेश,20.02,13.09,33.11,0.0,0.0,0.0,20.02,13.09,33.11
2024-01-01,2024,North Zone,Uttarakhand,उत्तराखण्ड,0.48,0.61,1.09,0.09,0.0,0.0,0.57,0.61,1.18
2024-01-01,2024,East Zone,West Bengal,पश्चिम बंगाल,0.79,5.36,6.15,0.88,0.0,0.88,1.67,5.36,7.03
2024-02-01,2024,South Zone,Andhra Pradesh,आन्ध्र प्रदेश,7.11,0.25,7.36,6.73,0.0,6.73,13.84,0.25,14.09
2024-02-01,2024,North-East Zone,Arunachal Pradesh,अरुणाचल प्रदेश,0.28,0.0,0.28,0.0,0.0,0.0,0.28,0.0,0.28
2024-02-01,2024,North-East Zone,Assam,असम,2.31,0.95,3.26,0.0,0.0,0.0,2.31,0.95,3.26
2024-02-01,2024,East Zone,Bihar,बिहार,2.68,3.59,6.27,4.22,0.0,4.22,6.9,3.59,10.49
2024-02-01,2024,West Zone,Chhattisgarh,छत्तीसगढ,10.16,0.31,10.47,7.26,0.0,7.26,17.42,0.31,17.73
2024-02-01,2024,North Zone,Delhi,दिल्ली,0.38,1.78,2.16,0.0,0.0,0.0,0.38,1.78,2.16
2024-02-01,2024,West Zone,Gujarat,गुजरात,2.64,4.48,7.12,1.18,0.0,1.18,3.82,4.48,8.3
2024-02-01,2024,North Zone,Haryana,हरियाणा,13.75,13.61,27.36,0.0,2.06,2.06,13.75,15.67,29.42
2024-02-01,2024,North Zone,Himachal Pradesh,हिमाचल प्रदेश,0.24,0.45,0.69,0.01,0.0,0.01,0.25,0.45,0.7
2024-02-01,2024,North Zone,Jammu & Kashmir,जम्मू और कश्मीर,1.26,0.6,1.86,0.0,0.0,0.0,1.26,0.6,1.86
2024-02-01,2024,East Zone,Jharkhand,झारखण्ड,1.55,0.76,2.31,0.0,0.0,0.0,1.55,0.76,2.31
2024-02-01,2024,South Zone,Karnataka,कर्नाटक,6.83,0.44,7.27,0.0,0.0,0.0,6.83,0.44,7.27
2024-02-01,2024,South Zone,Kerala,केरल,3.58,0.84,4.42,0.22,0.0,0.22,3.8,0.84,4.64
2024-02-01,2024,West Zone,Madhya Pradesh,मध्य प्रदेश,5.55,1.11,6.66,7.31,42.96,50.27,12.86,44.07,56.93
2024-02-01,2024,West Zone,Maharashtra,महाराष्ट्र,5.07,5.66,10.73,0.0,0.0,0.0,5.07,5.66,10.73
2024-02-01,2024,North-East Zone,Manipur,मणिपुर,0.48,0.0,0.48,0.0,0.0,0.0,0.48,0.0,0.48
2024-02-01,2024,North-East Zone,Meghalaya,मेघालय,0.24,0.03,0.27,0.0,0.0,0.0,0.24,0.03,0.27
2024-02-01,2024,North-East Zone,Mizoram,मिजोरम,0.19,0.01,0.2,0.0,0.0,0.0,0.19,0.01,0.2
2024-02-01,2024,North-East Zone,Nagaland,नागालैंड,0.44,0.0,0.44,0.0,0.0,0.0,0.44,0.0,0.44
2024-02-01,2024,East Zone,Odisha,ओडिशा,1.51,0.55,2.06,3.27,0.0,3.27,4.78,0.55,5.33
2024-02-01,2024,North Zone,Punjab,पंजाब,49.11,15.42,64.53,0.0,8.81,8.81,49.11,24.23,73.34
2024-02-01,2024,North Zone,Rajasthan,राजस्थान,0.24,8.21,8.45,0.0,0.0,0.0,0.24,8.21,8.45
2024-02-01,2024,South Zone,Tamil Nadu,तमिलनाडु,5.62,1.66,7.28,3.6,0.0,3.6,9.22,1.66,10.88
2024-02-01,2024,South Zone,Telangana,तेलंगाना,10.16,0.26,10.42,9.38,0.0,9.38,19.54,0.26,19.8
2024-02-01,2024,North-East Zone,Tripura,त्रिपुरा,0.28,0.08,0.36,0.0,0.0,0.0,0.28,0.08,0.36
2024-02-01,2024,North Zone,Uttar Pradesh,उत्तर प्रदेश,27.84,11.43,39.27,0.0,0.0,0.0,27.84,11.43,39.27
2024-02-01,2024,North Zone,Uttarakhand,उत्तराखण्ड,0.43,0.43,0.86,0.51,0.0,0.51,0.94,0.43,1.37
2024-02-01,2024,East Zone,West Bengal,पश्चिम बंगाल,1.12,3.78,4.9,2.3,0.0,2.3,3.42,3.78,7.2
2024-03-01,2024,South Zone,Andhra Pradesh,आन्ध्र प्रदेश,7.19,0.25,7.44,9.45,0.0,9.45,16.64,0.25,16.89
2024-03-01,2024,North-East Zone,Arunachal Pradesh,अरुणाचल प्रदेश,0.3,0.0,0.3,0.0,0.0,0.0,0.3,0.0,0.3
2024-03-01,2024,North-East Zone,Assam,असम,2.09,1.48,3.57,0.0,0.0,0.0,2.09,1.48,3.57
2024-03-01,2024,East Zone,Bihar,बिहार,4.97,2.56,7.53,4.21,0.0,4.21,9.18,2.56,11.74
2024-03-01,2024,West Zone,Chhattisgarh,छत्तीसगढ,13.97,0.18,14.15,9.27,0.0,9.27,23.24,0.18,23.42
2024-03-01,2024,North Zone,Delhi,दिल्ली,0.54,1.14,1.68,0.0,0.0,0.0,0.54,1.14,1.68
2024-03-01,2024,West Zone,Gujarat,गुजरात,2.9,4.09,6.99,1.22,0.0,3.0,4.12,4.09,8.21
2024-03-01,2024,North Zone,Haryana,हरियाणा,19.8,7.36,27.16,0.0,0.97,0.97,19.8,8.33,28.13
2024-03-01,2024,North Zone,Himachal Pradesh,हिमाचल प्रदेश,0.23,0.37,0.6,0.0,0.0,0.0,0.23,0.37,0.6
2024-03-01,2024,North Zone,Jammu & Kashmir,जम्मू और कश्मीर,1.34,0.56,1.9,0.0,0.0,0.0,1.34,0.56,1.9
2024-03-01,2024,East Zone,Jharkhand,झारखण्ड,1.83,0.49,2.32,0.0,0.0,0.0,1.83,0.49,2.32
2024-03-01,2024,South Zone,Karnataka,कर्नाटक,6.41,0.45,6.86,0.0,0.0,0.0,6.41,0.45,6.86
2024-03-01,2024,South Zone,Kerala,केरल,4.08,0.78,4.86,0.11,0.0,0.11,4.19,0.78,4.97
2024-03-01,2024,West Zone,Madhya Pradesh,मध्य प्रदेश,5.43,0.92,6.35,10.96,34.9,45.86,16.39,35.82,52.21
2024-03-01,2024,West Zone,Maharashtra,महाराष्ट्र,5.41,4.29,9.7,0.03,0.0,0.03,5.44,4.29,9.73
2024-03-01,2024,North-East Zone,Manipur,मणिपुर,0.5,0.0,0.5,0.0,0.0,0.0,0.5,0.0,0.5
2024-03-01,2024,North-East Zone,Meghalaya,मेघालय,0.21,0.02,0.23,0.0,0.0,0.0,0.21,0.02,0.23
2024-03-01,2024,North-East Zone,Mizoram,मिजोरम,0.18,0.01,0.19,0.0,0.0,0.0,0.18,0.01,0.19
2024-03-01,2024,North-East Zone,Nagaland,नागालैंड,0.48,0.0,0.48,0.0,0.0,0.0,0.48,0.0,0.48
2024-03-01,2024,East Zone,Odisha,ओडिशा,2.34,0.39,2.73,4.54,0.0,4.54,6.88,0.39,7.27
2024-03-01,2024,North Zone,Punjab,पंजाब,73.21,9.18,82.39,0.0,4.25,4.25,73.21,13.43,86.64
2024-03-01,2024,North Zone,Rajasthan,राजस्थान,0.23,6.63,6.86,0.0,0.0,0.0,0.23,6.63,6.86
2024-03-01,2024,South Zone,Tamil Nadu,तमिलनाडु,6.11,1.3,7.41,3.44,0.0,3.44,9.55,1.3,10.85
2024-03-01,2024,South Zone,Telangana,तेलंगाना,10.02,0.17,10.19,8.2,0.0,8.2,18.22,0.17,18.39
2024-03-01,2024,North-East Zone,Tripura,त्रिपुरा,0.21,0.11,0.32,0.0,0.0,0.0,0.21,0.11,0.32
2024-03-01,2024,North Zone,Uttar Pradesh,उत्तर प्रदेश,31.02,8.57,39.59,0.0,0.0,0.0,31.02,8.57,39.59
2024-03-01,2024,North Zone,Uttarakhand,उत्तराखण्ड,0.5,0.55,1.05,0.82,0.0,0.82,1.32,0.55,1.87
2024-03-01,2024,East Zone,West Bengal,पश्चिम बंगाल,1.44,2.79,4.23,3.23,0.0,3.23,4.67,2.79,7.46
2024-04-01,2024,South Zone,Andhra Pradesh,आन्ध्र प्रदेश,7.68,0.18,7.86,8.95,0.0,8.95,16.63,0.18,16.81
2024-04-01,2024,North-East Zone,Arunachal Pradesh,अरुणाचल प्रदेश,0.34,0.0,0.34,0.0,0.0,0.0,0.34,0.0,0.34
2024-04-01,2024,North-East Zone,Assam,असम,2.64,1.16,3.8,0.0,0.0,0.0,2.64,1.16,3.8
2024-04-01,2024,East Zone,Bihar,बिहार,5.71,1.96,7.67,5.18,0.0,5.18,10.89,1.96,12.85
2024-04-01,2024,West Zone,Chhattisgarh,छत्तीसगढ,14.89,0.14,15.03,9.84,0.0,9.84,24.73,0.14,24.87
2024-04-01,2024,North Zone,Delhi,दिल्ली,0.8,0.8,1.6,0.0,0.0,0.0,0.8,0.8,1.6
2024-04-01,2024,West Zone,Gujarat,गुजरात,3.39,3.8,7.19,1.21,0.0,3.0,4.6,3.8,8.4
2024-04-01,2024,North Zone,Haryana,हरियाणा,26.72,2.85,29.57,0.0,0.43,0.43,26.72,3.28,30.0
2024-04-01,2024,North Zone,Himachal Pradesh,हिमाचल प्रदेश,0.27,0.43,0.7,0.0,0.0,0.0,0.27,0.43,0.7
2024-04-01,2024,North Zone,Jammu & Kashmir,जम्मू और कश्मीर,1.17,0.66,1.83,0.0,0.0,0.0,1.17,0.66,1.83
2024-04-01,2024,East Zone,Jharkhand,झारखण्ड,2.32,0.67,2.99,0.0,0.0,0.0,2.32,0.67,2.99
2024-04-01,2024,South Zone,Karnataka,कर्नाटक,6.92,0.52,7.44,0.0,0.0,0.0,6.92,0.52,7.44
2024-04-01,2024,South Zone,Kerala,केरल,4.32,0.7,5.02,0.0,0.0,0.0,4.32,0.7,5.02
2024-04-01,2024,West Zone,Madhya Pradesh,मध्य प्रदेश,6.26,0.25,6.51,11.92,30.37,42.29,18.18,30.62,48.8
2024-04-01,2024,West Zone,Maharashtra,महाराष्ट्र,6.61,4.21,10.82,0.13,0.0,0.13,6.74,4.21,10.95
2024-04-01,2024,North-East Zone,Manipur,मणिपुर,0.45,0.0,0.45,0.0,0.0,0.0,0.45,0.0,0.45
2024-04-01,2024,North-East Zone,Meghalaya,मेघालय,0.23,0.04,0.27,0.0,0.0,0.0,0.23,0.04,0.27
2024-04-01,2024,North-East Zone,Mizoram,मिजोरम,0.16,0.0,0.16,0.0,0.0,0.0,0.16,0.0,0.16
2024-04-01,2024,North-East Zone,Nagaland,नागालैंड,0.49,0.0,0.49,0.0,0.0,0.0,0.49,0.0,0.49
2024-04-01,2024,East Zone,Odisha,ओडिशा,3.0,0.32,3.32,3.78,0.0,3.78,6.78,0.32,7.1
2024-04-01,2024,North Zone,Punjab,पंजाब,95.87,4.0,99.87,0.0,1.88,1.88,95.87,5.88,101.75
2024-04-01,2024,North Zone,Rajasthan,राजस्थान,0.29,6.16,6.45,0.0,0.0,0.0,0.29,6.16,6.45
2024-04-01,2024,South Zone,Tamil Nadu,तमिलनाडु,7.54,1.27,8.81,4.19,0.0,4.19,11.73,1.27,13.0
2024-04-01,2024,South Zone,Telangana,तेलंगाना,9.53,0.22,9.75,6.81,0.0,6.81,16.34,0.22,16.56
2024-04-01,2024,North-East Zone,Tripura,त्रिपुरा,0.24,0.09,0.33,0.0,0.0,0.0,0.24,0.09,0.33
2024-04-01,2024,North Zone,Uttar Pradesh,उत्तर प्रदेश,30.6,5.5,36.1,0.0,0.0,0.0,30.6,5.5,36.1
2024-04-01,2024,North Zone,Uttarakhand,उत्तराखण्ड,0.92,0.53,1.45,0.88,0.0,0.88,1.8,0.53,2.33
2024-04-01,2024,East Zone,West Bengal,पश्चिम बंगाल,3.01,3.05,6.06,2.7,0.0,2.7,5.71,3.05,8.76
2024-05-01,2024,South Zone,Andhra Pradesh,आन्ध्र प्रदेश,7.87,0.3,8.17,8.07,0.0,8.07,15.94,0.3,16.24
2024-05-01,2024,North-East Zone,Arunachal Pradesh,अरुणाचल प्रदेश,0.35,0.0,0.35,0.0,0.0,0.0,0.35,0.0,0.35
2024-05-01,2024,North-East Zone,Assam,असम,2.79,1.04,3.83,0.0,0.0,0.0,2.79,1.04,3.83
2024-05-01,2024,East Zone,Bihar,बिहार,5.61,2.25,7.86,4.54,0.02,4.56,10.15,2.27,12.42
2024-05-01,2024,West Zone,Chhattisgarh,छत्तीसगढ,14.55,0.08,14.63,8.57,0.0,8.57,23.12,0.08,23.2
2024-05-01,2024,North Zone,Delhi,दिल्ली,0.87,0.76,1.63,0.0,0.0,0.0,0.87,0.76,1.63
2024-05-01,2024,West Zone,Gujarat,गुजरात,3.21,3.92,7.13,1.22,0.0,1.22,4.43,3.92,8.35
2024-05-01,2024,North Zone,Haryana,हरियाणा,28.43,14.38,42.81,0.0,22.25,22.25,28.43,36.63,65.06
2024-05-01,2024,North Zone,Himachal Pradesh,हिमाचल प्रदेश,0.25,0.47,0.72,0.0,0.01,0.01,0.25,0.48,0.73
2024-05-01,2024,North Zone,Jammu & Kashmir,जम्मू और कश्मीर,1.29,0.79,2.08,0.0,0.0,0.0,1.29,0.79,2.08
2024-05-01,2024,East Zone,Jharkhand,झारखण्ड,2.42,0.87,3.29,0.0,0.0,0.0,2.42,0.87,3.29
2024-05-01,2024,South Zone,Karnataka,कर्नाटक,6.89,0.7,7.59,0.0,0.0,0.0,6.89,0.7,7.59
2024-05-01,2024,South Zone,Kerala,केरल,4.47,0.63,5.1,0.0,0.0,0.0,4.47,0.63,5.1
2024-05-01,2024,West Zone,Madhya Pradesh,मध्य प्रदेश,6.93,1.23,8.16,11.86,61.4,73.26,18.79,62.63,81.42
2024-05-01,2024,West Zone,Maharashtra,महाराष्ट्र,7.38,4.84,12.22,0.42,0.0,0.42,7.8,4.84,12.64
2024-05-01,2024,North-East Zone,Manipur,मणिपुर,0.39,0.0,0.39,0.0,0.0,0.0,0.39,0.0,0.39
2024-05-01,2024,North-East Zone,Meghalaya,मेघालय,0.29,0.07,0.36,0.0,0.0,0.0,0.29,0.07,0.36
2024-05-01,2024,North-East Zone,Mizoram,मिजोरम,0.18,0.0,0.18,0.0,0.0,0.0,0.18,0.0,0.18
2024-05-01,2024,North-East Zone,Nagaland,नागालैंड,0.49,0.0,0.49,0.0,0.0,0.0,0.49,0.0,0.49
2024-05-01,2024,East Zone,Odisha,ओडिशा,3.49,0.57,4.06,2.19,0.0,2.19,5.68,0.57,6.25
2024-05-01,2024,North Zone,Punjab,पंजाब,110.43,4.96,115.39,0.0,30.8,30.8,110.43,35.76,146.19
2024-05-01,2024,North Zone,Rajasthan,राजस्थान,0.24,8.29,8.53,0.0,0.0,0.0,0.24,8.29,8.53
2024-05-01,2024,South Zone,Tamil Nadu,तमिलनाडु,9.22,1.31,10.53,7.4,0.0,7.4,16.62,1.31,17.93
2024-05-01,2024,South Zone,Telangana,तेलंगाना,11.97,0.12,12.09,6.0,0.0,6.0,17.97,0.12,18.09
2024-05-01,2024,North-East Zone,Tripura,त्रिपुरा,0.21,0.09,0.3,0.0,0.0,0.0,0.21,0.09,0.3
2024-05-01,2024,North Zone,Uttar Pradesh,उत्तर प्रदेश,27.59,7.58,35.17,0.0,0.0,0.0,27.59,7.58,35.17
2024-05-01,2024,North Zone,Uttarakhand,उत्तराखण्ड,0.94,0.5,1.44,0.89,0.0,0.89,1.83,0.5,2.33
2024-05-01,2024,East Zone,West Bengal,पश्चिम बंगाल,3.95,3.35,7.3,3.07,0.0,3.07,7.02,3.35,10.37
2024-06-01,2024,South Zone,Andhra Pradesh,आन्ध्र प्रदेश,7.96,0.71,8.67,7.97,0.0,7.97,15.93,0.71,16.64
2024-06-01,2024,North-East Zone,Arunachal Pradesh,अरुणाचल प्रदेश,0.35,0.0,0.35,0.0,0.0,0.0,0.35,0.0,0.35
2024-06-01,2024,North-East Zone,Assam,असम,2.87,0.99,3.86,0.0,0.0,0.0,2.87,0.99,3.86
2024-06-01,2024,East Zone,Bihar,बिहार,4.68,3.51,8.19,2.86,0.0,2.86,7.54,3.51,11.05
2024-06-01,2024,West Zone,Chhattisgarh,छत्तीसगढ,16.04,0.03,16.07,9.46,0.0,9.46,25.5,0.03,25.53
2024-06-01,2024,North Zone,Delhi,दिल्ली,0.64,1.28,1.92,0.0,0.0,0.0,0.64,1.28,1.92
2024-06-01,2024,West Zone,Gujarat,गुजरात,2.89,4.85,7.74,0.0,0.0,0.0,2.89,4.85,7.74
2024-06-01,2024,North Zone,Haryana,हरियाणा,30.82,27.17,57.99,0.0,35.83,35.83,30.82,63.0,93.82
2024-06-01,2024,North Zone,Himachal Pradesh,हिमाचल प्रदेश,0.22,0.67,0.89,0.0,0.03,0.03,0.22,0.7,0.92
2024-06-01,2024,North Zone,Jammu & Kashmir,जम्मू और कश्मीर,1.08,1.0,2.08,0.0,0.0,0.0,1.08,1.0,2.08
2024-06-01,2024,East Zone,Jharkhand,झारखण्ड,2.34,1.19,3.53,0.0,0.0,0.0,2.34,1.19,3.53
2024-06-01,2024,South Zone,Karnataka,कर्नाटक,6.37,1.07,7.44,0.0,0.0,0.0,6.37,1.07,7.44
2024-06-01,2024,South Zone,Kerala,केरल,4.58,0.68,5.26,0.0,0.0,0.0,4.58,0.68,5.26
2024-06-01,2024,West Zone,Madhya Pradesh,मध्य प्रदेश,7.43,1.8,9.23,11.94,68.84,80.78,19.37,70.64,90.01
2024-06-01,2024,West Zone,Maharashtra,महाराष्ट्र,6.93,6.25,13.18,1.04,0.0,1.04,7.97,6.25,14.22
2024-06-01,2024,North-East Zone,Manipur,मणिपुर,0.27,0.0,0.27,0.0,0.0,0.0,0.27,0.0,0.27
2024-06-01,2024,North-East Zone,Meghalaya,मेघालय,0.28,0.06,0.34,0.0,0.0,0.0,0.28,0.06,0.34
2024-06-01,2024,North-East Zone,Mizoram,मिजोरम,0.16,0.0,0.16,0.0,0.0,0.0,0.16,0.0,0.16
2024-06-01,2024,North-East Zone,Nagaland,नागालैंड,0.46,0.0,0.46,0.0,0.0,0.0,0.46,0.0,0.46
2024-06-01,2024,East Zone,Odisha,ओडिशा,3.91,0.52,4.43,4.49,0.0,4.49,8.4,0.52,8.92
2024-06-01,2024,North Zone,Punjab,पंजाब,115.5,15.92,131.42,0.0,85.39,85.39,115.5,101.31,216.81
2024-06-01,2024,North Zone,Rajasthan,राजस्थान,0.23,14.22,14.45,0.0,0.0,0.0,0.23,14.22,14.45
2024-06-01,2024,South Zone,Tamil Nadu,तमिलनाडु,9.18,1.98,11.16,6.14,0.0,6.14,15.32,1.98,17.3
2024-06-01,2024,South Zone,Telangana,तेलंगाना,14.22,0.2,14.42,4.91,0.0,4.91,19.13,0.2,19.33
2024-06-01,2024,North-East Zone,Tripura,त्रिपुरा,0.15,0.1,0.25,0.0,0.0,0.0,0.15,0.1,0.25
2024-06-01,2024,North Zone,Uttar Pradesh,उत्तर प्रदेश,23.43,15.82,39.25,0.0,0.0,0.0,23.43,15.82,39.25
2024-06-01,2024,North Zone,Uttarakhand,उत्तराखण्ड,1.02,0.54,1.56,0.84,0.01,0.85,1.86,0.55,2.41
2024-06-01,2024,East Zone,West Bengal,पश्चिम बंगाल,3.51,3.88,7.39,4.64,0.0,4.64,8.15,3.88,12.03
2024-07-01,2024,South Zone,Andhra Pradesh,आन्ध्र प्रदेश,8.23,0.73,8.96,8.24,0.0,8.24,16.47,0.73,17.2
2024-07-01,2024,North-East Zone,Arunachal Pradesh,अरुणाचल प्रदेश,0.33,0.0,0.33,0.0,0.0,0.0,0.33,0.0,0.33
2024-07-01,2024,North-East Zone,Assam,असम,2.99,0.86,3.85,0.0,0.0,0.0,2.99,0.86,3.85
2024-07-01,2024,East Zone,Bihar,बिहार,4.0,4.38,8.38,1.75,0.03,1.78,5.75,4.41,10.16
2024-07-01,2024,West Zone,Chhattisgarh,छत्तीसगढ,15.46,0.06,15.52,8.97,0.0,8.97,24.43,0.06,24.49
2024-07-01,2024,North Zone,Delhi,दिल्ली,0.6,2.48,3.08,0.0,0.0,0.0,0.6,2.48,3.08
2024-07-01,2024,West Zone,Gujarat,गुजरात,3.0,4.93,7.93,0.02,0.0,0.02,3.02,4.93,7.95
2024-07-01,2024,North Zone,Haryana,हरियाणा,33.08,27.34,60.42,0.0,31.2,31.2,33.08,58.54,91.62
2024-07-01,2024,North Zone,Himachal Pradesh,हिमाचल प्रदेश,0.24,0.68,0.92,0.0,0.0,0.0,0.24,0.68,0.92
2024-07-01,2024,North Zone,Jammu & Kashmir,जम्मू और कश्मीर,1.02,1.02,2.04,0.0,0.0,0.0,1.02,1.02,2.04
2024-07-01,2024,East Zone,Jharkhand,झारखण्ड,2.36,1.19,3.55,0.0,0.0,0.0,2.36,1.19,3.55
2024-07-01,2024,South Zone,Karnataka,कर्नाटक,6.91,1.25,8.16,0.0,0.0,0.0,6.91,1.25,8.16
2024-07-01,2024,South Zone,Kerala,केरल,4.5,0.6,5.1,0.0,0.0,0.0,4.5,0.6,5.1
2024-07-01,2024,West Zone,Madhya Pradesh,मध्य प्रदेश,7.9,1.79,9.69,11.4,61.46,72.86,19.3,63.25,82.55
2024-07-01,2024,West Zone,Maharashtra,महाराष्ट्र,6.99,6.26,13.25,1.87,0.0,1.87,8.86,6.26,15.12
2024-07-01,2024,North-East Zone,Manipur,मणिपुर,0.26,0.0,0.26,0.0,0.0,0.0,0.26,0.0,0.26
2024-07-01,2024,North-East Zone,Meghalaya,मेघालय,0.29,0.08,0.37,0.0,0.0,0.0,0.29,0.08,0.37
2024-07-01,2024,North-East Zone,Mizoram,मिजोरम,0.16,0.0,0.16,0.0,0.0,0.0,0.16,0.0,0.16
2024-07-01,2024,North-East Zone,Nagaland,नागालैंड,0.46,0.0,0.46,0.0,0.0,0.0,0.46,0.0,0.46
2024-07-01,2024,East Zone,Odisha,ओडिशा,3.77,0.55,4.32,3.17,0.0,3.17,6.94,0.55,7.49
2024-07-01,2024,North Zone,Punjab,पंजाब,120.17,15.8,135.97,0.0,76.19,76.19,120.17,91.99,212.16
2024-07-01,2024,North Zone,Rajasthan,राजस्थान,0.23,15.3,15.53,0.0,0.0,0.0,0.23,15.3,15.53
2024-07-01,2024,South Zone,Tamil Nadu,तमिलनाडु,9.37,1.98,11.35,4.86,0.0,4.86,14.23,1.98,16.21
2024-07-01,2024,South Zone,Telangana,तेलंगाना,15.55,0.1,15.65,3.49,0.0,3.49,19.04,0.1,19.14
2024-07-01,2024,North-East Zone,Tripura,त्रिपुरा,0.22,0.1,0.32,0.0,0.0,0.0,0.22,0.1,0.32
2024-07-01,2024,North Zone,Uttar Pradesh,उत्तर प्रदेश,21.93,19.27,41.2,0.0,0.0,0.0,21.93,19.27,41.2
2024-07-01,2024,North Zone,Uttarakhand,उत्तराखण्ड,0.98,0.6,0.6,0.85,0.01,0.86,1.83,0.61,2.44
2024-07-01,2024,East Zone,West Bengal,पश्चिम बंगाल,2.62,4.44,7.06,5.09,0.0,5.09,7.72,4.44,12.16
2024-08-01,2024,South Zone,Andhra Pradesh,आन्ध्र प्रदेश,8.68,0.73,9.41,7.21,0.0,7.21,15.89,0.73,16.62
2024-08-01,2024,North-East Zone,Arunachal Pradesh,अरुणाचल प्रदेश,0.33,0.0,0.33,0.0,0.0,0.0,0.33,0.0,0.33
2024-08-01,2024,North-East Zone,Assam,असम,3.27,0.81,4.08,0.0,0.0,0.0,3.27,0.81,4.08
2024-08-01,2024,East Zone,Bihar,बिहार,4.23,4.7,8.93,2.1,0.02,2.12,6.33,4.72,11.05
2024-08-01,2024,West Zone,Chhattisgarh,छत्तीसगढ,15.54,0.08,15.62,8.09,0.0,8.09,23.63,0.08,23.71
2024-08-01,2024,North Zone,Delhi,दिल्ली,0.43,2.45,2.88,0.0,0.0,0.0,0.43,2.45,2.88
2024-08-01,2024,West Zone,Gujarat,गुजरात,3.08,4.87,7.95,0.06,0.0,0.06,3.14,4.87,8.01
2024-08-01,2024,North Zone,Haryana,हरियाणा,33.22,27.27,60.49,0.0,27.43,27.43,33.22,54.7,87.92
2024-08-01,2024,North Zone,Himachal Pradesh,हिमाचल प्रदेश,0.25,0.68,0.93,0.0,0.0,0.0,0.25,0.68,0.93
2024-08-01,2024,North Zone,Jammu & Kashmir,जम्मू और कश्मीर,1.19,1.08,2.27,0.0,0.0,0.0,1.19,1.08,2.27
2024-08-01,2024,East Zone,Jharkhand,झारखण्ड,2.53,1.07,3.6,0.0,0.0,0.0,2.53,1.07,3.6
2024-08-01,2024,South Zone,Karnataka,कर्नाटक,7.02,1.23,8.25,0.0,0.0,0.0,7.02,1.23,8.25
2024-08-01,2024,South Zone,Kerala,केरल,4.79,0.57,5.36,0.0,0.0,0.0,4.79,0.57,5.36
2024-08-01,2024,West Zone,Madhya Pradesh,मध्य प्रदेश,8.31,1.79,10.1,10.2,58.58,68.78,18.51,60.37,78.88
2024-08-01,2024,West Zone,Maharashtra,महाराष्ट्र,7.79,6.44,14.23,2.26,0.0,2.26,10.05,6.44,16.49
2024-08-01,2024,North-East Zone,Manipur,मणिपुर,0.27,0.0,0.27,0.0,0.0,0.0,0.27,0.0,0.27
2024-08-01,2024,North-East Zone,Meghalaya,मेघालय,0.3,0.1,0.4,0.0,0.0,0.0,0.3,0.1,0.4
2024-08-01,2024,North-East Zone,Mizoram,मिजोरम,0.22,0.01,0.23,0.0,0.0,0.0,0.22,0.01,0.23
2024-08-01,2024,North-East Zone,Nagaland,नागालैंड,0.44,0.0,0.44,0.0,0.0,0.0,0.44,0.0,0.44
2024-08-01,2024,East Zone,Odisha,ओडिशा,3.46,0.55,4.01,2.76,0.0,2.76,6.22,0.55,6.77
2024-08-01,2024,North Zone,Punjab,पंजाब,121.64,15.21,136.85,0.0,68.12,68.12,121.64,83.33,204.97
2024-08-01,2024,North Zone,Rajasthan,राजस्थान,0.25,15.05,15.3,0.0,0.0,0.0,0.25,15.05,15.3
2024-08-01,2024,South Zone,Tamil Nadu,तमिलनाडु,9.5,1.85,11.35,7.04,0.0,7.04,16.54,1.85,18.39
2024-08-01,2024,South Zone,Telangana,तेलंगाना,15.97,0.1,16.07,2.45,0.0,2.45,18.42,0.1,18.52
2024-08-01,2024,North-East Zone,Tripura,त्रिपुरा,0.22,0.11,0.33,0.0,0.0,0.0,0.22,0.11,0.33
2024-08-01,2024,North Zone,Uttar Pradesh,उत्तर प्रदेश,18.53,21.06,39.59,0.0,0.0,0.0,18.53,21.06,39.59
2024-08-01,2024,North Zone,Uttarakhand,उत्तराखण्ड,1.0,0.65,1.65,0.95,0.0,0.95,1.95,0.65,2.6
2024-08-01,2024,East Zone,West Bengal,पश्चिम बंगाल,3.25,4.55,7.8,6.06,0.0,6.06,9.31,4.55,13.86
2024-09-01,2024,South Zone,Andhra Pradesh,आन्ध्र प्रदेश,8.98,0.72,9.7,6.45,0.0,6.45,15.43,0.72,16.15
2024-09-01,2024,North-East Zone,Arunachal Pradesh,अरुणाचल प्रदेश,0.32,0.0,0.32,0.0,0.0,0.0,0.32,0.0,0.32
2024-09-01,2024,North-East Zone,Assam,असम,3.08,0.78,3.86,0.0,0.0,0.0,3.08,0.78,3.86
2024-09-01,2024,East Zone,Bihar,बिहार,3.97,4.85,8.82,2.34,0.01,2.35,6.31,4.86,11.17
2024-09-01,2024,West Zone,Chhattisgarh,छत्तीसगढ,15.94,0.06,16.0,7.26,0.0,7.26,23.2,0.06,23.26
2024-09-01,2024,North Zone,Delhi,दिल्ली,0.3,2.51,2.81,0.0,0.0,0.0,0.3,2.51,2.81
2024-09-01,2024,West Zone,Gujarat,गुजरात,3.35,5.05,8.4,0.07,0.0,0.07,3.42,5.05,8.47
2024-09-01,2024,North Zone,Haryana,हरियाणा,32.56,27.23,59.79,0.0,22.97,22.97,32.56,50.2,82.76
2024-09-01,2024,North Zone,Himachal Pradesh,हिमाचल प्रदेश,0.26,0.66,0.92,0.0,0.0,0.0,0.26,0.66,0.92
2024-09-01,2024,North Zone,Jammu & Kashmir,जम्मू और कश्मीर,1.22,1.09,2.31,0.0,0.0,0.0,1.22,1.09,2.31
2024-09-01,2024,East Zone,Jharkhand,झारखण्ड,2.5,1.0,3.5,0.0,0.0,0.0,2.5,1.0,3.5
2024-09-01,2024,South Zone,Karnataka,कर्नाटक,7.31,1.09,8.4,0.0,0.0,0.0,7.31,1.09,8.4
2024-09-01,2024,South Zone,Kerala,केरल,4.87,0.52,5.39,0.0,0.0,0.0,4.87,0.52,5.39
2024-09-01,2024,West Zone,Madhya Pradesh,मध्य प्रदेश,8.59,1.79,10.38,8.85,54.81,63.66,17.44,56.6,74.04
2024-09-01,2024,West Zone,Maharashtra,महाराष्ट्र,7.82,6.6,14.42,3.46,0.0,3.46,11.28,6.6,17.88
2024-09-01,2024,North-East Zone,Manipur,मणिपुर,0.39,0.0,0.39,0.0,0.0,0.0,0.39,0.0,0.39
2024-09-01,2024,North-East Zone,Meghalaya,मेघालय,0.31,0.08,0.39,0.0,0.0,0.0,0.31,0.08,0.39
2024-09-01,2024,North-East Zone,Mizoram,मिजोरम,0.18,0.01,0.19,0.0,0.0,0.0,0.18,0.01,0.19
2024-09-01,2024,North-East Zone,Nagaland,नागालैंड,0.45,0.0,0.45,0.0,0.0,0.0,0.45,0.0,0.45
2024-09-01,2024,East Zone,Odisha,ओडिशा,3.84,0.56,4.4,4.75,0.0,4.75,8.59,0.56,9.15
2024-09-01,2024,North Zone,Punjab,पंजाब,120.94,14.72,135.66,0.0,60.15,60.15,120.94,74.87,195.81
2024-09-01,2024,North Zone,Rajasthan,राजस्थान,0.18,14.59,14.77,0.0,0.0,0.0,0.18,14.59,14.77
2024-09-01,2024,South Zone,Tamil Nadu,तमिलनाडु,9.69,1.78,11.47,4.37,0.0,4.37,14.06,1.78,15.84
2024-09-01,2024,South Zone,Telangana,तेलंगाना,16.23,0.15,16.38,1.74,0.0,1.74,17.97,0.15,18.12
2024-09-01,2024,North-East Zone,Tripura,त्रिपुरा,0.27,0.09,0.36,0.0,0.0,0.0,0.27,0.09,0.36
2024-09-01,2024,North Zone,Uttar Pradesh,उत्तर प्रदेश,16.59,20.89,37.48,0.0,0.0,0.0,16.59,20.89,37.48
2024-09-01,2024,North Zone,Uttarakhand,उत्तराखण्ड,1.01,0.7,1.71,0.89,0.0,0.89,1.9,0.7,2.6
2024-09-01,2024,East Zone,West Bengal,पश्चिम बंगाल,3.24,4.29,7.53,5.35,0.0,5.35,8.59,4.29,12.88
2024-10-01,2024,South Zone,Andhra Pradesh,आन्ध्र प्रदेश,9.0,0.72,9.72,5.22,0.0,5.22,14.22,0.72,14.94
2024-10-01,2024,North-East Zone,Arunachal Pradesh,अरुणाचल प्रदेश,0.31,0.0,0.31,0.0,0.0,0.0,0.31,0.0,0.31
2024-10-01,2024,North-East Zone,Assam,असम,3.42,0.73,4.15,0.0,0.0,0.0,3.42,0.73,4.15
2024-10-01,2024,East Zone,Bihar,बिहार,3.92,5.04,8.96,1.54,0.0,1.54,5.46,5.04,10.5
2024-10-01,2024,West Zone,Chhattisgarh,छत्तीसगढ,16.59,0.06,16.65,6.67,0.0,6.67,23.26,0.06,23.32
2024-10-01,2024,North Zone,Delhi,दिल्ली,0.35,2.62,2.97,0.0,0.0,0.0,0.35,2.62,2.97
2024-10-01,2024,West Zone,Gujarat,गुजरात,3.58,5.04,8.62,0.12,0.0,0.12,3.7,5.04,8.74
2024-10-01,2024,North Zone,Haryana,हरियाणा,30.88,26.8,57.68,0.0,18.92,18.92,30.88,45.72,76.6
2024-10-01,2024,North Zone,Himachal Pradesh,हिमाचल प्रदेश,0.23,0.67,0.9,0.0,0.0,0.0,0.23,0.67,0.9
2024-10-01,2024,North Zone,Jammu & Kashmir,जम्मू और कश्मीर,1.23,1.06,2.29,0.0,0.0,0.0,1.23,1.06,2.29
2024-10-01,2024,East Zone,Jharkhand,झारखण्ड,2.74,1.11,3.85,0.0,0.0,0.0,2.74,1.11,3.85
2024-10-01,2024,South Zone,Karnataka,कर्नाटक,7.0,0.97,7.97,0.0,0.0,0.0,7.0,0.97,7.97
2024-10-01,2024,South Zone,Kerala,केरल,4.84,0.52,5.36,0.0,0.0,0.0,4.84,0.52,5.36
2024-10-01,2024,West Zone,Madhya Pradesh,मध्य प्रदेश,8.73,1.79,10.52,7.88,51.53,59.41,16.61,53.32,69.93
2024-10-01,2024,West Zone,Maharashtra,महाराष्ट्र,7.82,6.89,14.71,2.84,0.0,2.84,10.66,6.89,17.55
2024-10-01,2024,North-East Zone,Manipur,मणिपुर,0.24,0.0,0.24,0.0,0.0,0.0,0.24,0.0,0.24
2024-10-01,2024,North-East Zone,Meghalaya,मेघालय,0.28,0.08,0.36,0.0,0.0,0.0,0.28,0.08,0.36
2024-10-01,2024,North-East Zone,Mizoram,मिजोरम,0.14,0.01,0.15,0.0,0.0,0.0,0.14,0.01,0.15
2024-10-01,2024,North-East Zone,Nagaland,नागालैंड,0.44,0.0,0.44,0.0,0.0,0.0,0.44,0.0,0.44
2024-10-01,2024,East Zone,Odisha,ओडिशा,3.88,0.62,4.5,4.05,0.0,4.05,7.93,0.62,8.55
2024-10-01,2024,North Zone,Punjab,पंजाब,119.0,14.17,133.17,0.0,53.86,53.86,119.0,68.03,187.03
2024-10-01,2024,North Zone,Rajasthan,राजस्थान,0.21,14.48,14.69,0.0,0.0,0.0,0.21,14.48,14.69
2024-10-01,2024,South Zone,Tamil Nadu,तमिलनाडु,9.66,1.69,11.35,1.39,0.0,1.39,11.05,1.69,12.74
2024-10-01,2024,South Zone,Telangana,तेलंगाना,17.8,0.1,17.9,1.88,0.0,1.88,19.68,0.1,19.78
2024-10-01,2024,North-East Zone,Tripura,त्रिपुरा,0.25,0.06,0.31,0.0,0.0,0.0,0.25,0.06,0.31
2024-10-01,2024,North Zone,Uttar Pradesh,उत्तर प्रदेश,15.18,21.81,36.99,0.0,0.0,0.0,15.18,21.81,36.99
2024-10-01,2024,North Zone,Uttarakhand,उत्तराखण्ड,1.02,0.7,1.72,0.69,0.0,0.69,1.71,0.7,2.41
2024-10-01,2024,East Zone,West Bengal,पश्चिम बंगाल,2.92,4.2,7.12,4.06,0.0,4.06,6.98,4.2,11.18
2024-11-01,2024,South Zone,Andhra Pradesh,आन्ध्र प्रदेश,8.49,0.72,9.21,3.88,0.0,3.88,12.37,0.72,13.09
2024-11-01,2024,North-East Zone,Arunachal Pradesh,अरुणाचल प्रदेश,0.29,0.0,0.29,0.0,0.0,0.0,0.29,0.0,0.29
2024-11-01,2024,North-East Zone,Assam,असम,3.08,0.74,3.82,0.0,0.0,0.0,3.08,0.74,3.82
2024-11-01,2024,East Zone,Bihar,बिहार,3.51,5.1,8.61,0.45,0.0,0.45,3.96,5.1,9.06
2024-11-01,2024,West Zone,Chhattisgarh,छत्तीसगढ,16.77,0.02,16.79,6.89,0.0,6.89,23.66,0.02,23.68
2024-11-01,2024,North Zone,Delhi,दिल्ली,0.27,2.51,2.78,0.0,0.0,0.0,0.27,2.51,2.78
2024-11-01,2024,West Zone,Gujarat,गुजरात,3.42,5.08,8.5,0.04,0.0,0.04,3.46,5.08,8.54
2024-11-01,2024,North Zone,Haryana,हरियाणा,27.32,26.15,53.47,0.0,16.71,16.71,27.32,42.86,70.18
2024-11-01,2024,North Zone,Himachal Pradesh,हिमाचल प्रदेश,0.23,0.65,0.88,0.02,0.0,0.02,0.25,0.65,0.9
2024-11-01,2024,North Zone,Jammu & Kashmir,जम्मू और कश्मीर,1.29,1.01,2.3,0.0,0.0,0.0,1.29,1.01,2.3
2024-11-01,2024,East Zone,Jharkhand,झारखण्ड,2.58,1.07,3.65,0.0,0.0,0.0,2.58,1.07,3.65
2024-11-01,2024,South Zone,Karnataka,कर्नाटक,7.69,1.04,8.73,0.0,0.0,0.0,7.69,1.04,8.73
2024-11-01,2024,South Zone,Kerala,केरल,4.93,0.5,5.43,0.0,0.0,0.0,4.93,0.5,5.43
2024-11-01,2024,West Zone,Madhya Pradesh,मध्य प्रदेश,8.72,1.78,10.5,7.39,49.02,56.41,16.11,50.8,66.91
2024-11-01,2024,West Zone,Maharashtra,महाराष्ट्र,7.13,6.98,14.11,2.57,0.0,2.57,9.7,6.98,16.68
2024-11-01,2024,North-East Zone,Manipur,मणिपुर,0.21,0.0,0.21,0.0,0.0,0.0,0.21,0.0,0.21
2024-11-01,2024,North-East Zone,Meghalaya,मेघालय,0.27,0.1,0.37,0.0,0.0,0.0,0.27,0.1,0.37
2024-11-01,2024,North-East Zone,Mizoram,मिजोरम,0.07,0.0,0.07,0.0,0.0,0.0,0.07,0.0,0.07
2024-11-01,2024,North-East Zone,Nagaland,नागालैंड,0.45,0.0,0.45,0.0,0.0,0.0,0.45,0.0,0.45
2024-11-01,2024,East Zone,Odisha,ओडिशा,3.72,0.76,4.48,4.25,0.0,4.25,7.97,0.76,8.73
2024-11-01,2024,North Zone,Punjab,पंजाब,114.76,13.13,127.89,0.0,46.86,46.86,114.76,59.99,174.75
2024-11-01,2024,North Zone,Rajasthan,राजस्थान,0.25,14.59,14.84,0.0,0.0,0.0,0.25,14.59,14.84
2024-11-01,2024,South Zone,Tamil Nadu,तमिलनाडु,9.94,1.56,11.5,3.33,0.0,3.33,13.27,1.56,14.83
2024-11-01,2024,South Zone,Telangana,तेलंगाना,16.44,0.16,16.6,1.36,0.0,1.36,17.8,0.16,17.96
2024-11-01,2024,North-East Zone,Tripura,त्रिपुरा,0.3,0.09,0.39,0.0,0.0,0.0,0.3,0.09,0.39
2024-11-01,2024,North Zone,Uttar Pradesh,उत्तर प्रदेश,14.33,20.12,34.45,0.0,0.0,0.0,14.33,20.12,34.45
2024-11-01,2024,North Zone,Uttarakhand,उत्तराखण्ड,0.99,0.63,1.62,0.41,0.0,0.41,1.4,0.63,2.03
2024-11-01,2024,East Zone,West Bengal,पश्चिम बंगाल,2.51,4.36,6.87,3.13,0.0,3.13,5.64,4.36,10.0
2024-12-01,2024,South Zone,Andhra Pradesh,आन्ध्र प्रदेश,8.01,0.7,8.71,2.26,0.0,2.26,10.27,0.7,10.97
2024-12-01,2024,North-East Zone,Arunachal Pradesh,अरुणाचल प्रदेश,0.29,0.0,0.29,0.0,0.0,0.0,0.29,0.0,0.29
2024-12-01,2024,North-East Zone,Assam,असम,3.18,0.66,3.84,0.0,0.0,0.0,3.18,0.66,3.84
2024-12-01,2024,East Zone,Bihar,बिहार,2.57,5.48,8.05,0.16,0.0,0.16,2.73,5.48,8.21
2024-12-01,2024,West Zone,Chhattisgarh,छत्तीसगढ,16.16,0.03,16.19,6.33,0.0,6.33,22.49,0.03,22.52
2024-12-01,2024,North Zone,Delhi,दिल्ली,0.63,2.19,2.82,0.0,0.0,0.0,0.63,2.19,2.82
2024-12-01,2024,West Zone,Gujarat,गुजरात,3.42,4.89,8.31,0.23,0.0,0.23,3.65,4.89,8.54
2024-12-01,2024,North Zone,Haryana,हरियाणा,25.22,24.74,49.96,0.0,13.31,13.31,25.22,38.05,63.27
2024-12-01,2024,North Zone,Himachal Pradesh,हिमाचल प्रदेश,0.29,0.69,0.98,0.01,0.0,0.01,0.3,0.69,0.99
2024-12-01,2024,North Zone,Jammu & Kashmir,जम्मू और कश्मीर,1.27,0.86,2.13,0.0,0.0,0.0,1.27,0.86,2.13
2024-12-01,2024,East Zone,Jharkhand,झारखण्ड,2.32,1.09,3.41,0.0,0.0,0.0,2.32,1.09,3.41
2024-12-01,2024,South Zone,Karnataka,कर्नाटक,7.1,1.0,8.1,0.0,0.0,0.0,7.1,1.0,8.1
2024-12-01,2024,South Zone,Kerala,केरल,4.79,0.44,5.23,0.0,0.0,0.0,4.79,0.44,5.23
2024-12-01,2024,West Zone,Madhya Pradesh,मध्य प्रदेश,8.43,1.77,10.2,6.93,47.2,54.13,15.36,48.97,64.33
2024-12-01,2024,West Zone,Maharashtra,महाराष्ट्र,6.85,6.89,13.74,2.29,0.0,2.29,9.14,6.89,16.03
2024-12-01,2024,North-East Zone,Manipur,मणिपुर,0.12,0.0,0.12,0.0,0.0,0.0,0.12,0.0,0.12
2024-12-01,2024,North-East Zone,Meghalaya,मेघालय,0.26,0.07,0.33,0.0,0.0,0.0,0.26,0.07,0.33
2024-12-01,2024,North-East Zone,Mizoram,मिजोरम,0.05,0.01,0.06,0.0,0.0,0.0,0.05,0.01,0.06
2024-12-01,2024,North-East Zone,Nagaland,नागालैंड,0.42,0.0,0.42,0.0,0.0,0.0,0.42,0.0,0.42
2024-12-01,2024,East Zone,Odisha,ओडिशा,3.25,0.77,4.02,4.04,0.0,4.04,7.29,0.77,8.06
2024-12-01,2024,North Zone,Punjab,पंजाब,109.86,11.23,121.09,0.0,38.94,38.94,109.86,50.17,160.03
2024-12-01,2024,North Zone,Rajasthan,राजस्थान,0.23,14.85,15.08,0.0,0.0,0.0,0.23,14.85,15.08
2024-12-01,2024,South Zone,Tamil Nadu,तमिलनाडु,9.98,1.33,11.31,3.39,0.0,3.39,13.37,1.33,14.7
2024-12-01,2024,South Zone,Telangana,तेलंगाना,15.22,0.09,15.31,0.83,0.0,0.83,16.05,0.09,16.14
2024-12-01,2024,North-East Zone,Tripura,त्रिपुरा,0.21,0.1,0.31,0.0,0.0,0.0,0.21,0.1,0.31
2024-12-01,2024,North Zone,Uttar Pradesh,उत्तर प्रदेश,14.19,18.8,32.99,0.0,0.0,0.0,14.19,18.8,32.99
2024-12-01,2024,North Zone,Uttarakhand,उत्तराखण्ड,0.96,0.61,1.57,0.14,0.0,0.14,1.1,0.61,1.71
2024-12-01,2024,East Zone,West Bengal,पश्चिम बंगाल,2.2,5.25,7.45,2.18,0.0,2.18,4.38,5.25,9.63
2025-01-01,2025,South Zone,Andhra Pradesh,आन्ध्र प्रदेश,7.96,0.66,8.62,4.81,0.0,4.81,12.77,0.66,13.43
2025-01-01,2025,North-East Zone,Arunachal Pradesh,अरुणाचल प्रदेश,0.31,0.0,0.31,0.0,0.0,0.0,0.31,0.0,0.31
2025-01-01,2025,North-East Zone,Assam,असम,3.1,0.74,3.84,0.0,0.0,0.0,3.1,0.74,3.84
2025-01-01,2025,East Zone,Bihar,बिहार,2.19,6.0,8.19,0.41,0.0,0.41,2.6,6.0,8.6
2025-01-01,2025,West Zone,Chhattisgarh,छत्तीसगढ,17.63,0.05,17.68,5.26,0.0,5.26,22.89,0.05,22.94
2025-01-01,2025,North Zone,Delhi,दिल्ली,0.85,1.72,2.57,0.0,0.0,0.0,0.85,1.72,2.57
2025-01-01,2025,West Zone,Gujarat,गुजरात,3.65,4.79,8.44,0.04,0.0,0.04,3.69,4.79,8.48
2025-01-01,2025,North Zone,Haryana,हरियाणा,26.95,22.98,49.93,0.0,10.39,10.39,26.95,33.37,60.32
2025-01-01,2025,North Zone,Himachal Pradesh,हिमाचल प्रदेश,0.32,0.7,1.02,0.01,0.0,0.01,0.33,0.7,1.03
2025-01-01,2025,North Zone,Jammu & Kashmir,जम्मू और कश्मीर,1.58,0.81,2.39,0.0,0.0,0.0,1.58,0.81,2.39
2025-01-01,2025,East Zone,Jharkhand,झारखण्ड,2.39,0.97,3.36,0.0,0.0,0.0,2.39,0.97,3.36
2025-01-01,2025,South Zone,Karnataka,कर्नाटक,6.97,0.82,7.79,0.0,0.0,0.0,6.97,0.82,7.79
2025-01-01,2025,South Zone,Kerala,केरल,4.79,0.5,5.29,0.0,0.0,0.0,4.79,0.5,5.29
2025-01-01,2025,West Zone,Madhya Pradesh,मध्य प्रदेश,8.21,1.76,9.97,6.34,44.45,50.79,14.55,46.21,60.76
2025-01-01,2025,West Zone,Maharashtra,महाराष्ट्र,6.65,7.27,13.92,2.03,0.0,2.03,8.68,7.27,15.95
2025-01-01,2025,North-East Zone,Manipur,मणिपुर,0.14,0.0,0.14,0.0,0.0,0.0,0.14,0.0,0.14
2025-01-01,2025,North-East Zone,Meghalaya,मेघालय,0.26,0.07,0.33,0.0,0.0,0.0,0.26,0.07,0.33
2025-01-01,2025,North-East Zone,Mizoram,मिजोरम,0.1,0.02,0.12,0.0,0.0,0.0,0.1,0.02,0.12
2025-01-01,2025,North-East Zone,Nagaland,नागालैंड,0.48,0.0,0.48,0.0,0.0,0.0,0.48,0.0,0.48
2025-01-01,2025,East Zone,Odisha,ओडिशा,2.7,0.73,3.43,2.92,0.0,2.92,5.62,0.73,6.35
2025-01-01,2025,North Zone,Punjab,पंजाब,108.64,9.51,118.15,0.0,29.67,29.67,108.64,39.18,147.82
2025-01-01,2025,North Zone,Rajasthan,राजस्थान,0.28,14.75,15.03,0.0,0.0,0.0,0.28,14.75,15.03
2025-01-01,2025,South Zone,Tamil Nadu,तमिलनाडु,10.12,1.33,11.45,4.14,0.0,4.14,14.26,1.33,15.59
2025-01-01,2025,South Zone,Telangana,तेलंगाना,12.12,0.16,12.28,1.33,0.0,1.33,13.45,0.16,13.61
2025-01-01,2025,North-East Zone,Tripura,त्रिपुरा,0.33,0.08,0.41,0.0,0.0,0.0,0.33,0.08,0.41
2025-01-01,2025,North Zone,Uttar Pradesh,उत्तर प्रदेश,25.15,15.79,40.94,0.0,0.0,0.0,25.15,15.79,40.94
2025-01-01,2025,North Zone,Uttarakhand,उत्तराखण्ड,1.0,0.56,1.56,0.31,0.0,0.31,1.31,0.56,1.87
2025-01-01,2025,East Zone,West Bengal,पश्चिम बंगाल,2.01,5.52,7.53,2.81,0.0,2.81,4.82,5.52,10.34
2025-02-01,2025,South Zone,Andhra Pradesh,आन्ध्र प्रदेश,9.53,0.62,10.15,6.6,0.0,6.6,16.13,0.62,16.75
2025-02-01,2025,North-East Zone,Arunachal Pradesh,अरुणाचल प्रदेश,0.3,0.0,0.3,0.0,0.0,0.0,0.3,0.0,0.3
2025-02-01,2025,North-East Zone,Assam,असम,2.8,0.88,3.68,0.0,0.0,0.0,2.8,0.88,3.68
2025-02-01,2025,East Zone,Bihar,बिहार,2.01,6.34,8.35,4.22,0.0,4.22,6.23,6.34,12.57
2025-02-01,2025,West Zone,Chhattisgarh,छत्तीसगढ,17.6,0.01,17.61,7.25,0.0,7.25,24.85,0.01,24.86
2025-02-01,2025,North Zone,Delhi,दिल्ली,1.05,1.3,2.35,0.0,0.0,0.0,1.05,1.3,2.35
2025-02-01,2025,West Zone,Gujarat,गुजरात,3.82,4.58,8.4,0.0,0.0,0.0,3.82,4.58,8.4
2025-02-01,2025,North Zone,Haryana,हरियाणा,34.53,20.98,55.51,0.0,6.75,6.75,34.53,27.73,62.26
2025-02-01,2025,North Zone,Himachal Pradesh,हिमाचल प्रदेश,0.29,0.66,0.95,0.01,0.0,0.01,0.3,0.66,0.96
2025-02-01,2025,North Zone,Jammu & Kashmir,जम्मू और कश्मीर,1.59,0.69,2.28,0.0,0.0,0.0,1.59,0.69,2.28
2025-02-01,2025,East Zone,Jharkhand,झारखण्ड,2.4,0.88,3.28,0.0,0.0,0.0,2.4,0.88,3.28
2025-02-01,2025,South Zone,Karnataka,कर्नाटक,7.46,0.76,8.22,0.0,0.0,0.0,7.46,0.76,8.22
2025-02-01,2025,South Zone,Kerala,केरल,4.85,0.53,5.38,0.0,0.0,0.0,4.85,0.53,5.38
2025-02-01,2025,West Zone,Madhya Pradesh,मध्य प्रदेश,9.03,1.66,10.69,8.31,42.09,50.4,17.34,43.75,61.09
2025-02-01,2025,West Zone,Maharashtra,महाराष्ट्र,6.97,7.82,14.79,2.75,0.0,2.75,9.72,7.82,17.54
2025-02-01,2025,North-East Zone,Manipur,मणिपुर,0.24,0.0,0.24,0.0,0.0,0.0,0.24,0.0,0.24
2025-02-01,2025,North-East Zone,Meghalaya,मेघालय,0.23,0.05,0.28,0.0,0.0,0.0,0.23,0.05,0.28
2025-02-01,2025,North-East Zone,Mizoram,मिजोरम,0.15,0.02,0.17,0.0,0.0,0.0,0.15,0.02,0.17
2025-02-01,2025,North-East Zone,Nagaland,नागालैंड,0.44,0.0,0.44,0.0,0.0,0.0,0.44,0.0,0.44
2025-02-01,2025,East Zone,Odisha,ओडिशा,2.03,0.68,2.71,2.42,0.0,2.42,4.45,0.68,5.13
2025-02-01,2025,North Zone,Punjab,पंजाब,123.04,7.84,130.88,0.0,20.87,20.87,123.04,28.71,151.75
2025-02-01,2025,North Zone,Rajasthan,राजस्थान,0.3,13.52,13.82,0.0,0.0,0.0,0.3,13.52,13.82
2025-02-01,2025,South Zone,Tamil Nadu,तमिलनाडु,10.0,1.46,11.46,4.55,0.0,4.55,14.55,1.46,16.01
2025-02-01,2025,South Zone,Telangana,तेलंगाना,11.77,0.22,11.99,4.23,0.0,4.23,16.0,0.22,16.22
2025-02-01,2025,North-East Zone,Tripura,त्रिपुरा,0.4,0.06,0.46,0.0,0.0,0.0,0.4,0.06,0.46
2025-02-01,2025,North Zone,Uttar Pradesh,उत्तर प्रदेश,35.44,12.69,48.13,0.0,0.0,0.0,35.44,12.69,48.13
2025-02-01,2025,North Zone,Uttarakhand,उत्तराखण्ड,1.21,0.54,1.75,0.64,0.0,0.64,1.85,0.54,2.39
2025-02-01,2025,East Zone,West Bengal,पश्चिम बंगाल,1.88,5.45,7.33,4.11,0.0,4.11,5.99,5.45,11.44
2025-03-01,2025,South Zone,Andhra Pradesh,आन्ध्र प्रदेश,9.82,0.57,10.39,8.26,0.0,8.26,18.08,0.57,18.65
2025-03-01,2025,North-East Zone,Arunachal Pradesh,अरुणाचल प्रदेश,0.36,0.0,0.36,0.0,0.0,0.0,0.36,0.0,0.36
2025-03-01,2025,North-East Zone,Assam,असम,2.57,0.92,3.49,0.0,0.0,0.0,2.57,0.92,3.49
2025-03-01,2025,East Zone,Bihar,बिहार,2.16,6.7,8.86,7.38,0.0,7.38,9.54,6.7,16.24
2025-03-01,2025,West Zone,Chhattisgarh,छत्तीसगढ,18.42,0.03,18.45,7.75,0.0,7.75,26.17,0.03,26.2
2025-03-01,2025,North Zone,Delhi,दिल्ली,1.23,1.13,2.36,0.0,0.0,0.0,1.23,1.13,2.36
2025-03-01,2025,West Zone,Gujarat,गुजरात,3.15,5.03,8.18,0.0,0.0,0.0,3.15,5.03,8.18
2025-03-01,2025,North Zone,Haryana,हरियाणा,39.87,17.06,56.93,0.0,3.3,3.3,39.87,20.36,60.23
2025-03-01,2025,North Zone,Himachal Pradesh,हिमाचल प्रदेश,0.28,0.59,0.87,0.02,0.0,0.02,0.3,0.59,0.89
2025-03-01,2025,North Zone,Jammu & Kashmir,जम्मू और कश्मीर,1.5,0.68,2.18,0.0,0.0,0.0,1.5,0.68,2.18
2025-03-01,2025,East Zone,Jharkhand,झारखण्ड,2.62,0.8,3.42,0.0,0.0,0.0,2.62,0.8,3.42
2025-03-01,2025,South Zone,Karnataka,कर्नाटक,7.67,0.53,8.2,0.0,0.0,0.0,7.67,0.53,8.2
2025-03-01,2025,South Zone,Kerala,केरल,4.48,0.45,4.93,0.0,0.0,0.0,4.48,0.45,4.93
2025-03-01,2025,West Zone,Madhya Pradesh,मध्य प्रदेश,11.0,1.49,12.49,8.46,38.75,47.21,19.46,40.24,59.7
2025-03-01,2025,West Zone,Maharashtra,महाराष्ट्र,7.01,8.02,15.03,2.95,0.0,2.95,9.96,8.02,17.98
2025-03-01,2025,North-East Zone,Manipur,मणिपुर,0.42,0.0,0.42,0.0,0.0,0.0,0.42,0.0,0.42
2025-03-01,2025,North-East Zone,Meghalaya,मेघालय,0.21,0.04,0.25,0.0,0.0,0.0,0.21,0.04,0.25
2025-03-01,2025,North-East Zone,Mizoram,मिजोरम,0.15,0.01,0.16,0.0,0.0,0.0,0.15,0.01,0.16
2025-03-01,2025,North-East Zone,Nagaland,नागालैंड,0.39,0.0,0.39,0.0,0.0,0.0,0.39,0.0,0.39
2025-03-01,2025,East Zone,Odisha,ओडिशा,2.24,0.56,2.8,2.96,0.0,2.96,5.2,0.56,5.76
2025-03-01,2025,North Zone,Punjab,पंजाब,127.86,5.81,133.67,0.0,9.72,9.72,127.86,15.53,143.39
2025-03-01,2025,North Zone,Rajasthan,राजस्थान,0.24,11.56,11.8,0.0,0.0,0.0,0.24,11.56,11.8
2025-03-01,2025,South Zone,Tamil Nadu,तमिलनाडु,10.21,1.5,11.71,6.81,0.0,6.81,17.02,1.5,18.52
2025-03-01,2025,South Zone,Telangana,तेलंगाना,11.22,0.29,11.51,6.64,0.0,6.64,17.86,0.29,18.15
2025-03-01,2025,North-East Zone,Tripura,त्रिपुरा,0.41,0.06,0.47,0.0,0.0,0.0,0.41,0.06,0.47
2025-03-01,2025,North Zone,Uttar Pradesh,उत्तर प्रदेश,38.55,10.09,48.64,0.0,0.0,0.0,38.55,10.09,48.64
2025-03-01,2025,North Zone,Uttarakhand,उत्तराखण्ड,1.31,0.42,1.73,0.87,0.0,0.87,2.18,0.42,2.6
2025-03-01,2025,East Zone,West Bengal,पश्चिम बंगाल,1.51,5.64,7.15,4.75,0.0,4.75,6.26,5.64,11.9
2025-04-01,2025,South Zone,Andhra Pradesh,आन्ध्र प्रदेश,8.5,0.5,9.0,9.4,0.0,9.4,17.9,0.5,18.4
2025-04-01,2025,North-East Zone,Arunachal Pradesh,अरुणाचल प्रदेश,0.36,0.0,0.36,0.0,0.0,0.0,0.36,0.0,0.36
2025-04-01,2025,North-East Zone,Assam,असम,3.05,0.52,3.57,0.0,0.0,0.0,3.05,0.52,3.57
2025-04-01,2025,East Zone,Bihar,बिहार,2.77,6.35,9.12,7.77,0.0,7.77,10.54,6.35,16.89
2025-04-01,2025,West Zone,Chhattisgarh,छत्तीसगढ,18.43,0.04,18.47,8.09,0.0,7.29,26.52,0.04,26.56
2025-04-01,2025,North Zone,Delhi,दिल्ली,1.18,1.06,2.24,0.0,0.0,0.0,1.18,1.06,2.24
2025-04-01,2025,West Zone,Gujarat,गुजरात,3.25,5.34,8.59,0.0,0.0,0.0,3.25,5.34,8.59
2025-04-01,2025,North Zone,Haryana,हरियाणा,43.36,9.96,53.32,0.0,1.14,1.14,43.36,11.1,54.46
2025-04-01,2025,North Zone,Himachal Pradesh,हिमाचल प्रदेश,0.28,0.54,0.82,0.0,0.0,0.0,0.28,0.54,0.82
2025-04-01,2025,North Zone,Jammu & Kashmir,जम्मू और कश्मीर,1.37,0.72,2.09,0.0,0.0,0.0,1.37,0.72,2.09
2025-04-01,2025,East Zone,Jharkhand,झारखण्ड,2.67,0.84,3.51,0.0,0.0,0.0,2.67,0.84,3.51
2025-04-01,2025,South Zone,Karnataka,कर्नाटक,7.72,0.34,8.06,0.0,0.0,0.0,7.72,0.34,8.06
2025-04-01,2025,South Zone,Kerala,केरल,4.5,0.4,4.9,0.0,0.0,0.0,4.5,0.4,4.9
2025-04-01,2025,West Zone,Madhya Pradesh,मध्य प्रदेश,11.96,1.33,13.29,8.81,44.2,53.01,20.77,45.53,66.3
2025-04-01,2025,West Zone,Maharashtra,महाराष्ट्र,7.32,8.13,15.45,2.76,0.0,2.76,10.08,8.13,18.21
2025-04-01,2025,North-East Zone,Manipur,मणिपुर,0.41,0.0,0.41,0.0,0.0,0.0,0.41,0.0,0.41
2025-04-01,2025,North-East Zone,Meghalaya,मेघालय,0.17,0.02,0.19,0.0,0.0,0.0,0.17,0.02,0.19
2025-04-01,2025,North-East Zone,Mizoram,मिजोरम,0.2,0.01,0.21,0.0,0.0,0.0,0.2,0.01,0.21
2025-04-01,2025,North-East Zone,Nagaland,नागालैंड,0.43,0.0,0.43,0.0,0.0,0.0,0.43,0.0,0.43
2025-04-01,2025,East Zone,Odisha,ओडिशा,3.5,0.4,3.9,3.6,0.0,3.6,7.1,0.4,7.5
2025-04-01,2025,North Zone,Punjab,पंजाब,133.87,4.38,138.25,0.0,3.01,3.01,133.87,7.39,141.26
2025-04-01,2025,North Zone,Rajasthan,राजस्थान,0.3,9.58,9.88,0.0,0.0,0.0,0.3,9.58,9.88
2025-04-01,2025,South Zone,Tamil Nadu,तमिलनाडु,10.39,1.63,12.02,4.18,0.0,4.18,14.57,1.63,16.2
2025-04-01,2025,South Zone,Telangana,तेलंगाना,12.37,0.33,12.7,7.12,0.0,7.12,19.49,0.33,19.82
2025-04-01,2025,North-East Zone,Tripura,त्रिपुरा,0.41,0.04,0.45,0.0,0.0,0.0,0.41,0.04,0.45
2025-04-01,2025,North Zone,Uttar Pradesh,उत्तर प्रदेश,37.66,8.07,45.73,0.0,0.0,0.0,37.66,8.07,45.73
2025-04-01,2025,North Zone,Uttarakhand,उत्तराखण्ड,1.34,0.43,1.77,1.0,0.0,1.0,2.34,0.43,2.77
2025-04-01,2025,East Zone,West Bengal,पश्चिम बंगाल,1.46,6.18,7.64,5.0,0.0,5.0,6.46,6.18,12.64
2025-05-01,2025,South Zone,Andhra Pradesh,आन्ध्र प्रदेश,7.56,0.51,8.07,9.38,0.0,9.38,16.94,0.51,17.45
2025-05-01,2025,North-East Zone,Arunachal Pradesh,अरुणाचल प्रदेश,0.35,0.0,0.35,0.0,0.0,0.0,0.35,0.0,0.35
2025-05-01,2025,North-East Zone,Assam,असम,2.93,0.6,3.53,0.0,0.0,0.0,2.93,0.6,3.53
2025-05-01,2025,East Zone,Bihar,बिहार,2.8,6.25,9.05,8.09,0.03,8.12,10.89,6.28,17.17
2025-05-01,2025,West Zone,Chhattisgarh,छत्तीसगढ,18.27,0.02,18.29,7.77,0.0,7.29,26.04,0.02,26.06
2025-05-01,2025,North Zone,Delhi,दिल्ली,1.08,1.32,2.4,0.0,0.0,0.0,1.08,1.32,2.4
2025-05-01,2025,West Zone,Gujarat,गुजरात,3.1,5.92,9.02,0.0,0.03,0.03,3.1,5.95,9.05
2025-05-01,2025,North Zone,Haryana,हरियाणा,44.11,20.47,64.58,0.0,34.7,34.7,44.11,55.17,99.28
2025-05-01,2025,North Zone,Himachal Pradesh,हिमाचल प्रदेश,0.25,0.53,0.78,0.0,0.02,0.02,0.25,0.55,0.8
2025-05-01,2025,North Zone,Jammu & Kashmir,जम्मू और कश्मीर,1.05,0.84,1.89,0.0,0.0,0.0,1.05,0.84,1.89
2025-05-01,2025,East Zone,Jharkhand,झारखण्ड,2.61,0.88,3.49,0.0,0.0,0.0,2.61,0.88,3.49
2025-05-01,2025,South Zone,Karnataka,कर्नाटक,8.0,0.42,8.42,0.0,0.0,0.0,8.0,0.42,8.42
2025-05-01,2025,South Zone,Kerala,केरल,4.61,0.49,5.1,0.0,0.0,0.0,4.61,0.49,5.1
2025-05-01,2025,West Zone,Madhya Pradesh,मध्य प्रदेश,10.91,2.16,13.07,8.2,101.16,109.36,19.11,103.32,122.43
2025-05-01,2025,West Zone,Maharashtra,महाराष्ट्र,7.01,8.71,15.72,3.85,0.0,3.85,10.86,8.71,19.57
2025-05-01,2025,North-East Zone,Manipur,मणिपुर,0.47,0.0,0.47,0.0,0.0,0.0,0.47,0.0,0.47
2025-05-01,2025,North-East Zone,Meghalaya,मेघालय,0.18,0.03,0.21,0.0,0.0,0.0,0.18,0.03,0.21
2025-05-01,2025,North-East Zone,Mizoram,मिजोरम,0.17,0.01,0.18,0.0,0.0,0.0,0.17,0.01,0.18
2025-05-01,2025,North-East Zone,Nagaland,नागालैंड,0.4,0.0,0.4,0.0,0.0,0.0,0.4,0.0,0.4
2025-05-01,2025,East Zone,Odisha,ओडिशा,4.31,0.42,4.73,3.0,0.0,3.0,7.31,0.42,7.73
2025-05-01,2025,North Zone,Punjab,पंजाब,140.43,5.83,146.26,0.0,45.43,45.43,140.43,51.26,191.69
2025-05-01,2025,North Zone,Rajasthan,राजस्थान,0.3,17.05,17.35,0.0,0.0,0.0,0.3,17.05,17.35
2025-05-01,2025,South Zone,Tamil Nadu,तमिलनाडु,9.98,1.63,11.61,2.2,0.0,2.2,12.18,1.63,13.81
2025-05-01,2025,South Zone,Telangana,तेलंगाना,13.13,0.28,13.41,7.15,0.0,7.15,20.28,0.28,20.56
2025-05-01,2025,North-East Zone,Tripura,त्रिपुरा,0.34,0.05,0.39,0.0,0.0,0.0,0.34,0.05,0.39
2025-05-01,2025,North Zone,Uttar Pradesh,उत्तर प्रदेश,34.27,11.39,45.66,0.0,0.0,0.0,34.27,11.39,45.66
2025-05-01,2025,North Zone,Uttarakhand,उत्तराखण्ड,1.34,0.45,1.79,1.01,0.0,1.01,2.35,0.45,2.8
2025-05-01,2025,East Zone,West Bengal,पश्चिम बंगाल,1.57,6.45,8.02,5.07,0.0,5.07,6.64,6.45,13.09
2025-06-01,2025,South Zone,Andhra Pradesh,आन्ध्र प्रदेश,7.66,0.65,8.31,9.46,0.0,9.46,17.12,0.65,17.77
2025-06-01,2025,North-East Zone,Arunachal Pradesh,अरुणाचल प्रदेश,0.34,0.0,0.34,0.0,0.0,0.0,0.34,0.0,0.34
2025-06-01,2025,North-East Zone,Assam,असम,1.69,0.62,2.31,0.0,0.0,0.0,1.69,0.62,2.31
2025-06-01,2025,East Zone,Bihar,बिहार,2.65,6.77,9.42,6.91,0.03,6.94,9.56,6.8,16.36
2025-06-01,2025,West Zone,Chhattisgarh,छत्तीसगढ,17.75,0.01,17.76,7.52,0.0,7.52,25.27,0.01,25.28
2025-06-01,2025,North Zone,Delhi,दिल्ली,1.22,1.59,2.81,0.0,0.0,0.0,1.22,1.59,2.81
2025-06-01,2025,West Zone,Gujarat,गुजरात,2.5,6.36,8.86,0.04,0.04,0.08,2.54,6.4,8.94
2025-06-01,2025,North Zone,Haryana,हरियाणा,42.7,25.07,67.77,0.0,48.04,48.04,42.7,73.11,115.81
2025-06-01,2025,North Zone,Himachal Pradesh,हिमाचल प्रदेश,0.18,0.64,0.82,0.0,0.01,0.01,0.18,0.65,0.83
2025-06-01,2025,North Zone,Jammu & Kashmir,जम्मू और कश्मीर,1.12,0.89,2.01,0.0,0.0,0.0,1.12,0.89,2.01
2025-06-01,2025,East Zone,Jharkhand,झारखण्ड,2.2,1.07,3.27,0.0,0.0,0.0,2.2,1.07,3.27
2025-06-01,2025,South Zone,Karnataka,कर्नाटक,8.48,0.54,9.02,0.0,0.0,0.0,8.48,0.54,9.02
2025-06-01,2025,South Zone,Kerala,केरल,4.83,0.46,5.29,0.0,0.0,0.0,4.83,0.46,5.29
2025-06-01,2025,West Zone,Madhya Pradesh,मध्य प्रदेश,10.8,2.66,13.46,8.34,109.06,117.4,19.14,111.72,130.86
2025-06-01,2025,West Zone,Maharashtra,महाराष्ट्र,6.86,8.9,15.76,4.47,0.0,4.47,11.33,8.9,20.23
2025-06-01,2025,North-East Zone,Manipur,मणिपुर,0.35,0.0,0.35,0.0,0.0,0.0,0.35,0.0,0.35
2025-06-01,2025,North-East Zone,Meghalaya,मेघालय,0.15,0.01,0.16,0.0,0.0,0.0,0.15,0.01,0.16
2025-06-01,2025,North-East Zone,Mizoram,मिजोरम,0.21,0.01,0.22,0.0,0.0,0.0,0.21,0.01,0.22
2025-06-01,2025,North-East Zone,Nagaland,नागालैंड,0.47,0.0,0.47,0.0,0.0,0.0,0.47,0.0,0.47
2025-06-01,2025,East Zone,Odisha,ओडिशा,4.44,0.31,4.75,3.19,0.0,3.19,7.63,0.31,7.94
2025-06-01,2025,North Zone,Punjab,पंजाब,142.74,14.68,157.42,0.0,86.34,86.34,142.74,101.02,243.76
2025-06-01,2025,North Zone,Rajasthan,राजस्थान,0.25,22.85,23.1,0.0,0.0,0.0,0.25,22.85,23.1
2025-06-01,2025,South Zone,Tamil Nadu,तमिलनाडु,10.01,1.78,11.79,5.19,0.0,5.19,15.2,1.78,16.98
2025-06-01,2025,South Zone,Telangana,तेलंगाना,15.55,0.35,15.9,6.53,0.0,6.53,22.08,0.35,22.43
2025-06-01,2025,North-East Zone,Tripura,त्रिपुरा,0.31,0.07,0.38,0.0,0.0,0.0,0.31,0.07,0.38
2025-06-01,2025,North Zone,Uttar Pradesh,उत्तर प्रदेश,29.34,18.1,47.44,0.0,0.0,0.0,29.34,18.1,47.44
2025-06-01,2025,North Zone,Uttarakhand,उत्तराखण्ड,1.12,0.68,1.8,0.77,0.0,0.77,1.89,0.68,2.57
2025-06-01,2025,East Zone,West Bengal,पश्चिम बंगाल,0.97,6.12,7.09,5.3,0.0,5.3,6.27,6.12,12.39
2025-07-01,2025,South Zone,Andhra Pradesh,आन्ध्र प्रदेश,8.27,0.66,8.93,8.83,0.0,8.83,17.1,0.66,17.76
2025-07-01,2025,North-East Zone,Arunachal Pradesh,अरुणाचल प्रदेश,0.37,0.0,0.37,0.0,0.0,0.0,0.37,0.0,0.37
2025-07-01,2025,North-East Zone,Assam,असम,3.65,0.6,4.25,0.0,0.0,0.0,3.65,0.6,4.25
2025-07-01,2025,East Zone,Bihar,बिहार,2.93,6.86,9.79,4.61,0.04,4.65,7.54,6.9,14.44
2025-07-01,2025,West Zone,Chhattisgarh,छत्तीसगढ,17.28,0.0,17.28,7.36,0.0,7.36,24.64,0.0,24.64
2025-07-01,2025,North Zone,Delhi,दिल्ली,0.98,2.08,3.06,0.0,0.0,0.0,0.98,2.08,3.06
2025-07-01,2025,West Zone,Gujarat,गुजरात,2.81,6.02,8.83,0.05,0.04,0.09,2.86,6.06,8.92
2025-07-01,2025,North Zone,Haryana,हरियाणा,42.51,24.72,67.23,0.0,44.29,44.29,42.51,69.01,111.52
2025-07-01,2025,North Zone,Himachal Pradesh,हिमाचल प्रदेश,0.2,0.68,0.88,0.0,0.0,0.0,0.2,0.68,0.88
2025-07-01,2025,North Zone,Jammu & Kashmir,जम्मू और कश्मीर,1.47,0.96,2.43,0.0,0.0,0.0,1.47,0.96,2.43
2025-07-01,2025,East Zone,Jharkhand,झारखण्ड,2.48,1.11,3.59,0.0,0.0,0.0,2.48,1.11,3.59
2025-07-01,2025,South Zone,Karnataka,कर्नाटक,9.19,0.59,9.78,0.0,0.0,0.0,9.19,0.59,9.78
2025-07-01,2025,South Zone,Kerala,केरल,4.84,0.67,5.51,0.0,0.0,0.0,4.84,0.67,5.51
2025-07-01,2025,West Zone,Madhya Pradesh,मध्य प्रदेश,10.62,2.7,13.32,7.91,107.39,115.3,18.53,110.09,128.62
2025-07-01,2025,West Zone,Maharashtra,महाराष्ट्र,6.76,9.49,16.25,5.0,0.0,5.0,11.76,9.49,21.25
2025-07-01,2025,North-East Zone,Manipur,मणिपुर,0.44,0.0,0.44,0.0,0.0,0.0,0.44,0.0,0.44
2025-07-01,2025,North-East Zone,Meghalaya,मेघालय,0.23,0.02,0.25,0.0,0.0,0.0,0.23,0.02,0.25
2025-07-01,2025,North-East Zone,Mizoram,मिजोरम,0.24,0.01,0.25,0.0,0.0,0.0,0.24,0.01,0.25
2025-07-01,2025,North-East Zone,Nagaland,नागालैंड,0.39,0.0,0.39,0.0,0.0,0.0,0.39,0.0,0.39
2025-07-01,2025,East Zone,Odisha,ओडिशा,4.52,0.31,4.83,3.72,0.0,3.72,8.24,0.31,8.55
2025-07-01,2025,North Zone,Punjab,पंजाब,145.13,15.95,161.08,0.0,77.3,77.3,145.13,93.25,238.38
2025-07-01,2025,North Zone,Rajasthan,राजस्थान,0.27,24.41,24.68,0.0,0.0,0.0,0.27,24.41,24.68
2025-07-01,2025,South Zone,Tamil Nadu,तमिलनाडु,11.0,1.72,12.72,4.0,0.0,4.0,15.0,1.72,16.72
2025-07-01,2025,South Zone,Telangana,तेलंगाना,17.51,0.28,17.79,3.81,0.0,3.81,21.32,0.28,21.6
2025-07-01,2025,North-East Zone,Tripura,त्रिपुरा,0.29,0.05,0.34,0.0,0.0,0.0,0.29,0.05,0.34
2025-07-01,2025,North Zone,Uttar Pradesh,उत्तर प्रदेश,26.32,20.47,46.79,0.0,0.0,0.0,26.32,20.47,46.79
2025-07-01,2025,North Zone,Uttarakhand,उत्तराखण्ड,0.98,1.0,1.98,0.68,0.01,0.69,1.66,1.01,2.67
2025-07-01,2025,East Zone,West Bengal,पश्चिम बंगाल,1.07,6.58,7.65,5.69,0.0,5.69,6.76,6.58,13.34
2025-08-01,2025,South Zone,Andhra Pradesh,आन्ध्र प्रदेश,9.01,0.65,9.66,8.43,0.0,8.43,17.44,0.65,18.09
2025-08-01,2025,North-East Zone,Arunachal Pradesh,अरुणाचल प्रदेश,0.4,0.0,0.4,0.0,0.0,0.0,0.4,0.0,0.4
2025-08-01,2025,North-East Zone,Assam,असम,4.19,0.7,4.89,0.0,0.0,0.0,4.19,0.7,4.89
2025-08-01,2025,East Zone,Bihar,बिहार,3.3,7.26,10.56,5.27,0.04,5.31,8.57,7.3,15.87
2025-08-01,2025,West Zone,Chhattisgarh,छत्तीसगढ,17.98,0.04,18.02,5.99,0.0,5.99,23.97,0.04,24.01
2025-08-01,2025,North Zone,Delhi,दिल्ली,1.16,2.1,3.26,0.0,0.0,0.0,1.16,2.1,3.26
2025-08-01,2025,West Zone,Gujarat,गुजरात,2.87,6.06,8.93,0.15,0.04,0.19,3.02,6.1,9.12
2025-08-01,2025,North Zone,Haryana,हरियाणा,41.36,24.41,65.77,0.0,41.03,41.03,41.36,65.44,106.8
2025-08-01,2025,North Zone,Himachal Pradesh,हिमाचल प्रदेश,0.25,0.74,0.99,0.0,0.0,0.0,0.25,0.74,0.99
2025-08-01,2025,North Zone,Jammu & Kashmir,जम्मू और कश्मीर,1.68,0.9,2.58,0.0,0.0,0.0,1.68,0.9,2.58
2025-08-01,2025,East Zone,Jharkhand,झारखण्ड,3.12,1.21,4.33,0.0,0.0,0.0,3.12,1.21,4.33
2025-08-01,2025,South Zone,Karnataka,कर्नाटक,9.31,0.44,9.75,0.0,0.0,0.0,9.31,0.44,9.75
2025-08-01,2025,South Zone,Kerala,केरल,5.02,0.7,5.72,0.0,0.0,0.0,5.02,0.7,5.72
2025-08-01,2025,West Zone,Madhya Pradesh,मध्य प्रदेश,10.12,2.7,12.82,6.3,105.27,111.57,16.42,107.97,124.39
2025-08-01,2025,West Zone,Maharashtra,महाराष्ट्र,7.41,9.84,17.25,3.81,0.0,3.81,11.22,9.84,21.06
2025-08-01,2025,North-East Zone,Manipur,मणिपुर,0.5,0.0,0.5,0.0,0.0,0.0,0.5,0.0,0.5
2025-08-01,2025,North-East Zone,Meghalaya,मेघालय,0.26,0.03,0.29,0.0,0.0,0.0,0.26,0.03,0.29
2025-08-01,2025,North-East Zone,Mizoram,मिजोरम,0.24,0.0,0.24,0.0,0.0,0.0,0.24,0.0,0.24
2025-08-01,2025,North-East Zone,Nagaland,नागालैंड,0.48,0.0,0.48,0.0,0.0,0.0,0.48,0.0,0.48
2025-08-01,2025,East Zone,Odisha,ओडिशा,4.78,0.4,5.18,3.52,0.0,3.52,8.3,0.4,8.7
2025-08-01,2025,North Zone,Punjab,पंजाब,146.78,15.64,162.42,0.0,70.86,70.86,146.78,86.5,233.28
2025-08-01,2025,North Zone,Rajasthan,राजस्थान,0.26,23.07,23.33,0.0,0.0,0.0,0.26,23.07,23.33
2025-08-01,2025,South Zone,Tamil Nadu,तमिलनाडु,11.2,1.6,12.8,3.47,0.0,3.47,14.67,1.6,16.27
2025-08-01,2025,South Zone,Telangana,तेलंगाना,18.84,0.24,19.08,3.82,0.0,3.82,22.66,0.24,22.9
2025-08-01,2025,North-East Zone,Tripura,त्रिपुरा,0.4,0.05,0.45,0.0,0.0,0.0,0.4,0.05,0.45
2025-08-01,2025,North Zone,Uttar Pradesh,उत्तर प्रदेश,25.97,21.88,47.85,0.0,0.0,0.0,25.97,21.88,47.85
2025-08-01,2025,North Zone,Uttarakhand,उत्तराखण्ड,0.86,1.15,2.01,0.8,0.01,0.81,1.66,1.16,2.82
2025-08-01,2025,East Zone,West Bengal,पश्चिम बंगाल,1.14,6.63,7.77,5.77,0.0,5.77,6.91,6.63,13.54
2025-09-01,2025,South Zone,Andhra Pradesh,आन्ध्र प्रदेश,9.01,0.65,9.66,8.43,0.0,8.43,17.44,0.65,18.09
2025-09-01,2025,North-East Zone,Arunachal Pradesh,अरुणाचल प्रदेश,0.4,0.0,0.4,0.0,0.0,0.0,0.4,0.0,0.4
2025-09-01,2025,North-East Zone,Assam,असम,4.19,0.7,4.89,0.0,0.0,0.0,4.19,0.7,4.89
2025-09-01,2025,East Zone,Bihar,बिहार,3.3,7.26,10.56,5.27,0.04,5.31,8.57,7.3,15.87
2025-09-01,2025,West Zone,Chhattisgarh,छत्तीसगढ,17.98,0.04,18.02,5.99,0.0,5.99,23.97,0.04,24.01
2025-09-01,2025,North Zone,Delhi,दिल्ली,1.16,2.1,3.26,0.0,0.0,0.0,1.16,2.1,3.26
2025-09-01,2025,West Zone,Gujarat,गुजरात,2.87,6.06,8.93,0.15,0.04,0.19,3.02,6.1,9.12
2025-09-01,2025,North Zone,Haryana,हरियाणा,41.36,24.41,65.77,0.0,41.03,41.03,41.36,65.44,106.8
2025-09-01,2025,North Zone,Himachal Pradesh,हिमाचल प्रदेश,0.25,0.74,0.99,0.0,0.0,0.0,0.25,0.74,0.99
2025-09-01,2025,North Zone,Jammu & Kashmir,जम्मू और कश्मीर,1.68,0.9,2.58,0.0,0.0,0.0,1.68,0.9,2.58
2025-09-01,2025,East Zone,Jharkhand,झारखण्ड,3.12,1.21,4.33,0.0,0.0,0.0,3.12,1.21,4.33
2025-09-01,2025,South Zone,Karnataka,कर्नाटक,9.31,0.44,9.75,0.0,0.0,0.0,9.31,0.44,9.75
2025-09-01,2025,South Zone,Kerala,केरल,5.02,0.7,5.72,0.0,0.0,0.0,5.02,0.7,5.72
2025-09-01,2025,West Zone,Madhya Pradesh,मध्य प्रदेश,10.12,2.7,12.82,6.3,105.27,111.57,16.42,107.97,124.39
2025-09-01,2025,West Zone,Maharashtra,महाराष्ट्र,7.41,9.84,17.25,3.81,0.0,3.81,11.22,9.84,21.06
2025-09-01,2025,North-East Zone,Manipur,मणिपुर,0.5,0.0,0.5,0.0,0.0,0.0,0.5,0.0,0.5
2025-09-01,2025,North-East Zone,Meghalaya,मेघालय,0.26,0.03,0.29,0.0,0.0,0.0,0.26,0.03,0.29
2025-09-01,2025,North-East Zone,Mizoram,मिजोरम,0.24,0.0,0.24,0.0,0.0,0.0,0.24,0.0,0.24
2025-09-01,2025,North-East Zone,Nagaland,नागालैंड,0.48,0.0,0.48,0.0,0.0,0.0,0.48,0.0,0.48
2025-09-01,2025,East Zone,Odisha,ओडिशा,4.78,0.4,5.18,3.52,0.0,3.52,8.3,0.4,8.7
2025-09-01,2025,North Zone,Punjab,पंजाब,146.78,15.64,162.42,0.0,70.86,70.86,146.78,86.5,233.28
2025-09-01,2025,North Zone,Rajasthan,राजस्थान,0.26,23.07,23.33,0.0,0.0,0.0,0.26,23.07,23.33
2025-09-01,2025,South Zone,Tamil Nadu,तमिलनाडु,11.2,1.6,12.8,3.47,0.0,3.47,14.67,1.6,16.27
2025-09-01,2025,South Zone,Telangana,तेलंगाना,18.84,0.24,19.08,3.82,0.0,3.82,22.66,0.24,22.9
2025-09-01,2025,North-East Zone,Tripura,त्रिपुरा,0.4,0.05,0.45,0.0,0.0,0.0,0.4,0.05,0.45
2025-09-01,2025,North Zone,Uttar Pradesh,उत्तर प्रदेश,25.97,21.88,47.85,0.0,0.0,0.0,25.97,21.88,47.85
2025-09-01,2025,North Zone,Uttarakhand,उत्तराखण्ड,0.86,1.15,2.01,0.8,0.01,0.81,1.66,1.16,2.82
2025-09-01,2025,East Zone,West Bengal,पश्चिम बंगाल,1.14,6.63,7.77,5.77,0.0,5.77,6.91,6.63,13.54
2025-10-01,2025,South Zone,Andhra Pradesh,आन्ध्र प्रदेश,8.76,0.63,9.39,7.18,0.0,7.18,15.94,0.63,16.57
2025-10-01,2025,North-East Zone,Arunachal Pradesh,अरुणाचल प्रदेश,0.4,0.0,0.4,0.0,0.0,0.0,0.4,0.0,0.4
2025-10-01,2025,North-East Zone,Assam,असम,3.07,0.64,3.71,0.0,0.0,0.0,3.07,0.64,3.71
2025-10-01,2025,East Zone,Bihar,बिहार,3.74,7.66,11.4,3.99,0.0,3.99,7.73,7.66,15.39
2025-10-01,2025,West Zone,Chhattisgarh,छत्तीसगढ,18.69,0.02,18.71,3.14,0.0,3.14,21.83,0.02,21.85
2025-10-01,2025,North Zone,Delhi,दिल्ली,1.13,1.91,3.04,0.0,0.0,0.0,1.13,1.91,3.04
2025-10-01,2025,West Zone,Gujarat,गुजरात,2.43,6.24,8.67,0.19,0.01,0.2,2.62,6.25,8.87
2025-10-01,2025,North Zone,Haryana,हरियाणा,38.99,23.82,62.81,0.0,34.76,34.76,38.99,58.58,97.57
2025-10-01,2025,North Zone,Himachal Pradesh,हिमाचल प्रदेश,0.26,0.72,0.98,0.0,0.0,0.0,0.26,0.72,0.98
2025-10-01,2025,North Zone,Jammu & Kashmir,जम्मू और कश्मीर,1.41,0.86,2.27,0.0,0.0,0.0,1.41,0.86,2.27
2025-10-01,2025,East Zone,Jharkhand,झारखण्ड,3.09,0.95,4.04,0.0,0.0,0.0,3.09,0.95,4.04
2025-10-01,2025,South Zone,Karnataka,कर्नाटक,9.4,0.42,9.82,0.0,0.0,0.0,9.4,0.42,9.82
2025-10-01,2025,South Zone,Kerala,केरल,5.13,0.64,5.77,0.0,0.0,0.0,5.13,0.64,5.77
2025-10-01,2025,West Zone,Madhya Pradesh,मध्य प्रदेश,10.39,2.7,13.09,7.39,100.02,107.41,17.78,102.72,120.5
2025-10-01,2025,West Zone,Maharashtra,महाराष्ट्र,7.48,9.58,17.06,2.63,0.0,2.63,10.11,9.58,19.69
2025-10-01,2025,North-East Zone,Manipur,मणिपुर,0.38,0.0,0.38,0.0,0.0,0.0,0.38,0.0,0.38
2025-10-01,2025,North-East Zone,Meghalaya,मेघालय,0.16,0.03,0.19,0.0,0.0,0.0,0.16,0.03,0.19
2025-10-01,2025,North-East Zone,Mizoram,मिजोरम,0.19,0.02,0.21,0.0,0.0,0.0,0.19,0.02,0.21
2025-10-01,2025,North-East Zone,Nagaland,नागालैंड,0.47,0.0,0.47,0.0,0.0,0.0,0.47,0.0,0.47
2025-10-01,2025,East Zone,Odisha,ओडिशा,4.82,0.4,5.22,3.76,0.0,3.76,8.58,0.4,8.98
2025-10-01,2025,North Zone,Punjab,पंजाब,139.76,14.27,154.03,0.0,59.61,59.61,139.76,73.88,213.64
2025-10-01,2025,North Zone,Rajasthan,राजस्थान,0.3,20.31,20.61,0.0,0.0,0.0,0.3,20.31,20.61
2025-10-01,2025,South Zone,Tamil Nadu,तमिलनाडु,11.39,1.37,12.76,3.29,0.0,3.29,14.68,1.37,16.05
2025-10-01,2025,South Zone,Telangana,तेलंगाना,21.88,0.16,22.04,3.72,0.0,3.72,25.6,0.16,25.76
2025-10-01,2025,North-East Zone,Tripura,त्रिपुरा,0.49,0.04,0.53,0.0,0.0,0.0,0.49,0.04,0.53
2025-10-01,2025,North Zone,Uttar Pradesh,उत्तर प्रदेश,19.78,23.79,43.57,0.0,0.0,0.0,19.78,23.79,43.57
2025-10-01,2025,North Zone,Uttarakhand,उत्तराखण्ड,0.44,1.57,2.01,0.37,0.0,0.37,0.81,1.57,2.38
2025-10-01,2025,East Zone,West Bengal,पश्चिम बंगाल,1.22,6.58,7.8,2.49,0.0,2.49,3.71,6.58,10.29
2025-11-01,2025,South Zone,Andhra Pradesh,आन्ध्र प्रदेश,7.77,0.64,8.41,5.49,0.0,5.49,13.26,0.64,13.9
2025-11-01,2025,North-East Zone,Arunachal Pradesh,अरुणाचल प्रदेश,0.37,0.0,0.37,0.0,0.0,0.0,0.37,0.0,0.37
2025-11-01,2025,North-East Zone,Assam,असम,2.64,0.63,3.27,0.0,0.0,0.0,2.64,0.63,3.27
2025-11-01,2025,East Zone,Bihar,बिहार,3.64,7.11,10.75,2.12,0.0,2.12,5.76,7.11,12.87
2025-11-01,2025,West Zone,Chhattisgarh,छत्तीसगढ,17.29,0.01,17.3,2.61,0.0,2.61,19.9,0.01,19.91
2025-11-01,2025,North Zone,Delhi,दिल्ली,0.95,1.79,2.74,0.0,0.0,0.0,0.95,1.79,2.74
2025-11-01,2025,West Zone,Gujarat,गुजरात,2.37,6.4,8.77,0.1,0.0,0.1,2.47,6.4,8.87
2025-11-01,2025,North Zone,Haryana,हरियाणा,37.06,23.33,60.39,0.0,31.89,31.89,37.06,55.22,92.28
2025-11-01,2025,North Zone,Himachal Pradesh,हिमाचल प्रदेश,0.24,0.68,0.92,0.01,0.0,0.01,0.25,0.68,0.93
2025-11-01,2025,North Zone,Jammu & Kashmir,जम्मू और कश्मीर,1.37,0.76,2.13,0.0,0.0,0.0,1.37,0.76,2.13
2025-11-01,2025,East Zone,Jharkhand,झारखण्ड,2.86,0.93,3.79,0.0,0.0,0.0,2.86,0.93,3.79
2025-11-01,2025,South Zone,Karnataka,कर्नाटक,8.4,0.44,8.84,0.0,0.0,0.0,8.4,0.44,8.84
2025-11-01,2025,South Zone,Kerala,केरल,5.01,0.63,5.64,0.0,0.0,0.0,5.01,0.63,5.64
2025-11-01,2025,West Zone,Madhya Pradesh,मध्य प्रदेश,9.97,2.7,12.67,7.33,96.43,103.76,17.3,99.13,116.43
2025-11-01,2025,West Zone,Maharashtra,महाराष्ट्र,7.11,9.77,16.88,2.48,0.0,2.48,9.59,9.77,19.36
2025-11-01,2025,North-East Zone,Manipur,मणिपुर,0.34,0.0,0.34,0.0,0.0,0.0,0.34,0.0,0.34
2025-11-01,2025,North-East Zone,Meghalaya,मेघालय,0.14,0.04,0.18,0.0,0.0,0.0,0.14,0.04,0.18
2025-11-01,2025,North-East Zone,Mizoram,मिजोरम,0.2,0.02,0.22,0.0,0.0,0.0,0.2,0.02,0.22
2025-11-01,2025,North-East Zone,Nagaland,नागालैंड,0.45,0.0,0.45,0.0,0.0,0.0,0.45,0.0,0.45
2025-11-01,2025,East Zone,Odisha,ओडिशा,4.6,0.39,4.99,4.89,0.0,4.89,9.49,0.39,9.88
2025-11-01,2025,North Zone,Punjab,पंजाब,135.04,13.96,149.0,0.0,55.65,55.65,135.04,69.61,204.65
2025-11-01,2025,North Zone,Rajasthan,राजस्थान,0.25,19.11,19.36,0.0,0.0,0.0,0.25,19.11,19.36
2025-11-01,2025,South Zone,Tamil Nadu,तमिलनाडु,11.02,1.31,12.33,2.56,0.0,2.56,13.58,1.31,14.89
2025-11-01,2025,South Zone,Telangana,तेलंगाना,22.02,0.08,22.1,3.07,0.0,3.07,25.09,0.08,25.17
2025-11-01,2025,North-East Zone,Tripura,त्रिपुरा,0.48,0.01,0.49,0.0,0.0,0.0,0.48,0.01,0.49
2025-11-01,2025,North Zone,Uttar Pradesh,उत्तर प्रदेश,16.47,23.39,39.86,0.0,0.0,0.0,16.47,23.39,39.86
2025-11-01,2025,North Zone,Uttarakhand,उत्तराखण्ड,0.18,1.65,1.83,0.14,0.0,0.14,0.32,1.65,1.97
2025-11-01,2025,East Zone,West Bengal,पश्चिम बंगाल,0.89,6.47,7.36,1.88,0.0,1.88,2.77,6.47,9.24
2025-12-01,2025,South Zone,Andhra Pradesh,आन्ध्र प्रदेश,7.12,0.61,7.73,3.73,0.0,3.73,10.85,0.61,11.46
2025-12-01,2025,North-East Zone,Arunachal Pradesh,अरुणाचल प्रदेश,0.36,0.0,0.36,0.0,0.0,0.0,0.36,0.0,0.36
2025-12-01,2025,North-East Zone,Assam,असम,2.65,0.67,3.32,0.0,0.0,0.0,2.65,0.67,3.32
2025-12-01,2025,East Zone,Bihar,बिहार,2.86,6.72,9.58,0.67,0.0,0.67,3.53,6.72,10.25
2025-12-01,2025,West Zone,Chhattisgarh,छत्तीसगढ,18.14,0.02,18.16,2.35,0.0,2.35,20.49,0.02,20.51
2025-12-01,2025,North Zone,Delhi,दिल्ली,1.0,1.82,2.82,0.0,0.0,0.0,1.0,1.82,2.82
2025-12-01,2025,West Zone,Gujarat,गुजरात,2.46,6.24,8.7,0.1,0.0,0.1,2.56,6.24,8.8
2025-12-01,2025,North Zone,Haryana,हरियाणा,34.6,22.78,57.38,0.0,29.26,29.26,34.6,52.04,86.64
2025-12-01,2025,North Zone,Himachal Pradesh,हिमाचल प्रदेश,0.28,0.64,0.92,0.02,0.0,0.02,0.3,0.64,0.94
2025-12-01,2025,North Zone,Jammu & Kashmir,जम्मू और कश्मीर,1.52,0.79,2.31,0.0,0.0,0.0,1.52,0.79,2.31
2025-12-01,2025,East Zone,Jharkhand,झारखण्ड,2.58,0.9,3.48,0.0,0.0,0.0,2.58,0.9,3.48
2025-12-01,2025,South Zone,Karnataka,कर्नाटक,8.78,0.59,9.37,0.0,0.0,0.0,8.78,0.59,9.37
2025-12-01,2025,South Zone,Kerala,केरल,5.06,0.66,5.72,0.0,0.0,0.0,5.06,0.66,5.72
2025-12-01,2025,West Zone,Madhya Pradesh,मध्य प्रदेश,9.2,2.68,11.88,6.85,92.07,98.92,16.05,94.75,110.8
2025-12-01,2025,West Zone,Maharashtra,महाराष्ट्र,6.84,9.74,16.58,1.23,0.0,1.23,8.07,9.74,17.81
2025-12-01,2025,North-East Zone,Manipur,मणिपुर,0.31,0.0,0.31,0.0,0.0,0.0,0.31,0.0,0.31
2025-12-01,2025,North-East Zone,Meghalaya,मेघालय,0.12,0.02,0.14,0.0,0.0,0.0,0.12,0.02,0.14
2025-12-01,2025,North-East Zone,Mizoram,मिजोरम,0.2,0.01,0.21,0.0,0.0,0.0,0.2,0.01,0.21
2025-12-01,2025,North-East Zone,Nagaland,नागालैंड,0.44,0.0,0.44,0.0,0.0,0.0,0.44,0.0,0.44
2025-12-01,2025,East Zone,Odisha,ओडिशा,3.94,0.43,4.37,3.41,0.0,3.41,7.35,0.43,7.78
2025-12-01,2025,North Zone,Punjab,पंजाब,128.45,13.69,142.14,0.0,50.26,50.26,128.45,63.95,192.4
2025-12-01,2025,North Zone,Rajasthan,राजस्थान,0.21,17.77,17.98,0.0,0.0,0.0,0.21,17.77,17.98
2025-12-01,2025,South Zone,Tamil Nadu,तमिलनाडु,11.4,1.18,12.58,2.71,0.0,2.71,14.11,1.18,15.29
2025-12-01,2025,South Zone,Telangana,तेलंगाना,19.1,0.06,19.16,2.19,0.0,2.19,21.29,0.06,21.35
2025-12-01,2025,North-East Zone,Tripura,त्रिपुरा,0.39,0.02,0.41,0.0,0.0,0.0,0.39,0.02,0.41
2025-12-01,2025,North Zone,Uttar Pradesh,उत्तर प्रदेश,14.05,22.26,36.31,0.0,0.0,0.0,14.05,22.26,36.31
2025-12-01,2025,North Zone,Uttarakhand,उत्तराखण्ड,0.14,1.72,1.86,0.02,0.0,0.02,0.16,1.72,1.88
2025-12-01,2025,East Zone,West Bengal,पश्चिम बंगाल,0.68,6.05,6.73,0.87,0.0,0.87,1.55,6.05,7.6
2026-01-01,2026,South Zone,Andhra Pradesh,आन्ध्र प्रदेश,12.12,0.55,12.67,2.48,0.0,2.48,14.6,0.55,15.15
2026-01-01,2026,North-East Zone,Arunachal Pradesh,अरुणाचल प्रदेश,0.35,0.0,0.35,0.0,0.0,0.0,0.35,0.0,0.35
2026-01-01,2026,North-East Zone,Assam,असम,2.93,0.68,3.61,0.0,0.0,0.0,2.93,0.68,3.61
2026-01-01,2026,East Zone,Bihar,बिहार,2.7,6.44,9.14,0.07,0.0,0.07,2.77,6.44,9.21
2026-01-01,2026,West Zone,Chhattisgarh,छत्तीसगढ,18.72,0.09,18.81,1.32,0.0,1.32,20.04,0.09,20.13
2026-01-01,2026,North Zone,Delhi,दिल्ली,1.18,2.0,3.18,0.0,0.0,0.0,1.18,2.0,3.18
2026-01-01,2026,West Zone,Gujarat,गुजरात,2.34,6.34,8.68,0.1,0.0,0.1,2.44,6.34,8.78
2026-01-01,2026,North Zone,Haryana,हरियाणा,32.36,21.81,54.17,0.0,26.95,26.95,32.36,48.76,81.12
2026-01-01,2026,North Zone,Himachal Pradesh,हिमाचल प्रदेश,0.3,0.7,1.0,0.03,0.0,0.03,0.33,0.7,1.03
2026-01-01,2026,North Zone,Jammu & Kashmir,जम्मू और कश्मीर,1.63,0.69,2.32,0.0,0.0,0.0,1.63,0.69,2.32
2026-01-01,2026,East Zone,Jharkhand,झारखण्ड,2.45,0.85,3.3,0.0,0.0,0.0,2.45,0.85,3.3
2026-01-01,2026,South Zone,Karnataka,कर्नाटक,8.02,0.78,8.8,0.0,0.0,0.0,8.02,0.78,8.8
2026-01-01,2026,South Zone,Kerala,केरल,4.86,0.64,5.5,0.0,0.0,0.0,4.86,0.64,5.5
2026-01-01,2026,West Zone,Madhya Pradesh,मध्य प्रदेश,7.86,2.63,10.49,6.84,87.88,94.72,14.7,90.51,105.21
2026-01-01,2026,West Zone,Maharashtra,महाराष्ट्र,6.51,9.55,16.06,0.51,0.0,0.51,7.02,9.55,16.57
2026-01-01,2026,North-East Zone,Manipur,मणिपुर,0.32,0.0,0.32,0.0,0.0,0.0,0.32,0.0,0.32
2026-01-01,2026,North-East Zone,Meghalaya,मेघालय,0.16,0.03,0.19,0.0,0.0,0.0,0.16,0.03,0.19
2026-01-01,2026,North-East Zone,Mizoram,मिजोरम,0.22,0.01,0.23,0.0,0.0,0.0,0.22,0.01,0.23
2026-01-01,2026,North-East Zone,Nagaland,नागालैंड,0.43,0.0,0.43,0.0,0.0,0.0,0.43,0.0,0.43
2026-01-01,2026,East Zone,Odisha,ओडिशा,4.01,0.43,4.44,4.21,0.0,4.21,8.22,0.43,8.65
2026-01-01,2026,North Zone,Punjab,पंजाब,127.74,13.37,141.11,0.0,45.52,45.52,127.74,58.89,186.63
2026-01-01,2026,North Zone,Rajasthan,राजस्थान,0.29,16.02,16.31,0.0,0.0,0.0,0.29,16.02,16.31
2026-01-01,2026,South Zone,Tamil Nadu,तमिलनाडु,11.24,1.11,12.35,1.4,0.0,1.4,12.64,1.11,13.75
2026-01-01,2026,South Zone,Telangana,तेलंगाना,17.94,0.18,18.12,1.64,0.0,1.64,19.58,0.18,19.76
2026-01-01,2026,North-East Zone,Tripura,त्रिपुरा,0.36,0.02,0.38,0.0,0.0,0.0,0.36,0.02,0.38
2026-01-01,2026,North Zone,Uttar Pradesh,उत्तर प्रदेश,18.67,20.62,39.29,0.0,0.0,0.0,18.67,20.62,39.29
2026-01-01,2026,North Zone,Uttarakhand,उत्तराखण्ड,0.1,1.66,1.76,0.02,0.0,0.02,0.12,1.66,1.78
2026-01-01,2026,East Zone,West Bengal,पश्चिम बंगाल,0.6,5.93,6.53,0.24,0.0,0.24,0.84,5.93,6.77
2026-02-01,2026,South Zone,Andhra Pradesh,आन्ध्र प्रदेश,14.53,0.5,15.03,2.54,0.0,2.54,17.07,0.5,17.57
2026-02-01,2026,North-East Zone,Arunachal Pradesh,अरुणाचल प्रदेश,0.37,0.0,0.37,0.0,0.0,0.0,0.37,0.0,0.37
2026-02-01,2026,North-East Zone,Assam,असम,2.62,0.89,3.51,0.0,0.0,0.0,2.62,0.89,3.51
2026-02-01,2026,East Zone,Bihar,बिहार,3.09,6.51,9.6,1.89,0.0,1.89,4.98,6.51,11.49
2026-02-01,2026,West Zone,Chhattisgarh,छत्तीसगढ,17.75,0.12,17.87,0.76,0.0,0.76,18.51,0.12,18.63
2026-02-01,2026,North Zone,Delhi,दिल्ली,1.23,1.87,3.1,0.0,0.0,0.0,1.23,1.87,3.1
2026-02-01,2026,West Zone,Gujarat,गुजरात,2.19,6.08,8.27,0.1,0.0,0.1,2.29,6.08,8.37
2026-02-01,2026,North Zone,Haryana,हरियाणा,35.35,20.07,55.42,0.0,25.43,25.43,35.35,45.5,80.85
2026-02-01,2026,North Zone,Himachal Pradesh,हिमाचल प्रदेश,0.27,0.67,0.94,0.0,0.0,0.0,0.27,0.67,0.94
2026-02-01,2026,North Zone,Jammu & Kashmir,जम्मू और कश्मीर,1.74,0.6,2.34,0.0,0.0,0.0,1.74,0.6,2.34
2026-02-01,2026,East Zone,Jharkhand,झारखण्ड,2.92,0.66,3.58,0.02,0.0,0.02,2.94,0.66,3.6
2026-02-01,2026,South Zone,Karnataka,कर्नाटक,8.14,0.58,8.72,0.0,0.0,0.0,8.14,0.58,8.72
2026-02-01,2026,South Zone,Kerala,केरल,4.8,0.59,5.39,0.0,0.0,0.0,4.8,0.59,5.39
2026-02-01,2026,West Zone,Madhya Pradesh,मध्य प्रदेश,6.43,2.26,8.69,6.55,83.72,90.27,12.98,85.98,98.96
2026-02-01,2026,West Zone,Maharashtra,महाराष्ट्र,6.73,9.09,15.82,0.54,0.0,0.54,7.27,9.09,16.36
2026-02-01,2026,North-East Zone,Manipur,मणिपुर,0.35,0.0,0.35,0.0,0.0,0.0,0.35,0.0,0.35
2026-02-01,2026,North-East Zone,Meghalaya,मेघालय,0.22,0.03,0.25,0.0,0.0,0.0,0.22,0.03,0.25
2026-02-01,2026,North-East Zone,Mizoram,मिजोरम,0.24,0.01,0.25,0.0,0.0,0.0,0.24,0.01,0.25
2026-02-01,2026,North-East Zone,Nagaland,नागालैंड,0.33,0.0,0.33,0.0,0.0,0.0,0.33,0.0,0.33
2026-02-01,2026,East Zone,Odisha,ओडिशा,3.86,0.45,4.31,4.62,0.0,4.62,8.48,0.45,8.93
2026-02-01,2026,North Zone,Punjab,पंजाब,138.92,12.38,151.3,0.0,40.53,40.53,138.92,52.91,191.83
2026-02-01,2026,North Zone,Rajasthan,राजस्थान,0.25,13.91,14.16,0.0,0.0,0.0,0.25,13.91,14.16
2026-02-01,2026,South Zone,Tamil Nadu,तमिलनाडु,11.17,1.11,12.28,1.4,0.0,1.4,12.57,1.11,13.68
2026-02-01,2026,South Zone,Telangana,तेलंगाना,16.58,0.19,16.77,2.61,0.0,2.61,19.19,0.19,19.38
2026-02-01,2026,North-East Zone,Tripura,त्रिपुरा,0.38,0.05,0.43,0.0,0.0,0.0,0.38,0.05,0.43
2026-02-01,2026,North Zone,Uttar Pradesh,उत्तर प्रदेश,29.18,18.9,48.08,0.0,0.0,0.0,29.18,18.9,48.08
2026-02-01,2026,North Zone,Uttarakhand,उत्तराखण्ड,0.04,1.64,1.68,0.04,0.0,0.04,0.08,1.64,1.72
2026-02-01,2026,East Zone,West Bengal,पश्चिम बंगाल,1.25,5.73,6.98,1.25,0.0,1.25,2.5,5.73,8.23
2026-03-01,2026,South Zone,Andhra Pradesh,आन्ध्र प्रदेश,15.63,0.44,16.07,3.09,0.0,3.09,18.72,0.44,19.16
2026-03-01,2026,North-East Zone,Arunachal Pradesh,अरुणाचल प्रदेश,0.32,0.0,0.32,0.0,0.0,0.0,0.32,0.0,0.32
2026-03-01,2026,North-East Zone,Assam,असम,2.45,0.68,3.13,0.0,0.0,0.0,2.45,0.68,3.13
2026-03-01,2026,East Zone,Bihar,बिहार,2.99,6.66,9.65,5.53,0.0,5.53,8.52,6.66,15.18
2026-03-01,2026,West Zone,Chhattisgarh,छत्तीसगढ,17.07,0.06,17.13,1.82,0.0,1.82,18.89,0.06,18.95
2026-03-01,2026,North Zone,Delhi,दिल्ली,1.11,2.01,3.12,0.0,0.0,0.0,1.11,2.01,3.12
2026-03-01,2026,West Zone,Gujarat,गुजरात,2.66,5.74,8.4,0.1,0.0,0.1,2.76,5.74,8.5
2026-03-01,2026,North Zone,Haryana,हरियाणा,35.22,18.29,53.51,0.0,23.52,23.52,35.22,41.81,77.03
2026-03-01,2026,North Zone,Himachal Pradesh,हिमाचल प्रदेश,0.27,0.61,0.88,0.0,0.0,0.0,0.27,0.61,0.88
2026-03-01,2026,North Zone,Jammu & Kashmir,जम्मू और कश्मीर,1.8,0.53,2.33,0.0,0.0,0.0,1.8,0.53,2.33
2026-03-01,2026,East Zone,Jharkhand,झारखण्ड,3.08,0.65,3.73,0.28,0.0,0.28,3.36,0.65,4.01
2026-03-01,2026,South Zone,Karnataka,कर्नाटक,8.47,0.65,9.12,0.0,0.0,0.0,8.47,0.65,9.12
2026-03-01,2026,South Zone,Kerala,केरल,4.66,0.55,5.21,0.0,0.0,0.0,4.66,0.55,5.21
2026-03-01,2026,West Zone,Madhya Pradesh,मध्य प्रदेश,5.9,2.16,8.06,7.11,79.1,86.21,13.01,81.26,94.27
2026-03-01,2026,West Zone,Maharashtra,महाराष्ट्र,7.41,9.1,16.51,0.44,0.0,0.44,7.85,9.1,16.95
2026-03-01,2026,North-East Zone,Manipur,मणिपुर,0.32,0.0,0.32,0.0,0.0,0.0,0.32,0.0,0.32
2026-03-01,2026,North-East Zone,Meghalaya,मेघालय,0.24,0.02,0.26,0.0,0.0,0.0,0.24,0.02,0.26
2026-03-01,2026,North-East Zone,Mizoram,मिजोरम,0.2,0.01,0.21,0.0,0.0,0.0,0.2,0.01,0.21
2026-03-01,2026,North-East Zone,Nagaland,नागालैंड,0.19,0.0,0.19,0.0,0.0,0.0,0.19,0.0,0.19
2026-03-01,2026,East Zone,Odisha,ओडिशा,3.21,0.33,3.54,3.86,0.0,3.86,7.07,0.33,7.4
2026-03-01,2026,North Zone,Punjab,पंजाब,148.27,11.12,159.39,0.0,34.33,34.33,148.27,45.45,193.72
2026-03-01,2026,North Zone,Rajasthan,राजस्थान,0.24,11.95,12.19,0.0,0.0,0.0,0.24,11.95,12.19
2026-03-01,2026,South Zone,Tamil Nadu,तमिलनाडु,11.2,1.03,12.23,4.67,0.0,4.67,15.87,1.03,16.9
2026-03-01,2026,South Zone,Telangana,तेलंगाना,16.61,0.18,16.79,4.37,0.0,4.37,20.98,0.18,21.16
2026-03-01,2026,North-East Zone,Tripura,त्रिपुरा,0.37,0.05,0.42,0.0,0.0,0.0,0.37,0.05,0.42
2026-03-01,2026,North Zone,Uttar Pradesh,उत्तर प्रदेश,35.7,17.19,52.89,0.0,0.0,0.0,35.7,17.19,52.89
2026-03-01,2026,North Zone,Uttarakhand,उत्तराखण्ड,0.03,1.59,1.62,0.08,0.0,0.08,0.11,1.59,1.7
2026-03-01,2026,East Zone,West Bengal,पश्चिम बंगाल,0.92,5.61,6.53,2.82,0.0,2.82,3.74,5.61,9.35
2026-04-01,2026,South Zone,Andhra Pradesh,आन्ध्र प्रदेश,15.51,0.43,15.94,3.97,0.0,3.97,19.48,0.43,19.91
2026-04-01,2026,North-East Zone,Arunachal Pradesh,अरुणाचल प्रदेश,0.34,0.0,0.34,0.0,0.0,0.0,0.34,0.0,0.34
2026-04-01,2026,North-East Zone,Assam,असम,2.93,0.61,3.54,0.0,0.0,0.0,2.93,0.61,3.54
2026-04-01,2026,East Zone,Bihar,बिहार,3.3,7.25,10.55,11.53,0.0,11.53,14.83,7.25,22.08
2026-04-01,2026,West Zone,Chhattisgarh,छत्तीसगढ,15.66,0.07,15.73,2.91,0.0,2.91,18.57,0.07,18.64
2026-04-01,2026,North Zone,Delhi,दिल्ली,1.08,2.0,3.08,0.0,0.0,0.0,1.08,2.0,3.08
2026-04-01,2026,West Zone,Gujarat,गुजरात,3.19,5.69,8.88,0.1,0.0,0.1,3.29,5.69,8.98
2026-04-01,2026,North Zone,Haryana,हरियाणा,40.84,16.8,57.64,0.0,20.92,20.92,40.84,37.72,78.56
2026-04-01,2026,North Zone,Himachal Pradesh,हिमाचल प्रदेश,0.31,0.58,0.89,0.0,0.0,0.0,0.31,0.58,0.89
2026-04-01,2026,North Zone,Jammu & Kashmir,जम्मू और कश्मीर,1.95,0.66,2.61,0.0,0.0,0.0,1.95,0.66,2.61
2026-04-01,2026,East Zone,Jharkhand,झारखण्ड,3.56,0.52,4.08,1.07,0.0,1.07,4.63,0.52,5.15
2026-04-01,2026,South Zone,Karnataka,कर्नाटक,8.8,0.69,9.49,0.0,0.0,0.0,8.8,0.69,9.49
2026-04-01,2026,South Zone,Kerala,केरल,4.6,0.71,5.31,0.0,0.0,0.0,4.6,0.71,5.31
2026-04-01,2026,West Zone,Madhya Pradesh,मध्य प्रदेश,5.84,2.06,7.9,7.14,74.77,81.91,12.98,76.83,89.81
2026-04-01,2026,West Zone,Maharashtra,महाराष्ट्र,8.06,9.21,17.27,0.16,0.0,0.16,8.22,9.21,17.43
2026-04-01,2026,North-East Zone,Manipur,मणिपुर,0.35,0.0,0.35,0.0,0.0,0.0,0.35,0.0,0.35
2026-04-01,2026,North-East Zone,Meghalaya,मेघालय,0.18,0.02,0.2,0.0,0.0,0.0,0.18,0.02,0.2
2026-04-01,2026,North-East Zone,Mizoram,मिजोरम,0.16,0.01,0.17,0.0,0.0,0.0,0.16,0.01,0.17
2026-04-01,2026,North-East Zone,Nagaland,नागालैंड,0.16,0.0,0.16,0.0,0.0,0.0,0.16,0.0,0.16
2026-04-01,2026,East Zone,Odisha,ओडिशा,3.61,0.32,3.93,2.45,0.0,2.45,6.06,0.32,6.38
2026-04-01,2026,North Zone,Punjab,पंजाब,151.23,9.07,160.3,0.0,30.0,30.0,151.23,39.07,190.3
2026-04-01,2026,North Zone,Rajasthan,राजस्थान,0.24,10.18,10.42,0.0,0.0,0.0,0.24,10.18,10.42
2026-04-01,2026,South Zone,Tamil Nadu,तमिलनाडु,11.3,0.91,12.21,4.95,0.0,4.95,16.25,0.91,17.16
2026-04-01,2026,South Zone,Telangana,तेलंगाना,16.01,0.36,16.37,5.44,0.0,5.44,21.45,0.36,21.81
2026-04-01,2026,North-East Zone,Tripura,त्रिपुरा,0.28,0.04,0.32,0.0,0.0,0.0,0.28,0.04,0.32
2026-04-01,2026,North Zone,Uttar Pradesh,उत्तर प्रदेश,36.97,14.55,51.52,0.0,0.0,0.0,36.97,14.55,51.52
2026-04-01,2026,North Zone,Uttarakhand,उत्तराखण्ड,0.02,1.6,1.62,0.42,0.0,0.42,0.44,1.6,2.04
2026-04-01,2026,East Zone,West Bengal,पश्चिम बंगाल,1.22,6.11,7.33,4.13,0.0,4.13,5.35,6.11,11.46
2026-05-01,2026,South Zone,Andhra Pradesh,आन्ध्र प्रदेश,15.1,0.39,15.49,5.36,0.0,5.36,20.46,0.39,20.85
2026-05-01,2026,North-East Zone,Arunachal Pradesh,अरुणाचल प्रदेश,0.34,0.0,0.34,0.0,0.0,0.0,0.34,0.0,0.34
2026-05-01,2026,North-East Zone,Assam,असम,3.24,0.6,3.84,0.0,0.0,0.0,3.24,0.6,3.84
2026-05-01,2026,East Zone,Bihar,बिहार,3.17,7.63,10.8,7.89,0.0,7.89,11.06,7.63,18.69
2026-05-01,2026,West Zone,Chhattisgarh,छत्तीसगढ,16.81,0.16,16.97,2.32,0.0,2.32,19.13,0.16,19.29
2026-05-01,2026,North Zone,Delhi,दिल्ली,0.92,2.01,2.93,0.0,0.0,0.0,0.92,2.01,2.93
2026-05-01,2026,West Zone,Gujarat,गुजरात,3.26,5.51,8.77,0.1,0.22,0.32,3.36,5.73,9.09
2026-05-01,2026,North Zone,Haryana,हरियाणा,42.77,23.23,66.0,0.0,61.35,61.35,42.77,84.58,127.35
2026-05-01,2026,North Zone,Himachal Pradesh,हिमाचल प्रदेश,0.33,0.56,0.89,0.0,0.03,0.03,0.33,0.59,0.92
2026-05-01,2026,North Zone,Jammu & Kashmir,जम्मू और कश्मीर,1.74,0.68,2.42,0.0,0.0,0.0,1.74,0.68,2.42
2026-05-01,2026,East Zone,Jharkhand,झारखण्ड,3.53,0.43,3.96,1.53,0.0,1.53,5.06,0.43,5.49
2026-05-01,2026,South Zone,Karnataka,कर्नाटक,9.24,0.62,9.86,0.0,0.0,0.0,9.24,0.62,9.86
2026-05-01,2026,South Zone,Kerala,केरल,4.52,0.75,5.27,0.0,0.0,0.0,4.52,0.75,5.27
2026-05-01,2026,West Zone,Madhya Pradesh,मध्य प्रदेश,6.51,2.1,8.61,6.76,95.49,102.25,13.27,97.59,110.86
2026-05-01,2026,West Zone,Maharashtra,महाराष्ट्र,8.42,8.86,17.28,0.88,0.0,0.88,9.3,8.86,18.16
2026-05-01,2026,North-East Zone,Manipur,मणिपुर,0.36,0.0,0.36,0.0,0.0,0.0,0.36,0.0,0.36
2026-05-01,2026,North-East Zone,Meghalaya,मेघालय,0.15,0.01,0.16,0.0,0.0,0.0,0.15,0.01,0.16
2026-05-01,2026,North-East Zone,Mizoram,मिजोरम,0.19,0.01,0.2,0.0,0.0,0.0,0.19,0.01,0.2
2026-05-01,2026,North-East Zone,Nagaland,नागालैंड,0.28,0.0,0.28,0.0,0.0,0.0,0.28,0.0,0.28
2026-05-01,2026,East Zone,Odisha,ओडिशा,4.15,0.35,4.5,1.95,0.0,1.95,6.1,0.35,6.45
2026-05-01,2026,North Zone,Punjab,पंजाब,152.77,14.39,167.16,0.0,65.45,65.45,152.77,79.84,232.61
2026-05-01,2026,North Zone,Rajasthan,राजस्थान,0.24,14.71,14.95,0.0,0.0,0.0,0.24,14.71,14.95
2026-05-01,2026,South Zone,Tamil Nadu,तमिलनाडु,11.29,0.93,12.22,5.41,0.0,5.41,16.7,0.93,17.63
2026-05-01,2026,South Zone,Telangana,तेलंगाना,15.83,0.34,16.17,5.65,0.0,5.65,21.48,0.34,21.82
2026-05-01,2026,North-East Zone,Tripura,त्रिपुरा,0.31,0.03,0.34,0.0,0.0,0.0,0.31,0.03,0.34
2026-05-01,2026,North Zone,Uttar Pradesh,उत्तर प्रदेश,35.03,13.3,48.33,0.0,0.0,0.0,35.03,13.3,48.33
2026-05-01,2026,North Zone,Uttarakhand,उत्तराखण्ड,0.12,1.49,1.61,0.77,0.04,0.81,0.89,1.53,2.42
2026-05-01,2026,East Zone,West Bengal,पश्चिम बंगाल,1.21,6.29,7.5,5.55,0.0,5.55,6.76,6.29,13.05
2026-06-01,2026,South Zone,Andhra Pradesh,आन्ध्र प्रदेश,15.36,0.42,15.78,7.09,0.0,7.09,22.45,0.42,22.87
2026-06-01,2026,North-East Zone,Arunachal Pradesh,अरुणाचल प्रदेश,0.39,0.0,0.39,0.0,0.0,0.0,0.39,0.0,0.39
2026-06-01,2026,North-East Zone,Assam,असम,3.42,0.57,3.99,0.0,0.0,0.0,3.42,0.57,3.99
2026-06-01,2026,East Zone,Bihar,बिहार,2.92,8.44,11.36,8.76,0.05,8.81,11.68,8.49,20.17
2026-06-01,2026,West Zone,Chhattisgarh,छत्तीसगढ,17.72,0.1,17.82,3.72,0.0,3.72,21.44,0.1,21.54
2026-06-01,2026,North Zone,Delhi,दिल्ली,0.74,2.12,2.86,0.0,0.0,0.0,0.74,2.12,2.86
2026-06-01,2026,West Zone,Gujarat,गुजरात,3.57,5.54,9.11,0.1,0.64,0.74,3.67,6.18,9.85
2026-06-01,2026,North Zone,Haryana,हरियाणा,44.01,28.54,72.55,0.0,82.62,82.62,44.01,111.16,155.17
2026-06-01,2026,North Zone,Himachal Pradesh,हिमाचल प्रदेश,0.3,0.57,0.87,0.0,0.02,0.02,0.3,0.59,0.89
2026-06-01,2026,North Zone,Jammu & Kashmir,जम्मू और कश्मीर,1.62,0.79,2.41,0.0,0.0,0.0,1.62,0.79,2.41
2026-06-01,2026,East Zone,Jharkhand,झारखण्ड,3.67,0.54,4.21,1.88,0.0,1.88,5.55,0.54,6.09
2026-06-01,2026,South Zone,Karnataka,कर्नाटक,9.52,0.8,10.32,0.0,0.0,0.0,9.52,0.8,10.32
2026-06-01,2026,South Zone,Kerala,केरल,4.85,0.74,5.59,0.0,0.0,0.0,4.85,0.74,5.59
2026-06-01,2026,West Zone,Madhya Pradesh,मध्य प्रदेश,7.27,2.75,10.02,6.32,169.89,176.21,13.59,172.64,186.23
2026-06-01,2026,West Zone,Maharashtra,महाराष्ट्र,8.14,9.06,17.2,1.2,0.0,1.2,9.34,9.06,18.4
2026-06-01,2026,North-East Zone,Manipur,मणिपुर,0.42,0.0,0.42,0.0,0.0,0.0,0.42,0.0,0.42
2026-06-01,2026,North-East Zone,Meghalaya,मेघालय,0.2,0.03,0.23,0.0,0.0,0.0,0.2,0.03,0.23
2026-06-01,2026,North-East Zone,Mizoram,मिजोरम,0.25,0.01,0.26,0.0,0.0,0.0,0.25,0.01,0.26
2026-06-01,2026,North-East Zone,Nagaland,नागालैंड,0.44,0.0,0.44,0.0,0.0,0.0,0.44,0.0,0.44
2026-06-01,2026,East Zone,Odisha,ओडिशा,4.53,0.35,4.88,2.67,0.0,2.67,7.2,0.35,7.55
2026-06-01,2026,North Zone,Punjab,पंजाब,153.25,25.42,178.67,0.0,119.17,119.17,153.25,144.59,297.84
2026-06-01,2026,North Zone,Rajasthan,राजस्थान,0.21,26.69,26.9,0.0,0.0,0.0,0.21,26.69,26.9
2026-06-01,2026,South Zone,Tamil Nadu,तमिलनाडु,11.14,1.07,12.21,2.73,0.0,2.73,13.87,1.07,14.94
2026-06-01,2026,South Zone,Telangana,तेलंगाना,16.92,0.41,17.33,6.65,0.0,6.65,23.57,0.41,23.98
2026-06-01,2026,North-East Zone,Tripura,त्रिपुरा,0.43,0.05,0.48,0.0,0.0,0.0,0.43,0.05,0.48
2026-06-01,2026,North Zone,Uttar Pradesh,उत्तर प्रदेश,32.84,22.45,55.29,0.0,0.0,0.0,32.84,22.45,55.29
2026-06-01,2026,North Zone,Uttarakhand,उत्तराखण्ड,0.04,1.51,1.55,0.71,0.05,0.76,0.75,1.56,2.31
2026-06-01,2026,East Zone,West Bengal,पश्चिम बंगाल,1.08,6.6,7.68,5.95,0.0,5.95,7.03,6.6,13.63
2026-07-01,2026,South Zone,Andhra Pradesh,आन्ध्र प्रदेश,15.31,0.41,15.72,7.95,0.0,7.95,23.26,0.41,23.67
2026-07-01,2026,North-East Zone,Arunachal Pradesh,अरुणाचल प्रदेश,0.36,0.0,0.36,0.0,0.0,0.0,0.36,0.0,0.36
2026-07-01,2026,North-East Zone,Assam,असम,3.02,0.56,3.58,0.0,0.0,0.0,3.02,0.56,3.58
2026-07-01,2026,East Zone,Bihar,बिहार,2.58,8.35,10.93,9.65,0.22,9.87,12.23,8.57,20.8
2026-07-01,2026,West Zone,Chhattisgarh,छत्तीसगढ,18.77,0.08,18.85,3.85,0.0,3.85,22.62,0.08,22.7
2026-07-01,2026,North Zone,Delhi,दिल्ली,0.9,2.21,3.11,0.0,0.0,0.0,0.9,2.21,3.11
2026-07-01,2026,West Zone,Gujarat,गुजरात,3.77,5.48,9.25,0.1,1.1,1.2,3.87,6.58,10.45
2026-07-01,2026,North Zone,Haryana,हरियाणा,45.3,28.34,73.64,0.0,79.4,79.4,45.3,107.74,153.04
2026-07-01,2026,North Zone,Himachal Pradesh,हिमाचल प्रदेश,0.28,0.58,0.86,0.0,0.01,0.01,0.28,0.59,0.87
2026-07-01,2026,North Zone,Jammu & Kashmir,जम्मू और कश्मीर,1.67,0.83,2.5,0.0,0.0,0.0,1.67,0.83,2.5
2026-07-01,2026,East Zone,Jharkhand,झारखण्ड,3.52,0.52,4.04,0.78,0.15,0.93,4.3,0.67,4.97
2026-07-01,2026,South Zone,Karnataka,कर्नाटक,8.91,1.05,9.96,0.0,0.0,0.0,8.91,1.05,9.96
2026-07-01,2026,South Zone,Kerala,केरल,4.89,0.71,5.6,0.0,0.0,0.0,4.89,0.71,5.6
2026-07-01,2026,West Zone,Madhya Pradesh,मध्य प्रदेश,8.09,2.78,10.87,5.93,164.98,170.91,14.02,167.76,181.78
2026-07-01,2026,West Zone,Maharashtra,महाराष्ट्र,7.96,9.25,17.21,1.97,0.0,1.97,9.93,9.25,19.18
2026-07-01,2026,North-East Zone,Manipur,मणिपुर,0.39,0.0,0.39,0.0,0.0,0.0,0.39,0.0,0.39
2026-07-01,2026,North-East Zone,Meghalaya,मेघालय,0.25,0.04,0.29,0.0,0.0,0.0,0.25,0.04,0.29
2026-07-01,2026,North-East Zone,Mizoram,मिजोरम,0.19,0.01,0.2,0.0,0.0,0.0,0.19,0.01,0.2
2026-07-01,2026,North-East Zone,Nagaland,नागालैंड,0.44,0.0,0.44,0.0,0.0,0.0,0.44,0.0,0.44
2026-07-01,2026,East Zone,Odisha,ओडिशा,4.63,0.33,4.96,3.16,0.0,3.16,7.79,0.33,8.12
2026-07-01,2026,North Zone,Punjab,पंजाब,154.25,25.16,179.41,0.0,114.85,114.85,154.25,140.01,294.26
2026-07-01,2026,North Zone,Rajasthan,राजस्थान,0.21,30.91,31.12,0.0,0.0,0.0,0.21,30.91,31.12
2026-07-01,2026,South Zone,Tamil Nadu,तमिलनाडु,10.78,1.1,11.88,4.5,0.0,4.5,15.28,1.1,16.38
2026-07-01,2026,South Zone,Telangana,तेलंगाना,19.37,0.37,19.74,6.61,0.0,6.61,25.98,0.37,26.35
2026-07-01,2026,North-East Zone,Tripura,त्रिपुरा,0.37,0.05,0.42,0.0,0.0,0.0,0.37,0.05,0.42
2026-07-01,2026,North Zone,Uttar Pradesh,उत्तर प्रदेश,30.82,28.5,59.32,0.0,0.0,0.0,30.82,28.5,59.32
2026-07-01,2026,North Zone,Uttarakhand,उत्तराखण्ड,0.22,1.46,1.68,0.7,0.05,0.75,0.92,1.51,2.43
2026-07-01,2026,East Zone,West Bengal,पश्चिम बंगाल,1.06,6.93,7.99,6.3,0.0,6.3,7.36,6.93,14.29
2026-08-01,2026,South Zone,Andhra Pradesh,आन्ध्र प्रदेश,15.56,0.41,15.97,9.12,0.0,9.12,24.68,0.41,25.09
2026-08-01,2026,North-East Zone,Arunachal Pradesh,अरुणाचल प्रदेश,0.37,0.0,0.37,0.0,0.0,0.0,0.37,0.0,0.37
2026-08-01,2026,North-East Zone,Assam,असम,3.03,0.65,3.68,0.0,0.0,0.0,3.03,0.65,3.68
2026-08-01,2026,East Zone,Bihar,बिहार,2.53,8.38,10.91,9.82,0.13,9.95,12.35,8.51,20.86
2026-08-01,2026,West Zone,Chhattisgarh,छत्तीसगढ,19.22,0.06,19.28,3.2,0.0,3.2,22.42,0.06,22.48
2026-08-01,2026,North Zone,Delhi,दिल्ली,0.76,2.33,3.09,0.0,0.0,0.0,0.76,2.33,3.09
2026-08-01,2026,West Zone,Gujarat,गुजरात,3.8,5.25,9.05,0.05,1.1,1.15,3.85,6.35,10.2
2026-08-01,2026,North Zone,Haryana,हरियाणा,44.09,28.12,72.21,0.0,76.26,76.26,44.09,104.38,148.47
2026-08-01,2026,North Zone,Himachal Pradesh,हिमाचल प्रदेश,0.29,0.66,0.95,0.0,0.0,0.0,0.29,0.66,0.95
2026-08-01,2026,North Zone,Jammu & Kashmir,जम्मू और कश्मीर,1.52,0.82,2.34,0.0,0.0,0.0,1.52,0.82,2.34
2026-08-01,2026,East Zone,Jharkhand,झारखण्ड,3.31,0.53,3.84,0.0,0.0,0.0,3.31,0.53,3.84
2026-08-01,2026,South Zone,Karnataka,कर्नाटक,9.24,0.84,10.08,0.0,0.0,0.0,9.24,0.84,10.08
2026-08-01,2026,South Zone,Kerala,केरल,4.99,0.67,5.66,0.0,0.0,0.0,4.99,0.67,5.66
2026-08-01,2026,West Zone,Madhya Pradesh,मध्य प्रदेश,7.73,2.83,10.56,5.29,160.26,165.55,13.02,163.09,176.11
2026-08-01,2026,West Zone,Maharashtra,महाराष्ट्र,7.82,9.32,17.14,2.46,0.0,2.46,10.28,9.32,19.6
2026-08-01,2026,North-East Zone,Manipur,मणिपुर,0.34,0.0,0.34,0.0,0.0,0.0,0.34,0.0,0.34
2026-08-01,2026,North-East Zone,Meghalaya,मेघालय,0.27,0.03,0.3,0.0,0.0,0.0,0.27,0.03,0.3
2026-08-01,2026,North-East Zone,Mizoram,मिजोरम,0.22,0.01,0.23,0.0,0.0,0.0,0.22,0.01,0.23
2026-08-01,2026,North-East Zone,Nagaland,नागालैंड,0.46,0.0,0.46,0.0,0.0,0.0,0.46,0.0,0.46
2026-08-01,2026,East Zone,Odisha,ओडिशा,4.7,0.31,5.01,3.07,0.0,3.07,7.77,0.31,8.08
2026-08-01,2026,North Zone,Punjab,पंजाब,154.57,24.87,179.44,0.0,109.75,109.75,154.57,134.62,289.19
2026-08-01,2026,North Zone,Rajasthan,राजस्थान,0.22,28.58,28.8,0.0,0.0,0.0,0.22,28.58,28.8
2026-08-01,2026,South Zone,Tamil Nadu,तमिलनाडु,11.35,1.2,12.55,4.21,0.0,4.21,15.56,1.2,16.76
2026-08-01,2026,South Zone,Telangana,तेलंगाना,21.57,0.36,21.93,5.52,0.0,5.52,27.09,0.36,27.45
2026-08-01,2026,North-East Zone,Tripura,त्रिपुरा,0.4,0.05,0.45,0.0,0.0,0.0,0.4,0.05,0.45
2026-08-01,2026,North Zone,Uttar Pradesh,उत्तर प्रदेश,28.29,29.83,58.12,0.0,0.0,0.0,28.29,29.83,58.12
2026-08-01,2026,North Zone,Uttarakhand,उत्तराखण्ड,0.5,1.41,1.91,0.91,0.01,0.92,1.41,1.42,2.83
2026-08-01,2026,East Zone,West Bengal,पश्चिम बंगाल,1.18,7.58,8.76,6.33,0.0,6.33,7.51,7.58,15.09
2026-09-01,2026,South Zone,Andhra Pradesh,आन्ध्र प्रदेश,15.58,0.36,15.94,9.36,0.0,9.36,24.94,0.36,25.3
2026-09-01,2026,North-East Zone,Arunachal Pradesh,अरुणाचल प्रदेश,0.37,0.0,0.37,0.0,0.0,0.0,0.37,0.0,0.37
2026-09-01,2026,North-East Zone,Assam,असम,2.86,0.59,3.45,0.0,0.0,0.0,2.86,0.59,3.45
2026-09-01,2026,East Zone,Bihar,बिहार,2.72,8.42,11.14,7.83,0.06,7.89,10.55,8.48,19.03
2026-09-01,2026,West Zone,Chhattisgarh,छत्तीसगढ,18.44,0.02,18.46,2.59,0.0,2.59,21.03,0.02,21.05
2026-09-01,2026,North Zone,Delhi,दिल्ली,0.77,2.38,3.15,0.0,0.0,0.0,0.77,2.38,3.15
2026-09-01,2026,West Zone,Gujarat,गुजरात,3.58,5.03,8.61,0.18,0.77,0.95,3.76,5.8,9.56
2026-09-01,2026,North Zone,Haryana,हरियाणा,43.01,27.93,70.94,0.0,72.28,72.28,43.01,100.21,143.22
2026-09-01,2026,North Zone,Himachal Pradesh,हिमाचल प्रदेश,0.31,0.62,0.93,0.0,0.0,0.0,0.31,0.62,0.93
2026-09-01,2026,North Zone,Jammu & Kashmir,जम्मू और कश्मीर,1.13,0.82,1.95,0.0,0.0,0.0,1.13,0.82,1.95
2026-09-01,2026,East Zone,Jharkhand,झारखण्ड,3.1,0.54,3.64,0.0,0.0,0.0,3.1,0.54,3.64
2026-09-01,2026,South Zone,Karnataka,कर्नाटक,10.65,0.88,11.53,0.0,0.0,0.0,10.65,0.88,11.53
2026-09-01,2026,South Zone,Kerala,केरल,4.92,0.66,5.58,0.0,0.0,0.0,4.92,0.66,5.58
2026-09-01,2026,West Zone,Madhya Pradesh,मध्य प्रदेश,7.71,2.79,10.5,4.68,155.7,160.38,12.39,158.49,170.88
2026-09-01,2026,West Zone,Maharashtra,महाराष्ट्र,7.55,9.5,17.05,2.89,0.0,2.89,10.44,9.5,19.94
2026-09-01,2026,North-East Zone,Manipur,मणिपुर,0.27,0.0,0.27,0.0,0.0,0.0,0.27,0.0,0.27
2026-09-01,2026,North-East Zone,Meghalaya,मेघालय,0.29,0.03,0.32,0.0,0.0,0.0,0.29,0.03,0.32
2026-09-01,2026,North-East Zone,Mizoram,मिजोरम,0.18,0.01,0.19,0.0,0.0,0.0,0.18,0.01,0.19
2026-09-01,2026,North-East Zone,Nagaland,नागालैंड,0.4,0.0,0.4,0.0,0.0,0.0,0.4,0.0,0.4
2026-09-01,2026,East Zone,Odisha,ओडिशा,4.62,0.27,4.89,2.27,0.0,2.27,6.89,0.27,7.16
2026-09-01,2026,North Zone,Punjab,पंजाब,153.53,24.35,177.88,0.0,98.53,98.53,153.53,122.88,276.41
2026-09-01,2026,North Zone,Rajasthan,राजस्थान,0.15,25.84,25.99,0.0,0.0,0.0,0.15,25.84,25.99
2026-09-01,2026,South Zone,Tamil Nadu,तमिलनाडु,11.42,1.13,12.55,4.22,0.0,4.22,15.64,1.13,16.77
2026-09-01,2026,South Zone,Telangana,तेलंगाना,23.48,0.21,23.69,2.79,0.0,2.79,26.27,0.21,26.48
2026-09-01,2026,North-East Zone,Tripura,त्रिपुरा,0.44,0.04,0.48,0.0,0.0,0.0,0.44,0.04,0.48
2026-09-01,2026,North Zone,Uttar Pradesh,उत्तर प्रदेश,25.36,29.71,55.07,0.0,0.0,0.0,25.36,29.71,55.07
2026-09-01,2026,North Zone,Uttarakhand,उत्तराखण्ड,0.6,1.29,1.89,1.01,0.01,1.02,1.61,1.3,2.91
2026-09-01,2026,East Zone,West Bengal,पश्चिम बंगाल,1.14,7.12,8.26,5.31,0.0,5.31,6.45,7.12,13.57
